"subq","tags"
"A00quad_0x0","53517 53521 53524 53526 80699 83836 83837 83838"
"A00quad_0x10","82465 83818 83819 83820 83835"
"A00quad_0x15","28 53560 80692 83810 83811 83812 83813"
"A00quad_0x5","50441 50625 53527 53528 53530 53531 53532 53533 80688 83832 83833 83834"
"A00quad_10x0","53546 54501 54503 54504 83866 83872 83877 83882 83890"
"A00quad_10x10","53573 53575 80696 83848 83869 83879 83881 83883 83884"
"A00quad_10x15","53582 53583 53584 53585"
"A00quad_10x5","36 54505 54506 54507 54509 54513 57 83874"
"A00quad_15x0","54502 54529 54530 80684 80689 83867 83868 83873"
"A00quad_15x10","43 50646 52232 52233 52235 53569 53599 53600 80697 81471 81472 83815 83847 8385 83853 83854 83863 83864"
"A00quad_15x15","53586 53587 53589 53591 53592 53595 53598 83801 83802 83803 83805 83839 83840 83843 83850"
"A00quad_15x5","46 50644 54517 54518 54520 54521 54523 54525 54526 54527 80687 83856 83859 83865"
"A00quad_5x0","10 53543 53544 53545 53547 53549 53550 53551 53553 83821 83823 83825 83829"
"A00quad_5x10","53567 83816 83817 83831 83876"
"A00quad_5x15","32 37 38 53566 83804 83806 83807"
"A00quad_5x5","44 50626 53534 53535 53538 53541 53542 83826 83827 83828 83857"
"A01quad_0x0","53562 83893 83894"
"A01quad_0x10","54542 54563 54564 83907 83908"
"A01quad_0x15","250 54543 54546 54549 83909"
"A01quad_0x5","239 54533 54534 54536 83895 83896 83897 83898 83899 83901 83902"
"A01quad_10x0","263 54597 54598 54599 54601 83708 83709"
"A01quad_10x10","266 271 273 54568 54570 54573 54575 83701 83702 83703 83892"
"A01quad_10x15","274 275 276 277 284 54579 54582 54583 54584 54585 83739 83740 83914"
"A01quad_10x5","265 54567 54600 54602"
"A01quad_15x0","210 262 54606 54607 54608 54611 54612 54614 83710 83711 83712"
"A01quad_15x10","294 54594 83704"
"A01quad_15x15","279 280 281 282 283 50804 54586 54590 54591 54592"
"A01quad_15x5","295 83705 83707"
"A01quad_5x0","204 205 237 238"
"A01quad_5x10","268 269 290 54557 54558 54559 54560 54565 83911 83912 83913"
"A01quad_5x15","291 50620 54550 54551 54554 83910"
"A01quad_5x5","241 54537 54538 54539 83903 83905 83906"
"A02quad_0x0","440 444 483 52040 52044 52045 52047 52162 53654 79201 79202 79203 79204"
"A02quad_0x10","508 52165 52166 52167 52180 52182 52184 79239 79240 79241 79242 79243 79244 79245 79246 79256"
"A02quad_0x15","502 504 52168 52169 52170 79273 79274 79275 79276 79277 79278"
"A02quad_0x5","484 512 513 515 52048 52145 52147 52148 52183 52185 527 79235 79236 79237 79238 82469"
"A02quad_10x0","52212 52217 525 79210 79211 79212 79213 79214 79215 79216 79217 79218 79231"
"A02quad_10x10","472 474 488 503 52193 52194 79249 79250 79251"
"A02quad_10x15","52195 52197 52198 52199 79257 79258 79259 79260 79261 79262 79263"
"A02quad_10x5","460 470 52219 79230 79232"
"A02quad_15x0","462 521 52207 52211 52225 52227 523 79219 79220 79221 79222 79223 79224"
"A02quad_15x10","477 478 479 52186 52187 52188 52189 52191 79252 79253 79254 79255"
"A02quad_15x15","52201 52202 52203"
"A02quad_15x5","461 464 465 466 519 520 52220 52221 52222 52223 79225 79227 79228 82466"
"A02quad_5x0","449 454 52157 52158 52159 52160 79205 79206 79207 79208 79209"
"A02quad_5x10","486 507 52172 52174 79247 79248"
"A02quad_5x15","499 500 52005 52171 79264 79265 79266 79267 79268 79269 79270 79271 79272"
"A02quad_5x5","457 459 52149 52150 52151 52152 52153 52154 52177 52178 79233"
"A03quad_0x0","493 530 534 540 550 552 554 79279 79280 79281"
"A03quad_0x10","50614 52009 654 664 79304"
"A03quad_0x15","676 678 680 79318 79319"
"A03quad_0x5","52003 646 650 79302 79303"
"A03quad_10x0","52027 52029 52032 556 558 79290 79291"
"A03quad_10x10","52023 52024 52025 588 592 79307 79309"
"A03quad_10x15","52015 52016 612 79314 79315 79316"
"A03quad_10x5","52026 52031"
"A03quad_15x0","52037 52038 568 79292 79293"
"A03quad_15x10","52021 52033 584"
"A03quad_15x15","52018 52019 596 602 79311 79312 79313"
"A03quad_15x5","52034 52035 52036 578 79294 79295 79296 79297 79298 79299"
"A03quad_5x0","52004 79282 79283 79284 79285 79286 79287 79288 79289"
"A03quad_5x10","52007 52008 668 79300 79305 79306"
"A03quad_5x15","52011 52012 52013 670 79317"
"A03quad_5x5","624 628 632 638 79301"
"A04quad_0x0","52050 52052 52053 52054 52056 52057 79320 79321"
"A04quad_0x10","52063 679 687 695 697 79340 79341"
"A04quad_0x15","52092 52093 52094 52096 699 79356 79357"
"A04quad_0x5","52058 675 677 721 79336 79337 79338"
"A04quad_10x0","52138 692 698 700 722 79326"
"A04quad_10x10","52102 52111 52112 52143 728 736 738 740 79345 79346 79347"
"A04quad_10x15","52103 52113 732 742 750 79351 79352 79353"
"A04quad_10x5","52075 52076 52131 52139 52141 52144 79331 79332 79333"
"A04quad_15x0","52130 79323 79328"
"A04quad_15x10","50808 52120 52123 79348 79349"
"A04quad_15x15","52118 52119 758 79350"
"A04quad_15x5","52127 52128 52129 712 79329 79330"
"A04quad_5x0","52080 52081 52082 52083 52084 52086 52087 723 733 735 737 79322 79325 79327 82468"
"A04quad_5x10","52072 52106 52107 52110 707 709 711 79339 79342 79343"
"A04quad_5x15","52097 52104 703 746 752 79354 79355"
"A04quad_5x5","52068 52069 52070 52071 52073 52074 52077 52078 52079 719 725 729 79334 79335"
"A05quad_0x0","52236 52237 52238 849 853"
"A05quad_0x10","50809 52251 52252 52253 52254 79371 79374 79375 867 881"
"A05quad_0x15","52256 52257 52259 52261 52262 79382 79383 79384 79385 79386 79387 873 877"
"A05quad_0x5","52243 79370 79372 855 857"
"A05quad_10x0","52309 52310 52311 79361 79362 79363 838 844"
"A05quad_10x10","52282 52286 52287 52288 79377 79378 79379 852 860"
"A05quad_10x15","52289 52291 52292 52294 79388 79389 79390 79391 862"
"A05quad_10x5","52313 52316 79366 79367 79368 848"
"A05quad_15x0","52322 52323 52325 79364 79365"
"A05quad_15x10","52302 52303 52305 52307 79380 79381 882 884 886"
"A05quad_15x15","52297 52299 52300 79392 868 870 872"
"A05quad_15x5","52317 52318 52319 52320 846 890"
"A05quad_5x0","52250 917"
"A05quad_5x10","52273 52274 52275 52277 52279 52280 52281 899 903 905 907"
"A05quad_5x15","52264 52265 52266 52267 52269 52270 887 893"
"A05quad_5x5","52247 52248 52249 79369 913"
"A06quad_0x0","1003 52263 52326 54009 79393 79395 82467"
"A06quad_0x10","1029 52333 52348 52349 52350 52351 52352 79516"
"A06quad_0x15","1031 1035 1037 1041 1043 52353 52354 52356 52357 79551 79552 79553 79554"
"A06quad_0x5","1013 52328 52330 52332 52334 52335 79513 79515 82464"
"A06quad_10x0","52344 52380 52381 52382 79399 79400 79501 982 984"
"A06quad_10x10","1004 1012 52377 79523 79524 79526"
"A06quad_10x15","1018 1020 1022 1026 52364 52368 52369 79557 79558 79559 79560 79561 79643"
"A06quad_10x5","52384 52385 79508 79509 79510 986 988 992"
"A06quad_15x0","1050 52392 79502 79503 79504"
"A06quad_15x10","52376 79527 79529 79530 79531 79532 79533 79534"
"A06quad_15x15","52371 52372 79535 79536 79563"
"A06quad_15x5","1042 52387 52390 52391 79505 79506 79507 79528 994"
"A06quad_5x0","1077 52345 52347 79394 79396 79397 79398"
"A06quad_5x10","1067 1071 52336 52359 52360 79517 79518 79519 79520 79521"
"A06quad_5x15","1049 1055 1061 52365 79556"
"A06quad_5x5","1155 52337 52338 52340 52341 79512"
"A07quad_0x0","1161 52394 52396 52399 52400 79564 79565"
"A07quad_0x10","1173 1175 52403 79585 79586 79587"
"A07quad_0x15","1185 1195 1199 192536 192537 52424 52425 79541 79542"
"A07quad_0x5","1169 192535 52401 52404 79583 79584"
"A07quad_10x0","1152 1156 1162 52470 79567 79568 79569"
"A07quad_10x10","1184 52440 52445 52446 52447 79590 79591 79592 79593"
"A07quad_10x15","1182 1598 52432 52450 52451"
"A07quad_10x5","192526 192527 192528 192529 192530 192531 192532 192533 79658"
"A07quad_15x0","1216 52475 52476 52477 52478 79571 79572"
"A07quad_15x10","52463 52466 52468 54157 54158 79594"
"A07quad_15x15","52459 52460 52461 52464 79595 79597"
"A07quad_15x5","1208 1212 79573 79574 79575 79576"
"A07quad_5x0","1157 79566 79661"
"A07quad_5x10","1166 1168 1170 1213 1215 50812 52414 52438 52442 52444 52473 52474 79577 79578 79588 79589 79662"
"A07quad_5x15","1190 52426 52428 52431 52433 52436 52630 79537 79538 79540 79599 79600 79660"
"A07quad_5x5","1231 1237 52405 52408 52409 79570 79579 79580 79581 79582 79659"
"A08quad_0x0","1325 1327 52601 52603 52609 52610 52613 52666 79543 79545 82460"
"A08quad_0x10","1347 52634 52636 52637 52638 52640 52641 52642 52643 52645 52646 52682 52683 79616 79617 79618"
"A08quad_0x15","1355 1361 1363 52647 52651 52652 52653 52654 79640 79641 79642"
"A08quad_0x5","1335 1337 1345 52608 52614 52615 52616 52617 52619 79613 79614 79615"
"A08quad_10x0","1316 1320 1388 52713 52714 52715 52717 52718 52719 52745 79548 79549 79550 79606"
"A08quad_10x10","1334 52684 52685 52688 79623"
"A08quad_10x15","1344 52697 79633 79634"
"A08quad_10x5","1322 1326 1328 52626 52627 52721 52722 52724 52725 52727 52729 79611"
"A08quad_15x0","1374 1382 52743 52746 79601 79602 79603"
"A08quad_15x10","52706 52708 52710 79624 79625 79626 79627"
"A08quad_15x15","1340 52700 79628 79629 79630 79631 79632"
"A08quad_15x5","1372 52734 52737 52740 52741 79604 79605 79607 79608 79609 79610"
"A08quad_5x0","1203 1339 1397 1399 52629 79546 79547"
"A08quad_5x10","1385 1387 52622 52673 52675 52679 79619 79620 79621 79636 79638"
"A08quad_5x15","1369 1371 1373 1379 1381 52659 52660 52661 52663 52664 52668 52669 52670 52687 79637"
"A08quad_5x5","1351 52623 52624 52625 79612"
"A09quad_0x0","1497 1503 52747 52748 52749 52750 52751 52752 79663 79664 79665 79666 79667 79668 82500"
"A09quad_0x10","1523 52777 52778 79692 79693 79694 79695 79696"
"A09quad_0x15","52785 52786 52787 52792 52793 52794 52797 79816 79817 79818 79819 79821 79822"
"A09quad_0x5","1513 52755 52756 52757 52760 52761 79687 79688 79689 79690 79691"
"A09quad_10x0","1464 52845 79674 79675 82499"
"A09quad_10x10","52819 52820 52823 52824 79699 79700 79801"
"A09quad_10x15","1478 1488 52826 52828 79809"
"A09quad_10x5","52850 79678 79680"
"A09quad_15x0","50815 52859 52860 52862 52863 52866 79676 79677"
"A09quad_15x10","1482 1506 52836 52837 52838 52839 52840 52854 79802 79803"
"A09quad_15x15","52829 52830 52831 52832 79804 79805 79806 79807 79808"
"A09quad_15x5","50816 52856 79679"
"A09quad_5x0","52770 52772 52773 52774 52775 52848 79669 79670 79671 79672"
"A09quad_5x10","1535 1537 1539 52781 52805 52812 52813 52814 52817 79697 79698"
"A09quad_5x15","52799 52802 52803 52806 52807 52810 79810 79811 79812 79813 79814 79815"
"A09quad_5x5","1505 1543 1545 52758 52763 52765 52766 52768 52815 52816 79681 79682 79683 79684 79685 79686"
"A10quad_0x0","52867 52868 52870 52871 52872 52875 52876 79823 79824 79825 79826 79827"
"A10quad_0x10","1645 1655 52887 52911 52912 52913 52915 52917 52918 79850 79851 79852 79853 79854"
"A10quad_0x15","1657 52919 52923 52925 80009 80010 80011 82461"
"A10quad_0x5","1637 52877 52878 52880 52881 52885 79846 79847 79848 79849 79869"
"A10quad_10x0","1632 1640 52951 79831 79832 79833 79834"
"A10quad_10x10","1648 52933 52934 52935 52938 79860 79863 79867"
"A10quad_10x15","52940 52942 52943 80001 80002 80003 80006"
"A10quad_10x5","1626 1628 1642 1644 52953 52954 52955 52956 52957 79839 79840 79841"
"A10quad_15x0","52967 52969 52971 79835 79836"
"A10quad_15x10","1646 21731 52932 52947 52948 79862 79864 79866 79868"
"A10quad_15x15","1666 52941 52946 79820 79865"
"A10quad_15x5","1678 52962 79837 79838"
"A10quad_5x0","52904 52905 52906 52907 79828 79829 79830"
"A10quad_5x10","1679 52927 52928 52929 52931 79855 79856 79857 79858 79859 79861"
"A10quad_5x15","1675 1683 52926 80004 80005"
"A10quad_5x5","52889 52891 52893 52894 52895 52897 52901 52902 79842 79843 79844 79845"
"A11quad_0x0","1779 1873 52973 52974 52975 52978 80007 80008 80012 80013"
"A11quad_0x10","1805 1809 1811 1817 53004 53005 53006 53007 53010 53011 53012 53015"
"A11quad_0x15","1819 53016 53017 53018 53019 53020 80128 80133"
"A11quad_0x5","1781 1787 1791 1795 1799 52979 52981 52983 52984 52985 59980"
"A11quad_10x0","1740 53091 80018 80019 80020"
"A11quad_10x10","1762 1766 1841 1848 53029 53034 53037 53038 53039 53041 53042 80048 80049 80050 82463"
"A11quad_10x15","53045 53046 53047 53050 80125 80126 80134 80135 80141 80142 80143"
"A11quad_10x5","1754 1756 1758 53092 53093 80035 80036 80037 80038 80039 80040 80041 80042 80043"
"A11quad_15x0","1812 53112 53113 53114 53116 80021 80023 80024 80025"
"A11quad_15x10","53035 53058 53059 53060 53066 53070 53072 53073 53076 53078 53081 53084 53087 53089 53099 80034 80051 80052 80053 80137 80140"
"A11quad_15x15","1786 53052 53056 53061 53063 80138 80139 80144"
"A11quad_15x5","1804 53074 53096 53103 53104 53105 53109 80026 80027 80028 80029 80030 80031 80032 80033"
"A11quad_5x0","1853 1861 1863 1871 52994 52995 52999 80014 80015 80016 80017"
"A11quad_5x10","1823 1831 1835 1837 1839 1849 52992 53000 53022 53023 53030 80022 80046 80047"
"A11quad_5x15","1825 1829 53021 53025 53026 80136"
"A11quad_5x5","1797 52982 52987 52988 52996 80044 80045"
"A12quad_0x0","1965 53120 53128 53129 53132 53137 80111 80112 80121 80123 80124 80129 80130 80131 80132 80155 80162 80169"
"A12quad_0x10","1985 53164 53166 53167 53169 53170 53172 80174 80175 80177 80178 80179 8176"
"A12quad_0x15","1999 2001 2003 2005 2007 53174 53176 53177 53180 80171 80172 80173"
"A12quad_0x5","1966 1971 1981 2031 53138 53139 53140 53141 53144 53145 80102 80103 80104 80105 80106"
"A12quad_10x0","1774 1890 53162 53213 53215 53217 80109 80120 80152 80154 80156 80160 80165 80168"
"A12quad_10x10","53190 53191 53192 53194 53196 53224 53225 80186 80187 80188 80189 80190"
"A12quad_10x15","53197 53198 80157 80158 80159"
"A12quad_10x5","53219 53221 53222 53223 80110 80199"
"A12quad_15x0","1952 53233 80101 80161 80170"
"A12quad_15x10","1942 53203 53209 53210 80192 80193 80194 80195 80196 80197 80198"
"A12quad_15x15","1934 53200 53201 53204 53205 80150 80151 80153 80364 80636"
"A12quad_15x5","1912 53227 53229 53230 80118"
"A12quad_5x0","2043 2049 53118 53119 53122 53125 53126 53127 53159 80122 80145 80146 80147 80164 80166 80167"
"A12quad_5x10","53186 53187 80180 80181 80182 80183 80184 80185"
"A12quad_5x15","53181 53182 53185"
"A12quad_5x5","2037 53147 53148 53149 53151 53152 53153 53154 80107 80113 80114 80115 80116 80117"
"A13quad_0x0","53237"
"A13quad_0x10","2173 53257 80316 80317 80318 80319"
"A13quad_0x15","2175 2191 53259 80348 80349 80350 80351 80352"
"A13quad_0x5","80312 80313 80314"
"A13quad_10x0","2064 53298 80569 80594 80595 80599 80600"
"A13quad_10x10","2092 53268 53269 53270 53271 53272 53274 53306 80320 80321 80323 80324 80325 8322"
"A13quad_10x15","2104 2106 53275 53276 80343 80344"
"A13quad_10x5","53296 53299 53302 53304 53305 80309 80597"
"A13quad_15x0","53312 53314 53315 53316 80301 80302 80592 80593 80598"
"A13quad_15x10","2124 2126 53286 53288 53289 80326 80327 80328 80329 80330 80331 80332 80333 80334 80335"
"A13quad_15x15","2108 2114 2116 2118 2122 53279 53280 53281 53282 53283 80336 80337 80338 80339 80340 80342"
"A13quad_15x5","2132 53308 80304 80306 80307 82498"
"A13quad_5x0","2221 2223 2225 2229 2231 53183 53184 53252 53253 80585 80596"
"A13quad_5x10","53250 80305"
"A13quad_5x15","2203 2205 53261 53264 80345 80346 80347"
"A13quad_5x5","53248 53249 80310 80311"
"A14quad_0x0","53320 53322 80353 80354"
"A14quad_0x10","2299 2309 53333 53338 53339 80398 80400"
"A14quad_0x15","2323 53335 80399 81355 81356 81357"
"A14quad_0x5","2291 53324 53326 80377 80378"
"A14quad_10x0","2228 53369 53370 53371 53372 53373 53374 53377 53379 80356 80361"
"A14quad_10x10","2256 53347 53348 53350 53387 80388 80389 80390 80392 80393"
"A14quad_10x15","53353 53354 81348 81349 81350 81351 81352 84347"
"A14quad_10x5","53378 53381 53383 80381 80382"
"A14quad_15x0","2316 2359 53397 53398 53400 80362 80365 80366 80367 80368 80369 80370 80371"
"A14quad_15x10","2266 2268 53362 53388 55201 80383 80384 80385 80386 80387"
"A14quad_15x15","53356 53359 53360 53361 81346"
"A14quad_15x5","2302 53385 53391 53393 80372 80373 80374 80375 80376"
"A14quad_5x0","2349 53329 53330 80355 80358 80359 80360"
"A14quad_5x10","2333 80395 80396"
"A14quad_5x15","2329 2331 53342 53343 53344 81353 81354"
"A14quad_5x5","2345 2347 80379 80380 80397"
"A15quad_0x0","2429 53405 53407 81301 81302 81303 81304"
"A15quad_0x10","53427 53428 53429 53431 53432 81332 81333 81334 81335 81336 81337 81338 81339"
"A15quad_0x15","53437 53441 53444 80525 80526 80527 80528"
"A15quad_0x5","2439 2461 53409 53410 53412 53413 53414 53416 53418 81328 81329 81331 82497"
"A15quad_10x0","53503 81310 81311 81312 81313"
"A15quad_10x10","2404 50456 53457 53464 53468 81341 81342 81343 81344"
"A15quad_10x15","53470 53471 53472 53473 53476 53478 53480 80516 80517"
"A15quad_10x5","53502 81325 81326"
"A15quad_15x0","53513 53516 81314 81315 81316 81317 81318"
"A15quad_15x10","53460 53463 53485 53494 80502 80503 80504 80505 80506 81345"
"A15quad_15x15","43466 50824 53474 53475 53481 53482 53484 53491 53492 80507 80508 80509 80510 80511 80512 80513 80514 82496"
"A15quad_15x5","53500 53509 53510 53511 53512 55279 81319 81320 81321 81322 81323 81324"
"A15quad_5x0","53423 53504 81305 81306 81307 81308 81309"
"A15quad_5x10","53455 53459 81340"
"A15quad_5x15","53445 53447 53448 53449 53450 53452 80518 80519 80520 80521 80522 80523 80524"
"A15quad_5x5","2457 53421 81327"
"B00quad_0x0","52481 52482 52497 81531 81532 81550"
"B00quad_0x10","105 52500 77 81612 81613 81614 81615 81616 82 82495 83 84"
"B00quad_0x15","103 104 52501 52507 52508 52509 81636 81637 81639 81640 81641 81642 81643 81644"
"B00quad_0x5","52483 52484 52485 81618 81619 81620"
"B00quad_10x0","52493 81533"
"B00quad_10x10","185874 52555 52578 81551 81552 81553 81554 81555 81556 81601 81603 81604 81605 81606 81607 81608"
"B00quad_10x15","52511 52512 52523 52535 52556 52557 52558 81571 81572 81573 81626 81627"
"B00quad_10x5","52490 52574 81541 81544 81545 81546 81547 81548 81549 81624 81625"
"B00quad_15x0","52567 52568 52569 52570 52590 52594 81534 81535 81536"
"B00quad_15x10","52545 81557 81558 81559 81560 81561 81562 81563 81564"
"B00quad_15x15","52536 52541 81566 81567 81568 81569 82494"
"B00quad_15x5","52587 54486 81538 81539 81540 81542 81543"
"B00quad_5x0","50459 52494"
"B00quad_5x10","50835 52517 52518 52519 52520 52521 73 74 81609 81610 81617"
"B00quad_5x15","52513 52515 52516 81628 81629 81630 81631 81632 81633 81634 81635 85"
"B00quad_5x5","52487 52488 52491 81621 81622 81623"
"B01quad_0x0","190 193 52597 80634 80646 82492 82493"
"B01quad_0x10","227 228 51622"
"B01quad_0x15","229 50458 80745"
"B01quad_0x5","52598 80731 80732"
"B01quad_10x0","53601 80644 80701 80702 80703 80704 80705 80706 80707 80708 80709 80710 80728"
"B01quad_10x10","53621 53622 53623 53637 80737 80738"
"B01quad_10x15","196 197 53625 80742"
"B01quad_10x5","218 80729 80730 82490 82491"
"B01quad_15x0","180 183 52526 80711 80712 80713 80714 80715 80716 80717 80718 80719 80725"
"B01quad_15x10","212 213 214 53620 53638 80739 80740"
"B01quad_15x15","200 53628 53631 80741"
"B01quad_15x5","53635 53642 53643 80720 80721 80722 80723 80724 80726 80727"
"B01quad_5x0","80642 80643 80647 80648"
"B01quad_5x10","219 221 53618 80734 80735 80736"
"B01quad_5x15","230 231 2482 53609 53613 53617 80743"
"B01quad_5x5","186 187 189 216 223 52599"
"B02quad_0x0","2563 2617 53646 53647 53648 53649 53684 53685 80442 80443 80444 80445 80446 80447 80448"
"B02quad_0x10","2583 2585 2605 53687 80265 80276"
"B02quad_0x15","50826 53688 53690 53691 53694 80284 80286 80287 80294"
"B02quad_0x5","2575 53656 53657 53658 53659 53661 53665 80262 80263 80264"
"B02quad_10x0","53732 53736 53737 80251 80252 80253"
"B02quad_10x10","2504 53719 53721 53722 53723 53725 53726 80270"
"B02quad_10x15","2518 53718 80281"
"B02quad_10x5","2500 53739 53740 80255"
"B02quad_15x0","2534 2538 53729 53730 53759 80254"
"B02quad_15x10","2512 53710 53713 53714 53715 80272 80273 80274 80275 80277 80278"
"B02quad_15x15","53703 53704 53705 53706 53707 53709 80279 80280"
"B02quad_15x5","2508 53743 53746 80256"
"B02quad_5x0","2484 2488 2613 53669 53671 53672 53676 53677 53679 80449"
"B02quad_5x10","2601 53702 53724 80267 80268 80269"
"B02quad_5x15","2595 53696 53697 53698 53699 53701 80282 80283"
"B02quad_5x5","2611 53662 53663 53664 53666 53667 80257 80258 80259 80260 80261"
"B03quad_0x0","529 533 53693 537 53765 541 80401 80402 80403 80404 80405 80406 80407"
"B03quad_0x10","53776 53777 53778 80428"
"B03quad_0x15","53780 663 80439 80440"
"B03quad_0x5","80425 80426 80427"
"B03quad_10x0","53824 53825 53826 53828 53829 53830 53831 53832 53835 80412"
"B03quad_10x10","53817 53818 53820 625 80431"
"B03quad_10x15","53798 53821 53822 611 621 80436"
"B03quad_10x5","53833 53834 53837 53842 573 575 80418 80419 80420"
"B03quad_15x0","53853 53854 53855 53856 585 80411 80413 80414 80415"
"B03quad_15x10","53816 587 607 80432 80433"
"B03quad_15x15","53799 53800 53802 53804 53806 53807 53808 53809 595 601 613 80434 80435"
"B03quad_15x5","53839 53841 53844 53845 53846 53847 53848 53849 80416 80417"
"B03quad_5x0","53768 53770 53771 53772 53774 53775 557 559 561 80408 80409 80410"
"B03quad_5x10","53791 53792 641 80429 80430"
"B03quad_5x15","53783 53784 53785 53787 53789 53790 635 639 80438"
"B03quad_5x5","53767 53769 53797 80422 80423 80424"
"B04quad_0x0","53857 53858 53859 704 743 745 747 749 753 80077 80246 80247 80248 80249"
"B04quad_0x10","53864 53878 53891 80088 80089"
"B04quad_0x15","53879 779 785 789 80097 80098 80099 80100"
"B04quad_0x5","708 769 771 80085 80086 80087"
"B04quad_10x0","53908 53910 768 770 80250"
"B04quad_10x10","53901 53902 80091"
"B04quad_10x15","53892 53893 53894 53895 800 804 805"
"B04quad_10x5","53852 53911 53912 53913 53914 53919 778 788 823"
"B04quad_15x0","53803 53905 53906 53930 5621 80079 80080 822"
"B04quad_15x10","53896 53898 53899 53900 796 80092 810"
"B04quad_15x15","53897 53903 80093 806"
"B04quad_15x5","53915 53920 53921 53922 53924 53925 53928 80081 80082 826"
"B04quad_5x0","53786 53874 53875 53876 82487 82488 835 837 839"
"B04quad_5x10","53867 53887 53888 53889 53890 80090 813 815 817"
"B04quad_5x15","53882 53883 793 797 80095 80096"
"B04quad_5x5","53865 53868 53869 53870 53871 80083 80084"
"B05quad_0x0","53954 53955 919 921"
"B05quad_0x10","52306 80230 80231 939 943 945"
"B05quad_0x15","53962 53963 80245 959"
"B05quad_0x5","50470 53933 53934 53937 53940 80228 80229 927 933 935 937"
"B05quad_10x0","53992 53999 54001 80221"
"B05quad_10x10","80235 80236 80237 922"
"B05quad_10x15","53986 80244"
"B05quad_10x5","80226"
"B05quad_15x0","154007 53989 53993 53994 53995 53996 53998 80222 80223"
"B05quad_15x10","53982 80238 80239 80240 956 958 964"
"B05quad_15x15","53979 80241 80242 80243 938 950"
"B05quad_15x5","54004 5705 5711 5713 80224 80225 968"
"B05quad_5x0","1001 53948 53950 80220 912 925 991 993 995"
"B05quad_5x10","53972 53973 80232 80233 80234 975 977"
"B05quad_5x15","53967 53971 961 965 967 969 971 973"
"B05quad_5x5","53939 53945 53946 53974 80227 931 987"
"B06quad_0x0","1083 1085 1087 1089 1093 54007 54008 54014 54026 79644 79645"
"B06quad_0x10","1113 1115 54029 54032 79453 79454 79455"
"B06quad_0x15","1121 1125 54035 54036 54037 79461"
"B06quad_0x5","1097 1099 1101 1105 1109 54013 54015 54016 79452"
"B06quad_10x0","1054 1151 54088 54089 54091 54092 54093 79647 79648 79649 79650 79652 79654 79657"
"B06quad_10x10","1076 54079 54080 54081 54083 54084 79459"
"B06quad_10x15","1078 1082 1084 1086 1108 54067 54069"
"B06quad_10x5","1064 1066 1147 54098 54100 54102 79493 79494 79495 79496 79497 79498 79499"
"B06quad_15x0","1068 54108 54109 54112 54113 79656"
"B06quad_15x10","1114 1116 1118 1120 54074 79457 79460"
"B06quad_15x15","82486"
"B06quad_15x5","54075 54103 54104 54105 54106 79500 79651"
"B06quad_5x0","1149 1153 54022 54023 79646"
"B06quad_5x10","1139 54058 54059 79458"
"B06quad_5x15","54041 54044 54045 54047 54057 79462 79463 79464 79466 79467 79468 82485 8888"
"B06quad_5x5","1145 54017 54021 79451"
"B07quad_0x0","54114 54115 54116 54150 54152 54153 79469 79470 79471 79472 79473 79474 79475 79476 79477"
"B07quad_0x10","1269 54154 54155 54156 54188 54190 54191 54192 54194 79423 79426 79427 79701"
"B07quad_0x15","1273 1277 54159 54161 54162 54165 54170 57720"
"B07quad_0x5","1247 1249 54117 54118 54119 54120 54122 54124 79416 79417 79418 79419 79420 79421 79422"
"B07quad_10x0","1224 1298 54255 54256 54257 54258 79450 79482 79488 79489 79490 79492"
"B07quad_10x10","1254 1258 1262 54230 54231 54235 54237 54239 54240 54241 54242 54243 54244 54245 54246 54247 79432 79433 79434 79435 79436"
"B07quad_10x15","1260 192542 54197 54199 54200 54201 54202 54248 54249 79441 79444 79446 79702"
"B07quad_10x5","1228 1232 1246 54262 54264 54268 79404 79405 79406 79407 79408 79409 79410"
"B07quad_15x0","54275 54276 79401 79402 79403 79491"
"B07quad_15x10","1284 1290 54211 54213 54214 54215 54216 54217 54218 54219 54220 54221 54222 54224 54225 54226 54228 79437 79438 79439 79440 79442 79443 79445"
"B07quad_15x15","1276 54203 54207 54208 54209 79448 79449"
"B07quad_15x5","1292 1308 54270 54271 54272"
"B07quad_5x0","1222 1319 54134 54140 54141 54143 54144 54145 54146 79478 79479 79480 79481 79483 79484 79485 79486 79487"
"B07quad_5x10","1252 1256 1295 1297 1299 1303 192540 192541 54179 54180 54182 54183 54184 54185 79428 79430 79431"
"B07quad_5x15","1289 1291 1293 54173 54174 54175 54178 79703 79704 79705 79706"
"B07quad_5x5","1311 1313 54129 54131 54132 54133 54135 54136 54137 54187 79411 79412 79413 79414 79415"
"B08quad_0x0","1405 1407 1409 1411 1413 1415 1417 1421 1425 54280 54283 54284 54305 79707 79708 79709"
"B08quad_0x10","54309 79738 79739 79740 79741 79742"
"B08quad_0x15","54310 54311 54312 54313 79874 79885 79888"
"B08quad_0x5","1427 1429 1439 1489 54286 54289 79736 79737"
"B08quad_10x0","1396 1452 54363 54364 54365 54366 79712 79716 79717 79718"
"B08quad_10x10","1404 1406 1414 79746 79747"
"B08quad_10x15","1426 54331 54332 54333 54334 54358 54359 79889 79894 79895 79896"
"B08quad_10x5","1398 54372 54381 54382 79728 79729 79730 79731"
"B08quad_15x0","1454 54360 54395 79719 79720 79721 79722"
"B08quad_15x10","1438 54329 54346 54347 54351 54353 54354 54356 79748 79749 79750 79870 79871 79872 82484"
"B08quad_15x15","1428 1430 1432 1442 54330 54339 54340 54341 54342 54343 54344"
"B08quad_15x5","1444 54384 54385 54387 54390 54391 79723 79724 79725 79726 79727"
"B08quad_5x0","1485 54298 54299 54301 79710 79711 79713 79714 79715"
"B08quad_5x10","1445 1467 1473 54323 54327 79743 79744 79745"
"B08quad_5x15","1463 54315 54316 54318 54319 54320 54321 79887 79890 79893 79897"
"B08quad_5x5","54292 54293 54294 54295 79732 79733 79734 79735"
"B09quad_0x0","1555 54396 54397 79789 79875 79876 79880 79883"
"B09quad_0x10","54406 54426 54427 54428 79762 79763 79764 79765"
"B09quad_0x15","1585 1587 185849 185850 54408 54409 54409.9 54410 82521"
"B09quad_0x5","1617 79759 79760 79761 82481 82482 82483"
"B09quad_10x0","1536 1538 1540 1582 1609 54473 54475 54478 54479 54480 79879 79886 79892"
"B09quad_10x10","1550 1564 50661 54459 54464 54465 79769 79770 79771"
"B09quad_10x15","1554 1558 1570 1572 54430 54431 54432 54433 54434 54435 54436 54438 79783 79784 79785 79786"
"B09quad_10x5","1546 54468 54481 54482 79753 79754 79755 79756"
"B09quad_15x0","1614 1820 54469 54470 54472 54474 54495 54496 54497 54498 54499 54500 79878 79884"
"B09quad_15x10","1560 1592 54446 54447 54450 54452 54454 54455 79772 79773 79774 79776 79777 79778"
"B09quad_15x15","1574 1584 54439 54440 54441 54443 54444 54448 79779 79780 79781 79782"
"B09quad_15x5","1604 54490 54491 54493 79751 79882 79891"
"B09quad_5x0","1611 1619 54401 79873 79877 79881"
"B09quad_5x10","1597 1599 1601 54417 54419 54420 54423 79766 79767 79768"
"B09quad_5x15","1589 1591 1595 54411 54413 54414 54416 54466 79787 79788"
"B09quad_5x5","54399 79757 79758 82480"
"B10quad_0x0","1715 79791 79792 79793 79794"
"B10quad_0x10","1721 1723 54723 54739"
"B10quad_0x15","1735 54725 54727 54728 54729 54730 54731 54732 54810 79933 79934 79935 79937"
"B10quad_0x5","54704 54705 54707 54708 79909 79910 79911"
"B10quad_10x0","1686 54771 54773 54774 54775"
"B10quad_10x10","1692 54760 54761 54762 54763 54780 79915 79916"
"B10quad_10x15","1702 54742 54743 54744 54746 54765 54766 54767 54768 79925 79926 79927 79928 79929 79930 79931"
"B10quad_10x5","1690 1700 54714 54781 79904 79905"
"B10quad_15x0","54769 54770 54790 54792 79800 79949 79950"
"B10quad_15x10","1718 1720 54752 54753 54755 54758 79917 79918 79919 79920 79921"
"B10quad_15x15","1712 54747 54748 54749 54750 79922 79923 79924"
"B10quad_15x5","1726 1730 54782 54783 54784 54785 54786 79901 79902 79903"
"B10quad_5x0","1694 1761 1763 1765 54717 54720 54721 79795 79797 79798 79799"
"B10quad_5x10","1698 1753 50685 54736 54738 79912 79913"
"B10quad_5x15","1737 1745 1747 79932"
"B10quad_5x5","1757 54715 79906 79907 79908"
"B11quad_0x0","1957 54793 79938"
"B11quad_0x10","185845 1893 54811 54813 54814 54815 54817 54847 54848 79993 79995 79996 79997"
"B11quad_0x15","1903 54818 54821 54823 54824 54826 54827 79998 79999 80000"
"B11quad_0x5","54796 54797 54798 54799 54849 54850 79951 79952 79953 79954 79955 79956 79957"
"B11quad_10x0","185847 52922 54900 54904 79936 79941 79943 79945 79948 80054 80055 80061"
"B11quad_10x10","54888 54892 54893 54895 54897 79983 79984 79985 79986 79987 79988 79989"
"B11quad_10x15","1852 1856 1858 1860 54852 54853 54854 54856 80209 80210 80211 80212 80213 80214"
"B11quad_10x5","54902 54908 54909 79964 79965 79966 79967 79968 79969 79970 79972"
"B11quad_15x0","185846 185848 54920 54921 54922 80056 80057 80058 80060"
"B11quad_15x10","54860 54861 54870 54871 54874 54875 54876 54882 54883 54885 54886 79973 79974 79975 79976 79977 79978 79979 79980 79981 79982"
"B11quad_15x15","1862 54857 54858 54862 54863 54864 54866 54867 54869 54873 80215 80216 80217 80218 80219"
"B11quad_15x5","1878 54889 54890 54910 54911 54912 54913 54914 54915 54916 54917 54918 54919 80059 80062 80063 80064 80065 80066 80067 80068 80069 80070 80071 80072 80073 80075 80076"
"B11quad_5x0","1949 54807 54809 79939 79940 79942 79944 79946 79947"
"B11quad_5x10","1923 54833 54834 54839 54840 54842 79990 79991 79994"
"B11quad_5x15","1913 1915 1917 1919 1929 1931 1933 54828 54829 54830 54831 80201 80202 80203 80204 80205 80206 80207 80208"
"B11quad_5x5","1937 1941 54802 54803 54805 54844 79958 79959 79960 79961 79962 79963"
"B12quad_0x0","2059 2063 2067 2069 54923 54924 80289 80290 80291 80292 80297 80299"
"B12quad_0x10","2085 54945 54946 54948 54972 54976 80493"
"B12quad_0x15","2097 2101 2103 2107 50821 54950 54951 54952 80605 80606 80607"
"B12quad_0x5","2077 2079 2081 2083 2135 54929 54931 54932 80488 80489 80490 80491 80492"
"B12quad_10x0","1960 54855 55024 55025 55026 55029 80456 80457 80458 80459 80460"
"B12quad_10x10","55003 55005 55006 55007 55009 55010 55011 55013 80499 80500 80601 80602"
"B12quad_10x15","2006 2008 54980 54982 54983 55016 55017 55018 80612 80613"
"B12quad_10x5","1972 1988 55031 55032 55033 55034 80473 80474 80475 80476 80477 80478 80479 80480"
"B12quad_15x0","2050 2052 55020 55022 55042 55043 55044 55045 55046 55047 55048 55049 80461 80462 80463 80464 80465 80466"
"B12quad_15x10","2024 2026 2030 2032 54993 54995 54996 54999 55000 55035 80603 80604"
"B12quad_15x15","2004 2022 54985 80614 80615 80616 80617 80618"
"B12quad_15x5","2036 2054 55036 55038 55039 55041 80467 80468 80469 80470 80471 80472"
"B12quad_5x0","2139 2145 2149 2157 54940 54941 80285 80293 80295 80296 80298 80300 80450 80451 80452 80453 80454 80455"
"B12quad_5x10","2125 50823 54962 54964 54966 54967 54968 54969 54970 80494 80495 80496 80497"
"B12quad_5x15","2119 2121 2123 54953 54955 54958 54959 54960 80608 80609 80610 80611"
"B12quad_5x5","2129 2137 54925 54933 54934 54935 54936 54939 80481 80482 80483 80484 80485 80486 80487"
"B13quad_0x0","55052 80619 80620"
"B13quad_0x10","2251 55077 55078 55080 80680 80681 80682 80700"
"B13quad_0x15","2265 53285 55082 55086 55088 80686 80690"
"B13quad_0x5","2239 2245 2249 55056 80653 80654 80655 80656 80657 80659 80672"
"B13quad_10x0","2150 2220 54981 55146 55148 55149 55152 55153 80623 80624"
"B13quad_10x10","2208 55119 55120 55130 55131 55133 55134 80676 80678"
"B13quad_10x15","2180 2182 2184 2188 2194 55096 55108 55136 55139 80693 80695"
"B13quad_10x5","55161 80663 80664 80665 80666 80667 80668 80669 80670 80671"
"B13quad_15x0","2224 55140 55143 55144 58374 58380 7041 80625 80651 80652"
"B13quad_15x10","55113 55115 55117 55118 55121 55122 55123 55128 80673 80674 80675"
"B13quad_15x15","2200 2206 55109 55112 80694"
"B13quad_15x5","2218"
"B13quad_5x0","2275 55068 55069 55071 55072 55073 55074 80621 80622"
"B13quad_5x10","2172 2271 55099 55103 80677 80679"
"B13quad_5x15","2267 55089 80691"
"B13quad_5x5","55050 55060 55062 55063 55065 80658 80660 80661 80662"
"B14quad_0x0","55166 55167 55191 80626 80629 80630"
"B14quad_0x10","55210 81509 81510"
"B14quad_0x15","185854 2381 2383 2389 55202 81530"
"B14quad_0x5","2361 2373 55165 55171 55175 55177 81504 81505 81506 81507 81508"
"B14quad_10x0","2326 2332 55238 55239 80635 80638 80639"
"B14quad_10x10","2342 2352 80628 81513 81514"
"B14quad_10x15","55214 81521 81522 81523 81524 81525"
"B14quad_10x5","2334 2340 55248 55249 80746 80747 80748"
"B14quad_15x0","185853 55261 55263 55267 55268 55269 80632 80633"
"B14quad_15x10","2376 2378 55223 55224 55229 55230 81515 81516 81517 81518 81519 81520"
"B14quad_15x15","2366 55218 55219 55221"
"B14quad_15x5","55252 55253 55255 55257 55258 55260 80637 80641 80649"
"B14quad_5x0","2417 2419 55187 55188 80631 80640 80645"
"B14quad_5x10","55179 55211 81511 81512"
"B14quad_5x15","2393 81526 81527 81528"
"B14quad_5x5","55180 55181 55182 55183 80749 81501 81502 81503"
"B15quad_0x0","55270 55271 55273 55306 81745"
"B15quad_0x10","2493 2497 2499 2503 55307 55308 55310 55313 55316 55330 81720 81722"
"B15quad_0x15","2507 2509 2511 2513 53490 55317 81581"
"B15quad_0x5","2483 2487 55276 55278 55282 55283 55287 55288 55289 81717 81718 81719"
"B15quad_10x0","55215 55362 55363"
"B15quad_10x10","2450 2452 2454 55347 55350 55352 81723"
"B15quad_10x15","2456 55333 55353 55354"
"B15quad_10x5","2541 55296 55365 55367 81711 81712 81713 81714"
"B15quad_15x0","2440 2470 2474 2480 55355 55356 55357 55373 55374 55376 81701 81749 81750"
"B15quad_15x10","2458 55344"
"B15quad_15x15","55334 55335 55338 81725"
"B15quad_15x5","55346 55369 55370 55371 81702 81703 81704 81705 81706 81707 81708 81709"
"B15quad_5x0","2547 2549 2553 55303 81746 81747 81748"
"B15quad_5x10","2533 2535 2537 55326 55327"
"B15quad_5x15","2523 2525 2527 2531 55321 55322 55325 81576 81578 81724"
"B15quad_5x5","2485 55290 55292 55294 81715 81716"
"C00quad_0x0","191996 192781 192783 192784 192785 192786 54630"
"C00quad_0x10","129 166 188576 188577 188578 188579 188580 52539 52543 54633 54636 54637 54638 54656"
"C00quad_0x15","192717 192718 192719 192720 192721 192722 52538"
"C00quad_0x5","188581 188582 188583 188584 188585 52588 54621 54622 54623"
"C00quad_10x0","143 146 150 163 192777 192778 192779 57006 57007"
"C00quad_10x10","188531 188532 188533 188534 188535 188536 188537 54659 54662 54665 54666 54667 54675 54698 54701"
"C00quad_10x15","188545 188546 54646 54674 54676 54679 54680"
"C00quad_10x5","188593 188594 188595 57011 57012 57013 57014 57015"
"C00quad_15x0","154 188598 188599 188600 192776 57019 57020 57023 57024"
"C00quad_15x10","138 188538 188539 188540 188541 54686 54693 54694 54695 54696 54697 54699 57004 57005"
"C00quad_15x15","135 137 188542 188543 188544 421 50115 54681 54682 54690 54691"
"C00quad_15x5","156 159 160 188596 188597 57016 57017 57018"
"C00quad_5x0","192780 54631"
"C00quad_5x10","125 188526 188527 188528 188529 188530 54648 54649 54650 54652 54653 54657"
"C00quad_5x15","188547 188548 188549 192723 192724 192725 54643 54645 54647 54677"
"C00quad_5x5","116 188586 188587 188588 188589 188590 188591 188592 54628"
"C01quad_0x0","191921 191923 191924 191925 191997 191998 191999 192000 192475 255 53645 57025 57028"
"C01quad_0x10","185857 190675 192726 192727 192729 53633 57051 57053 57055"
"C01quad_0x15","191935 191936 191937 308 57059 57061 57062"
"C01quad_0x5","191970 191972 191973 191974 299 57027"
"C01quad_10x0","185856 191909 191911 191912 191913 191914 191915 327 57124 57125"
"C01quad_10x10","185860 192738 192739 192740 192741 192742 57081 57082 57085 57087 57090 57093 57097"
"C01quad_10x15","191929 191930 191931 57096 57098 57100 57102 57103"
"C01quad_10x5","191953 191954 191955 191956 191957 191958 191959 313 57131"
"C01quad_15x0","191902 191903 191904 191905 191906 191907 191908 57137 57139 57141 57145 57147"
"C01quad_15x10","192743 192744 192745 192746 192747 192749 192750 348 57077 57115 57119 57120 57123"
"C01quad_15x15","185862 191926 191927 353 57109"
"C01quad_15x5","191901 19195 191952 326 333 336 337 57135 813805"
"C01quad_5x0","185855 191917 191918 191919 191920 191922 257 332 57026 57045 57048 57049 57128 57129"
"C01quad_5x10","192730 192731 192732 192733 192734 192735 192736 192737 344 347 57037 57071 57074 57075"
"C01quad_5x15","191932 191933 191934 316"
"C01quad_5x5","191916 191960 191961 191962 191963 191964 191965 191966 191967 191968 57035 57041 57042"
"C02quad_0x0","184020 184021 184022 184024 184074 184075 184823 2625 2629 53762 57149 57151 57153 57154 57157"
"C02quad_0x10","182025 182026 182027 182029 184051 185872 53711 53712 57196 57197 57199 57203 57205 57208"
"C02quad_0x15","184088 184089 184090 184091 2657 2661 53708 57204 57210"
"C02quad_0x5","18063 184052 184053 184054 184055 184056 184057 184058 184059 18406 184060 184061 184064 184065 2633 2639 53744 57160 57161 57163 57165 57166 57168 57169 57170"
"C02quad_10x0","184004 184005 184006 184007 184008 184009 184010 57193 57259 57265"
"C02quad_10x10","182037 182038 182039 182040 57224 57225 57226 57227 57228 57230 57232 57234"
"C02quad_10x15","184092 184094 184095 18493 57231 57238 57239 57240"
"C02quad_10x5","2552 57269 57270"
"C02quad_15x0","184002 184003"
"C02quad_15x10","18042 182041 182043 182046 184098 184099 2598 57255 57256"
"C02quad_15x15","184096 184097 57244 57246 57250 57252 57254"
"C02quad_15x5","184001 2602 57271 57272 57275"
"C02quad_5x0","184011 184012 184013 184014 184015 184016 184017 184072 184073 185871 2691 2695 2699 2707 57185 57186 57187 57188 57194 57195"
"C02quad_5x10","182030 182031 182032 182033 182034 182035 182036 184100 57179 57218 57221 57222"
"C02quad_5x15","57209 57213 57214"
"C02quad_5x5","184066 184067 184068 184069 184070 184071 57158 57175 57178 57181 57183"
"C03quad_0x0","2783 57211 57285 57286 82175 82176 82177 82178 82180"
"C03quad_0x10","82117 82118 82119 82120 82121"
"C03quad_0x15","57307 57309 57310 82116 82122"
"C03quad_0x5","2789 2793 57289 57291 82198 82199"
"C03quad_10x0","57353 57354 57355 82184 82185 82186 82187 82188 82189 82190 82191"
"C03quad_10x10","57319 57320 57323 57324 57326 57327 57350 82107 82108 82109 82110 82111"
"C03quad_10x15","2706 57330 57331 57332 57333 57334 57335 57336 82129 82130 82131 82145"
"C03quad_10x5","2696 57296 57352 57356 57357 57358 57359 57360 57361 57364 57365 82102 82103 82104"
"C03quad_15x0","57362 57372 57373 57374 57375 57376 82192"
"C03quad_15x10","2730 2736 57345 57346 57348 82105 82106"
"C03quad_15x15","2710 2720 57338 57341 82146 82147 82148 82149 82150 82151 82152 82153"
"C03quad_15x5","57351 57363 57367 57368 57369 82193 82194 82195 82196 82197"
"C03quad_5x0","57215 57297 57298 57299 57301 57303 82179 82181 82182 82183"
"C03quad_5x10","57317 82112 82113 82114 82115"
"C03quad_5x15","2811 57308 57312 57314 57315 57316 82123 82124 82125 82126 82127 82128"
"C03quad_5x5","57293 57295 57318 82200"
"C04quad_0x0","2803 4217 5617 57311 57380 81207 81215"
"C04quad_0x10","5641 5643 5645 57409 57411 81247 81248"
"C04quad_0x15","50832 5655 5659 5661 5663 5665 57412 57413 82518 82519"
"C04quad_0x5","5629 5633 81244"
"C04quad_10x0","185869 185873 5588 5666 57337 57457 57458 57462 57463 57465 57466 81218 81219 81220 81221 81228 82504"
"C04quad_10x10","5606 5608 5612 57433 57434 57435 57436 81495 81496 81497 82503"
"C04quad_10x15","57422 57423 57437 57440 57442 82169 82171 82173 82174"
"C04quad_10x5","5594 5634 57460 57461 57467 57468 57469 57471 57472 57474 81235 81236 81237 81241 81242 81243 82506 82507"
"C04quad_15x0","5656 81222 81223 81224 81225 81226 81227 82505"
"C04quad_15x10","55778 5616 5630 5642 57449 57450 57451 57452 57453 57454 57455 81488 81490 81491 81492 81493 81494 82166 82167"
"C04quad_15x15","5620 57443 57444 57445 57447 5759 82168 82170 82520"
"C04quad_15x5","185870 5654 57473 57475 57478 81229 81230 81231 81232 81233 81234 81238 81240 81330 82501 82502 82508"
"C04quad_5x0","185868 2805 5586 5697 57394 57398 57399 57400 57401 57402 57403 57405 57406 57408 81216 81217"
"C04quad_5x10","5649 5679 57426 57427 57428 57430 57431 81249 81498 81499"
"C04quad_5x15","5653 5669 5671 57417 57421"
"C04quad_5x5","5691 57388 57389 57390 57392 57395 57396 57397 81245 81246"
"C05quad_0x0","50856 5703 57481 57483 58514 75344"
"C05quad_0x10","5715 5719 57488 57489 57490 57500 57501 57502 57503 57504"
"C05quad_0x15","57507 57509 57510 81902 81903"
"C05quad_0x5","5709 57486 57487 81971 81972 81973"
"C05quad_10x0","5670 5672 57556 75348 75349 75350 75351 75352 75353 81979"
"C05quad_10x10","5686 5688 57522 57529 81917 81918 81919 81920 81921 81923 81924"
"C05quad_10x15","50112 5698 57526 57530 57532 57533 57537 81907 81908"
"C05quad_10x5","5678 5680 81974 81975"
"C05quad_15x0","5722 5724 5726 57562 57564 57565 57566 57567 81977 81978"
"C05quad_15x10","5714 81912 81913 81914 81915 81916"
"C05quad_15x15","55859 5706 5708 57539 57542 57544 57545 57546 81909 81910 81911 81922"
"C05quad_15x5","50108 5718 57558 57559 57560 57561 5827 5829 81976"
"C05quad_5x0","5735 5737 57497 57498 57499 75345 75346 75347"
"C05quad_5x10","57523 81925 81926 81927 81929 81930"
"C05quad_5x15","5725 57511 57512 57513 57516 57517 57519 81904 81905 81906"
"C05quad_5x5","57491 57492 57493 57494"
"C06quad_0x0","57569 57570 57571 57574 6065 6081 80529 80530 80531 80532"
"C06quad_0x10","80573"
"C06quad_0x15","57598 57599 81374 81375 81376 81377 81378"
"C06quad_0x5","57575 57576 57593 57594 80574"
"C06quad_10x0","57536 57647 57649 57651 57664 6073 6127 80537"
"C06quad_10x10","57620 57628 57643 6163 80564 80565 80566 80567"
"C06quad_10x15","57611 57633 57636 6157 6203 80555 80556 80557 80558"
"C06quad_10x5","57623 57653 57656 57660 6105 6107 6181 6187 80543 80544 80545 80546 80547 80548"
"C06quad_15x0","50858 57665 80538 80539 80540"
"C06quad_15x10","55959 55961 55962 6171 80559 80560 80561 80562 80563"
"C06quad_15x15","57638 57639 57641 6104"
"C06quad_15x5","57661 80541 80542"
"C06quad_5x0","57582 57583 57585 57650 6093 80533 80534 80535 80536"
"C06quad_5x10","57607 57608 57609 57610 57612 57614 80568 80570 80571 80572"
"C06quad_5x15","57601 57602 57603 57605 57606 6149 80552 80553 80554 81379"
"C06quad_5x5","185865 57578 57615 57616 57618 57624 6113 6117 80549 80550 80551 80575"
"C07quad_0x0","54278 57666 57669 57670 57671 6189 6193 6219 6223 81370 81371 81372 81373"
"C07quad_0x10","57679 57701 57704 57705 57706 57707 57709 57710 57711 6231 80577 80578 80579 80580 81397 81398 81399 81400"
"C07quad_0x15","57712 57716 57717 57718 57719 57722 57723 57725 57726 6251 80776 80777 80778 80779 80780 80781 80782 80784 80785 80787"
"C07quad_0x5","50855 57672 57673 57676 57677 57678 81395 81396"
"C07quad_10x0","50864 57769 57770 57772 57773 57775 6201 6275 81361 81362 81363 81364 81365 81366"
"C07quad_10x10","6315 80753 80754 80755 80756 80786"
"C07quad_10x15","57741 57747 57748 6299 6309 80772 80773 80774"
"C07quad_10x5","57776 57779 57780 57782 81386 81387 81388 81389"
"C07quad_15x0","57640 57794 57795 57797 57798 81358 81359 81360"
"C07quad_15x10","57759 57760 57761 57762 57763 57764 57765 57767 57789 6291 80757 80758 80759 80760 80761 80763 80764 80765"
"C07quad_15x15","57751 57757 6305 80766 80767 80768 80769 80770 80771"
"C07quad_15x5","57783 57786 57787 57788 57790 57793 6283 81380 81381 81382 81383 81384 81385"
"C07quad_5x0","57687 57688 57690 57691 57692 57694 57696 57697 57698 81367 81368 81369"
"C07quad_5x10","50675 57684 57700 80581 80582 80583 80584 80590 80591 80750 80751 80752"
"C07quad_5x15","57727 57728 57729 57734 57737 57740 57742 57743 6265 80775"
"C07quad_5x5","57681 57685 81390 81391 81392 81393 81394"
"C08quad_0x0","57801 57803 57804 57805 6325 80801 80802 80803"
"C08quad_0x10","57839 57840 57841 57842 80872 80873 80874 80875 80876 80877 80878 80879"
"C08quad_0x15","57843 57844 57846 57847 57848 57849 57850 57851 6377 80880 80881 80882 80883 80884 80885"
"C08quad_0x5","57807 57808 57809 57810 57811 57813 57814 6359 6361 6367 80823 80824"
"C08quad_10x0","57886 57887 57889 57893 57894 80808 80809 80810 80811 80812 80814"
"C08quad_10x10","57869 57907 6407 6411 80836 80837 80838"
"C08quad_10x15","57870 57871 57876 57877 80891 80892 80893"
"C08quad_10x5","57901 57904 57906 80830 80831 80832"
"C08quad_15x0","57918 57920 57925 57927 6341 6343 6349 80813 80815 80816 80817 80818 80819 80820 80821 80822"
"C08quad_15x10","57883 57884 57885 6451 80833 80834 80835"
"C08quad_15x15","57879 57881 80894 80895 80896 80897 80898 80899 80900"
"C08quad_15x5","57911 57912 57913 57914 57916 6345 6441 6463"
"C08quad_5x0","57828 57829 57835 57898 57899 6331 80804 80805 80806 80807"
"C08quad_5x10","57823 57863 57864 57865 57868 57874 6391 80839 80869 80870 80871"
"C08quad_5x15","57852 57855 57859 57862 80886 80887 80888 80889 80890"
"C08quad_5x5","57818 57820 57821 57822 57825 57900 57903 6297 6395 6401 80825 80826 80827 80828 80829"
"C09quad_0x0","57928 57932 57936 80840 80841 80842"
"C09quad_0x10","57965 57967 57968 57974 80914 80915 80916"
"C09quad_0x15","57972 6531 6533 6537 80913"
"C09quad_0x5","57940 57941 6493 6495 80851 80852 80853 80854 80855"
"C09quad_10x0","57956 57957 58011 58012 58013 58014 58015 58016 58017 58041 6479 80845"
"C09quad_10x10","57987 57988 57990 57991 57993 6529"
"C09quad_10x15","57994 57995 57996 57999 58001 80588 80589 80788 80792 80901 80902 80903 81000"
"C09quad_10x5","185866 57958 58018 58019 58021 58022 58026 6525 6527 6549 80857 80858 80859 80860 80861 80862 80863 80864"
"C09quad_15x0","58036 58038 58039 80846 80847 80848 80849 80850"
"C09quad_15x10","58007 58008 80920 80921 80922"
"C09quad_15x15","185861 58002 58003 58004 6583 80586 80587 80762 80789 80790 80791 80794 80795 80796 80798"
"C09quad_15x5","58027 58030 58032 58034 6517 6547 80866 80867 80868 80923"
"C09quad_5x0","57953 57955 57959 6473 6475 80843 80844"
"C09quad_5x10","57963 57980 57984 80917 80918 80919"
"C09quad_5x15","57973 57977 57979 58059 6535 6539 6585 80904 80905 80906 80907 80908 80909 80910 80911 80912"
"C09quad_5x5","57942 57943 57944 57947 57948 57949 6503 6505 6507 80856"
"C10quad_0x0","58045 58046 58048 58049 58050 5877 80797 80799 80800 84751 84777 84778 84798 84799 84800"
"C10quad_0x10","58061 75440 75441 75442 75474"
"C10quad_0x15","58062 75437 75439 75444 75445 75446 75447 75455"
"C10quad_0x5","58052 58053 58054 5881 5891 84766 84767 84768 84769"
"C10quad_10x0","58089 58091 5852 5858 84757 84758 84759 84760 84761 84762 84763"
"C10quad_10x10","58074 58075 5870 5874 5876 5878"
"C10quad_10x15","5073 58076 58077 75476"
"C10quad_10x5","58096 58097 58098 58101 58102 5866 84774 84775 84776"
"C10quad_15x0","58111 58112 58113 58114 58115 84764 84765"
"C10quad_15x10","58085 58086 5898 5902 84783"
"C10quad_15x15","57464 58081 58083 5896 75466 75467 75468 75469 75475"
"C10quad_15x5","58104 58110 5906 84780 84781 84782"
"C10quad_5x0","84752 84753 84754 84756"
"C10quad_5x10","58068 58070 58072 5907 75435 75443 75448"
"C10quad_5x15","185863 58065 58066 58067 58069 75450 75456 75465 75472"
"C10quad_5x5","58071 5921 84770 84771 84772 84773"
"C11quad_0x0","58118 6005 80924 80925"
"C11quad_0x10","58153 58154 58155 58158 75451 75452 75453 75457 75458 75459 75473 80975 80976 80977 80979"
"C11quad_0x15","185864 58161 58170 58171 58172 58173 58174 58176 75449 75460 75461 75462 75463 75470 75471 75477 75478"
"C11quad_0x5","58123 58124 80953 80954 80955"
"C11quad_10x0","58079 58080 58216 58217 58219 58220 7210 7212 7214 80933 80934 80935"
"C11quad_10x10","58204 58231 7226 80965 80966"
"C11quad_10x15","58191 58203 58206 58207 7234 7236 7238 7240 75489 75490 75491"
"C11quad_10x5","58222 58223 58227 58228 58229 7220 7222 7224 80960"
"C11quad_15x0","56563 58240 58241 58242 7288 7292 7296 80936 80937 80938 80939 80940 80941 80942"
"C11quad_15x10","56585 58200 58210 58211 58212 58213 7252 7254 7260 7262 80961 80962 80963 80964"
"C11quad_15x15","58208 58209 75492 75493 75494 75495 80997 80998 80999"
"C11quad_15x5","56567 56568 56569 56570 58225 58226 58230 58232 58234 58235 58238 58239 6047 7276 7280 80943 80944 80945 80946 80947 80948 80949 80950 80951 80952"
"C11quad_5x0","58141 58142 58145 58148 58149 58150 58151 58152 6023 6029 80926 80927 80928 80929 80930 80931 80932"
"C11quad_5x10","58190 58197 58198 80967 80968 80969 80970 80971 80972 80973 80974"
"C11quad_5x15","58178 58180 58182 58185 58187 58188 58189 58192 58193 58194 58195 6017 75479 75480 75481 75482 75483 75484 75485 75486 75487 75488"
"C11quad_5x5","58126 58127 58128 58131 58132 58134 58135 58136 58137 58138 58139 58140 80956 80957 80958 80959"
"C12quad_0x0","58245 58246 58247 58248 58249 6915 6919 80991 80992 80993 80994 80995 80996"
"C12quad_0x10","58286 58288 6933 75383 75384 75385 75386"
"C12quad_0x15","58294 58295 58296 58297 58298 58299 6941 6949 6951 75381 75382 75389"
"C12quad_0x5","58250 58251 58252 58253 58254 58255 58256 58257 6925 75419 75420 75421 75425 75426"
"C12quad_10x0","58334 58335 58337 58338 58339 75428 75429 75430 75496 75497 75498 75499 75500 80980 80981 80982 80983 80984"
"C12quad_10x10","58313 58314 58316 58317 58318 58319 58320 6532 6572"
"C12quad_10x15","58307 58324 6524 6526 6530 6534 6652 75374 75375 75376"
"C12quad_10x5","58342 58344 58345 58347 7398 7400 7404 75404 75405 75406 75407 75408 75409 75410 75411 75417"
"C12quad_15x0","58333 58358 58360 58361 58364 58365 58367 58368 58370 58371 75423 75424 75427"
"C12quad_15x10","58330 58331 58352 58353 75390 75391 75392 75393 75395"
"C12quad_15x15","58325 58326 58327 58329 58505 6548 75369 75370 75371 75372 75373"
"C12quad_15x5","58350 58354 58355 58356 6560 6562 6570 75396 75397 75398 75399 75400 75412 75413 75414 75415 75416"
"C12quad_5x0","58272 58274 58275 58277 58280 58281 58282 58283 58284 58285 80985 80986 80987 80988 80989 80990"
"C12quad_5x10","58304 58308 58309 58312 6969 75387 75388"
"C12quad_5x15","58292 58301 58302 58303 58305 58404 6955 6959 6961 6965 75377 75378 75379 75380"
"C12quad_5x5","58260 58261 58263 58264 58265 58267 58268 58269 58270 58271 58273 6977 7396 75401 75402 75403 75418 75422 75431 75432 75433 75434 75436 75438"
"C13quad_0x0","58372 58377 75366 75367 75368"
"C13quad_0x10","58405 58406 58407 7057 7061 75301 75302 75317"
"C13quad_0x15","58409 58410 58411 6593 7067 75339 75340 75341 75342 75343"
"C13quad_0x5","6625 7049 75303 75304 75305 75306 75308 75309 75310 75311 75312"
"C13quad_10x0","58481 6654 6658 75363"
"C13quad_10x10","58430 58431 58433 58434 58435 58437 58438 58441 58487 6670 6674 6676 6686 75324 75325 75326 75327 75328 75329"
"C13quad_10x15","58444 58445 58448 58450 58451 6688 6690 6692 75335 75336"
"C13quad_10x5","185825 58485 6662 6666"
"C13quad_15x0","58494 58498 58499 6734 6736 75359 75360 75361 75362 75364 75365"
"C13quad_15x10","58476 58477 58490 6672 6712 75330 75332 75333"
"C13quad_15x15","58453 58455 58459 58462 58463 58464 58465 58467 58468 58471 58472 6698 6700 6702 6708 6710 75334"
"C13quad_15x5","58486 58493 58500 6722 6724 6730 6732 75356 75357 75358"
"C13quad_5x0","58400 58401 58402 58403 6633 6641"
"C13quad_5x10","58385 58423 58424 58429 6603 6609 75318 75319 75320 75321 75322 75323"
"C13quad_5x15","50672 58415 58416 58417 58420 58421 6595 6601 75331 75337 75338"
"C13quad_5x5","58390 58392 58396 58399 6619 6621 6631 75313 75314 75315 75354"
"C14quad_0x0","185824 58506 58507 58511 58512 58513 81965 81969 81970"
"C14quad_0x10","58530 58531 58533 6735 6739 6741 6743 81946 81947 81949"
"C14quad_0x15","58535 58536 58537 58539 58544 58545 6745 81928 81931 81932 81933 81934 81936 81937"
"C14quad_0x5","58515 58516 6729 81950 81951"
"C14quad_10x0","58580 6834"
"C14quad_10x10","81944"
"C14quad_10x15","58559 58563 58564 6854 6856 6860 6864 6866 6868 6870 6872 81939"
"C14quad_10x5","58520 58579 58583 58585 58586 58588 58591 6840 6848 6850 81955 81956 81957 81958 81959 81960"
"C14quad_15x0","58598 58602 6914 81964"
"C14quad_15x10","56968 58572 58573 58575 6884 6886 81943"
"C14quad_15x15","58570 58571 6876 81940 81941"
"C14quad_15x5","50868 58595 58596 6896 6900 6902 81961 81962 81963"
"C14quad_5x0","58522 58523 6793 6795 6797 81966 81967 81968"
"C14quad_5x10","58552 58553 58555 81945 81948"
"C14quad_5x15","6761 6765 81938 81942"
"C14quad_5x5","58519 6779 6781 6787 81952 81953 81954"
"C15quad_0x0","185823 58622 7097 81056 81058 81901"
"C15quad_0x10","58624 58625 58627 58630 7113 7115 81088 81089 81090"
"C15quad_0x15","185822 58631 58632 58635 7121 81212 81213"
"C15quad_0x5","58604 58606 58607 58610 7101 7105 7109 81084 81085 81086 81087"
"C15quad_10x0","7002 81059 81060 81061 81062 81065"
"C15quad_10x10","7008 7012"
"C15quad_10x15","58643 58656 58658 58659 58662 7020 81097 81098 81099 81100 81201 81202 81203 81204 81205 81602"
"C15quad_10x5","58683 58687 58688 58693 7000 7004 7032 81072 81073 81074 81075 81076 81077 81078"
"C15quad_15x0","58702 58703 58705 7052 81063 81064 81066 81067 81068 81069"
"C15quad_15x10","58674 58676 58679 7034 81092 81093 81094"
"C15quad_15x15","58664 58667 58668 61065 7024 7026 7028 81095 81096"
"C15quad_15x5","58694 58696 58697 58698 7040 7044 81070 81071"
"C15quad_5x0","6759 6763 6862 7159"
"C15quad_5x10","58644 58645 58648 58649 58650 58651 7125 7133 81091"
"C15quad_5x15","50843 58634 58638 58640 58642 7123 7127 81208 81209 81210 81211"
"C15quad_5x5","58613 58614 58617 58618 7143 7145 7151 7153 7157 81079 81080 81081 81082 81083"
"D00quad_0x0","192685 192686 355"
"D00quad_0x10","188185 188186 188187 188188 188189 188190 422 55389 55390 55399"
"D00quad_0x15","192674 192675 423 426 427 428 54692 55392 55457"
"D00quad_0x5","188191 188192 188193 188195 381 382 55377 55379"
"D00quad_10x0","192676 192677 192678 192679 365 366 55425"
"D00quad_10x10","188184 55433"
"D00quad_10x15","188179 410 415"
"D00quad_10x5","188104 188197 188199"
"D00quad_15x0","188198 188200 391 392 393 394 396 55436"
"D00quad_15x10","188182 188183"
"D00quad_15x15","188178 188180 188181 409 55406"
"D00quad_15x5","385"
"D00quad_5x0","192681 192682 192683 192684"
"D00quad_5x10","188176"
"D00quad_5x15","188177 55394"
"D00quad_5x5","188194 188196 55381"
"D01quad_0x0","188566 188567 188568 188569 188570 55440 55441 55454 55455 55456"
"D01quad_0x10","188107 188109 188113 188116 55482 813808 813809 813810 813811 813838 813840"
"D01quad_0x15","192687 192688 55465"
"D01quad_0x5","188105 188106 55444 55445 55446 813803 813807 813812"
"D01quad_10x0","188101 188102 188573 188574 55393 55451 55502 55503 55504 55505 813829"
"D01quad_10x10","55494 813848 813850"
"D01quad_10x15","192695 192696 192697 55484 813849"
"D01quad_10x5","188117 188118 188119 188120 55508 813822"
"D01quad_15x0","188125 55405 55516 55520 813866"
"D01quad_15x10","188110 188114 55491 813843 813846 813847"
"D01quad_15x15","192698 192699 192700 55487 55489 55490"
"D01quad_15x5","188103 188121 188122 188123 188124 55493"
"D01quad_5x0","188571 188572 55450 813824 813825"
"D01quad_5x10","188108 188111 188112 50885 55478 813835 813836"
"D01quad_5x15","192689 192690 192691 192692 192693 192694 55498"
"D01quad_5x5","185818 188115 813813 813814 813818 813819"
"D02quad_0x0","188157 188158 55523 55524 55525"
"D02quad_0x10","192646 192647 192648 192649 2596 2729 2733 55569 55570 55593 55594 55596 55598"
"D02quad_0x15","188565 2739 2741 2743 2745 55567 55572 55576 55577"
"D02quad_0x5","192640 192641 192642 192643 192644 192645 2608 2721 50831 55528 55529 55530 55531 55535 55536 55537 55538 55539 55540 55541 55542 55543 55544"
"D02quad_10x0","188151 188152 188153 2618 2622"
"D02quad_10x10","188553 2640 2642 2646 55622 55624 55625"
"D02quad_10x15","188559 2648 2744 2897 55600 55626 55732"
"D02quad_10x5","192635 2668 50886 55632"
"D02quad_15x0","192626 192627 55638"
"D02quad_15x10","188554 188555 188556 188557 2656 55612 55618"
"D02quad_15x15","188558 2748 55599 55609"
"D02quad_15x5","192628 192629 192630 192631 192632 192633 192634 2664"
"D02quad_5x0","188154 188155 188156 2723 2777 55561"
"D02quad_5x10","188551 188552 188575 192650 2763 55591"
"D02quad_5x15","188560 188561 188562 188563 2747 2749 2751 2755 2759 55582 55585 55586 55588"
"D02quad_5x5","192636 192637 192638 192639 2767 2769 55545 55549 55551 55552 55554 55555 55557 55560"
"D03quad_0x0","188135 188136 188137 188138 188139 188140 188141 188142 2839 55580 55639 55640 55641 55643 55644 55647 55648 55650 55682 55683"
"D03quad_0x10","188171 188172 188173 188174 188175 192622 192623 192624 192625 2861 55685 55686 55688 55702 55704 55705 55706 55708 55709 57349"
"D03quad_0x15","188159 188160 188161 188162 188163 2865 2871 55689"
"D03quad_0x5","192614 192615 192616 192617 192618 192619 192620 192621 2855 55651 55653 55655 55656 55657 55658 55663 55665"
"D03quad_10x0","188148 188149 188150 192601 192602 192603 2746 55729 55731 55734"
"D03quad_10x10","188168 188169"
"D03quad_10x5","192608 2758 2760 2891 55735 55738 55740"
"D03quad_15x0","192604 55750 55751 55752 55754"
"D03quad_15x10","188166 188167"
"D03quad_15x5","192605 192606 192607 55743 55744 55745 55747"
"D03quad_5x0","188143 188144 188145 188146 188147 2845 55680 55681"
"D03quad_5x10","188170 2877 50883 55699"
"D03quad_5x15","188164 188165"
"D03quad_5x5","185819 192610 192611 192612 192613 55668 55671 55736"
"D04quad_0x0","191938 191939 191940 191941"
"D04quad_0x10","185816 192711 192712 192713 192714 192715 192716 192748 55794 55798 55799 5755"
"D04quad_0x15","188133 188134 55779 5763"
"D04quad_0x5","192787 192788 192789 192791 192792 55760 55766 5743 5749 5751"
"D04quad_10x0","188501 188502 188503 191950 55712 55825 55826 55830 55831 5738 5740"
"D04quad_10x10","192703 192704 192705 192706 55817 55820"
"D04quad_10x15","55801 5768"
"D04quad_10x5","188516 188517 188518 188519 188520 188521 188522 188523 188524 188525 55836 5744"
"D04quad_15x0","185817 188504 55828 5746 5800 5802"
"D04quad_15x10","188126 188127 188128 192701 192702 55805 55809 55811 55812 55813 55816"
"D04quad_15x15","188129 188130 55803 55806 55807 55808"
"D04quad_15x5","188506 188507 188508 188509 188510 188511 188512 188513 188514 188515 55838 55839 59387"
"D04quad_5x0","105799 191942 191943 191944 191945 191946 191947 191948 191949 55775"
"D04quad_5x10","192707 192708 192709 192710 55788 55789 55819 5787"
"D04quad_5x15","188131 188132 55783 55784 55786 55824 5779"
"D04quad_5x5","192793 192794 192795 192796 192797 192798 192799 192800 55792 5791"
"D05quad_0x0","55851 5809 82026 82027 82028"
"D05quad_0x10","55848 5835 82098 82099"
"D05quad_0x15","55857 55860 55861 55862 5839 5841 5843 81049"
"D05quad_0x5","50877 55846 82078 82079 82080"
"D05quad_10x0","55911 55914 82036 82037 82038"
"D05quad_10x10","55886 55899 55901 5824 5826 5830 5832 5863 82082 82083 82084"
"D05quad_10x15","185815 55874 55876 55877 55878 55906 5838 5840 82092 82094"
"D05quad_10x5","55919 82045 82046 82047 82048 82049 82076"
"D05quad_15x0","55926 55928 82039 82040 82041"
"D05quad_15x10","55887 55888 55891 55892 55894 5822 82085 82086 82087"
"D05quad_15x15","50878 55880 55882 55884 82088 82089 82090 82091"
"D05quad_15x5","55921 55922 5844 82042 82043 82044"
"D05quad_5x0","55853 5773 82029 82030 82031 82032 82033 82034 82035"
"D05quad_5x15","55865 55866 55867 55869 81027 81028 81029 81030 82093 82095"
"D05quad_5x5","55849 82077 82100"
"D06quad_0x0","55930 55933 6006 82056 82057 82058 82059 82070 82071 82072"
"D06quad_0x10","55984 55989 55990 6050 6058 82017 82018 82019"
"D06quad_0x15","5056 55963 55964 6110 82003"
"D06quad_0x5","55934 55936 55938 55939 6066 82020 82021 82022"
"D06quad_10x0","56022 56023 56024 56025 6020 82061 82062"
"D06quad_10x10","55979 56012 56013 56014 6088 6090 82013 82014"
"D06quad_10x15","55972 55973 55993 55995 56000 56016 56017 6086 81774 82005 82006 82007 82008 82054"
"D06quad_10x5","56029 56030 56031 56034 56039 82024 82025"
"D06quad_15x0","56019 56045 56046 82063 82064 82069"
"D06quad_15x10","56006 56007 56009 56011 6096 6098 82011 82012"
"D06quad_15x15","82009 82010"
"D06quad_15x5","56038 56041 82065 82066 82067 82068"
"D06quad_5x0","55951 55952 55954 55955 6008 6014 6016 82060"
"D06quad_5x10","55976 55980 55981 55982 55983 6048 6054 82015 82016"
"D06quad_5x15","55966 55970 55971 82004"
"D06quad_5x5","55945 55948 55949 55950 6018 6042 6046 82023"
"D07quad_0x0","56047 56068 56070 6116 6118 6122 6126"
"D07quad_0x10","192545 192546 6194 6198 6200 6210 81751 81752 81839 81865"
"D07quad_0x15","56072 56073 56075 56076 56079 81770 81771 81772 81773"
"D07quad_0x5","56048 56049 56050 56051 56053 56054 56055 56056 57792 6206 81828"
"D07quad_10x0","55994 56116 56119 56121 56122 81830 81833 81834"
"D07quad_10x10","56107 56109 6240 6242"
"D07quad_10x15","56097 56098 81762 81763 81764 81765"
"D07quad_10x5","192544 56124 56125 56127 56128 6168 81835 81836"
"D07quad_15x0","56117 56118 56133 81829 81831 81832 81837 81840"
"D07quad_15x10","56106 6258 81757 81758 81759 9287"
"D07quad_15x15","50443 56102 56103 6256 81760 81761"
"D07quad_15x5","56129 56130 56131 56132 6150 6154 6156"
"D07quad_5x0","55968 55969 56061 56063 56065 56067 6134 6136 81827"
"D07quad_5x10","56091 56093 56094 56095 6178 6182 6186 6190 81754 81755"
"D07quad_5x15","56085 56087 56090 6220 6222 6228 81766 81767 81768 81769"
"D07quad_5x5","56057 56060 6174"
"D08quad_0x0","56138 56141 56142 56143 56171 56173 56174 81775 81776"
"D08quad_0x10","56177 56178 56179 56215 56216 81787 81788"
"D08quad_0x15","56175 56181 56183 56185 56209 6342 6344 6346 6348 81878 81879 81880 81881"
"D08quad_0x5","56145 56146 56147 56149 6386"
"D08quad_10x0","185858 56261 56263 56264 56265 56267 56272 81780 81781"
"D08quad_10x10","56249 56252 56253 6286 6302 6306 81792 81793 81794 81795"
"D08quad_10x15","56222 56223 56225 56256 56257 6308 6326 6328 81798 81799 81800 81876"
"D08quad_10x5","56250 56268 56270 56274 56275 56277 56281 56282 56283 6280 6292 81783 81784"
"D08quad_15x0","56259 56289 56291 81782"
"D08quad_15x10","56240 6296 81796 81797"
"D08quad_15x15","56226 56227 56230 56231 56233 56234 56235 56236 56237 6304 6332 6334"
"D08quad_15x5","56284 56286 6282"
"D08quad_5x0","56083 56160 56161 56167 56168 56169 81777 81778"
"D08quad_5x10","56198 56199 56201 56202 56206 6312 81789 81790 81791"
"D08quad_5x15","50838 56193 56194 56195 56196 6320 81877"
"D08quad_5x5","56150 56152 56155 81785 81786"
"D09quad_0x0","56293 56294 56297 56298 56330 6372 81648 81649"
"D09quad_0x10","50850 56332 56357 56359 56360 6466 6496 6498 81577 81589 81590 81591 81592"
"D09quad_0x15","56337 56338 56339 56343 56344 6460 81685"
"D09quad_0x5","56309 6510 6512 6522 81587 81588"
"D09quad_10x0","56224 56397 56401 56402 56403 56404 56405 56406 56410 56411 56412 56413 56414 56415 56417 56418 6378 6392 6396 81727 81728 81729 81730 81731 81732 81733 81734"
"D09quad_10x10","56389 56391 56392 56394 56395 6414 6416 6442 6480 6484 6486 81595"
"D09quad_10x15","56362 56365 6448 6450 6476 6482 81681 81682 81683"
"D09quad_10x5","56409 56419 56420 56421 56422 56423 56424 56426 56428 56429 56430 56431 56432 56433 56434 56435 6410 81740 81741 81742 81743 81744"
"D09quad_15x0","56399 56444 56445 56446 6382 81735 81736"
"D09quad_15x10","56376 56377 56378 56380 56381 56382 56385 56386 6418 6422 6426"
"D09quad_15x15","56363 56366 56368 56372 56375 6428 6440 81678 81679 81680"
"D09quad_15x5","56438 56439 56440 56442 6420 81737 81738 81739"
"D09quad_5x0","56189 56327 56328 56329 6324 6374 6376 6400 81646 81647 81650 81726"
"D09quad_5x10","50154 56351 56352 56353 56355 81593 81594 81596 81597"
"D09quad_5x15","56346 81684 81698 81699 81700"
"D09quad_5x5","56314 56315 56316 56317 56319 56320 56324 56325 6402 6494 6516 6520 81582 81583 81584 81585 81586"
"D10quad_0x0","56451 56455 56468 56469 56470 56471 5929 5931 81579 81580 81598"
"D10quad_0x10","56472 56474 56475 56497 5955 5959 81660 81661 81662 81663 81664"
"D10quad_0x15","56476 56477 56479 5963 5971 5973 81677"
"D10quad_0x5","56450 56456 56459 5949 81657 81658 81659"
"D10quad_10x0","56532 56540 56541 5910 5912 5916 5989 81651"
"D10quad_10x10","56518 56525 56527 5946 81665 81666"
"D10quad_10x15","56531 5952 5956 81668"
"D10quad_10x5","56464 56546 5928 5942 5993 81652 81654 81655 81656"
"D10quad_15x0","185814 56534 56536 56537 56538 56557 56558 56559 56561 5918 5990 5994 5998 6000 7206"
"D10quad_15x10","56507 56508 56510 56511 56513 56516 81667 81669 81670 81671"
"D10quad_15x15","56499 5962 5966 5968 81672 81673 81674"
"D10quad_15x5","56552 56555 5984 5988 81653"
"D10quad_5x0","56466 56467"
"D10quad_5x10","56486 56488 56489 56490 5981 5985"
"D10quad_5x15","56480 56481 56484 56485 5979 5983 81675"
"D10quad_5x5","56460 56465"
"D11quad_0x0","50853 56562 56564 6033 6035 6039 6041 6909 81692"
"D11quad_0x10","56609 56610 56611 56612 56613 56614 6059 81808 81809 81810"
"D11quad_0x15","56589 56591 6871 6873 6875 81824 81825"
"D11quad_0x5","185859 56565 56566 56571 56572 56573 56574 56575 56576 6043 6055 6057 81806 81807"
"D11quad_10x0","56642 7300 7302 7306"
"D11quad_10x10","56634 56635 7320 7322 7324 7328 7330 7332 81812 81813 81814 81815 81816"
"D11quad_10x15","56620 56638 56639 56640 56641 7344 7350 7352 7362 81821"
"D11quad_10x5","56633 56655 56658 7308 7310 7312 81803 81804 81805"
"D11quad_15x0","56668 56672 60328 7314 7376 7378 81688 81689 81693 81694 81695"
"D11quad_15x10","56623 56627 56630 7364 7366 81817 81818"
"D11quad_15x15","56622 81819 81820"
"D11quad_15x5","50450 56657 56663 56665 7368 81696 81801 81802"
"D11quad_5x0","56580 56581 56582 56645 56646 6037 6903 6905 6907 81686 81687"
"D11quad_5x10","56606 56607 56608 6881 81811"
"D11quad_5x15","56602 56605 81822 81823"
"D11quad_5x5","56577 56579 56648 6883 6885 6893 6897"
"D12quad_0x0","56594 56674 56704 56705 56709 56711 7035 7037 81882 81883 81884 81885"
"D12quad_0x10","56684 56688 56689 56716 56717 56738 56739 56742 56743 56744 6997 7017 7019 81873 81874 81875"
"D12quad_0x15","56719 56720 56722 56723 56724 6999 7001 81866"
"D12quad_0x5","56676 56677 56678 56679 56681 56682 56687 56690 7033 81851 81852 81896 81897 81898 81899"
"D12quad_10x0","50660 56781 56782 56783 56785 56786 56787 56788 6594 6596 6602 81887 81888 81889"
"D12quad_10x10","6612 6620 6642 81867"
"D12quad_10x15","56753 56778 56900 56901 81859 81860"
"D12quad_10x5","56697 81892"
"D12quad_15x0","56779 56780 6574"
"D12quad_15x10","56764 56769 6640 81854"
"D12quad_15x15","56756 56758 56760 56761 81855 81856 81857 81858"
"D12quad_15x5","185813 56793 56795 56796 56798 56800 81890 81891"
"D12quad_5x0","56703 56706 7039 81886"
"D12quad_5x10","56731 56733 56735 56774 6616 81853 81868 81869 81870 81871 81872"
"D12quad_5x15","56725 56726 56727 56730 7011 7015 81861"
"D12quad_5x5","56691 56692 56698 56699 56701 56702 6606 6614 81893 81894 81895 81900"
"D13quad_0x0","56823 56824 6649 6651 7009 81864"
"D13quad_0x10","56807 56808 56809 56853 56854 6665 81050 82052 82073"
"D13quad_0x15","50854 56831 81051"
"D13quad_0x5","56801 56804 56805 6655 6659 6663 82074"
"D13quad_10x0","56902 56905 56907 56908 6748 6754 6826 81848 81849 81850"
"D13quad_10x10","56882 56883 56885 56886 56887 6770 6774 6776 82055"
"D13quad_10x15","56855 56856 56859 56889 56890 56891 56892 56893 56894 56895 56896 6784 6786 6788 6794 81053 81054 81055"
"D13quad_10x5","56913 56914 56916 6756 6762 81838 81841 81842"
"D13quad_15x0","56932 56933 56934 56936 56937 6818 8159 81845 81846 81847"
"D13quad_15x10","56878 56879 56920 56921 6804 6806 6808"
"D13quad_15x15","56865 56866 56868 56870 56871 56877 6796 6798 82001 82002"
"D13quad_15x5","56923 56924 56929 6812 6814 6816 81843 81844"
"D13quad_5x0","56815 56817 56818 6711 6715 6719 6721 6752 81863"
"D13quad_5x10","56848 56850 56851 56852 6695 6699 6701 6766 6768 82053"
"D13quad_5x15","56832 56835 56836 56837 56838 56839 56840 56842 56844 56845 56847 6689 81052"
"D13quad_5x5","56810 56811 56812 56813 6703 6707 6709 6764 82050 82051 82075"
"D14quad_0x0","56940 56963 56964 56965 6803 6805 6823 81031 81032 81033 81034"
"D14quad_0x10","50107 56948 56967 56987 6833 6835 6839 6845 81045"
"D14quad_0x15","56966 56970 6681"
"D14quad_0x5","56938 56939 56941 56942 6815 6825 6827 6829 6831 81048"
"D14quad_10x0","56957 61015 61017 6916 81037"
"D14quad_10x10","57002 6859 6928 6930 6934 6938 6942 81044 81046"
"D14quad_10x15","56989 61005 61006 6950 6952 6956 6958 82218 82219 82220"
"D14quad_10x5","56951 61016 61018 61019 6926 7071 81042"
"D14quad_15x0","61008 61013 6990 81038 81039 81040"
"D14quad_15x10","56999 6970 82223 82224 82225"
"D14quad_15x15","56992 56993 82221 82222"
"D14quad_15x5","61023 61025 61026 61027 61028 61029 6972 6978 81041"
"D14quad_5x0","56958 56959 56960 56961 7081 81035 81036"
"D14quad_5x10","56984 81047"
"D14quad_5x15","185821 56834 6685 6849 6851 6857 82216"
"D14quad_5x5","56947 56949 56950 56953 6867 7075 81043"
"D15quad_0x0","61033 61035 61036 7161 7167 7237 82214 82215"
"D15quad_0x10","61044 61063 61068 61093 61096 61097 7185 7187 81023 81024 81025 81026"
"D15quad_0x15","61066 61069 61073 61074 7197 82203"
"D15quad_0x5","61037 61038 61039 7171 7177 82201"
"D15quad_10x0","56990 61160 61161 61162 61165 61166 7058 7060 7062 7068 82211 82212"
"D15quad_10x10","185820 61137 61138 61140 61142 61143 61145 61148 61149 61150 61151 7080 7084 81011 81012 81014"
"D15quad_10x15","61098 61101 61153 61155 81002"
"D15quad_10x5","50842 61174 61175 61176 61178 61179 7070 7112 7114 7116 7128 7136 82204 82205 82206 82207"
"D15quad_15x0","61156 61157 61192 61195 61197 82210"
"D15quad_15x10","60965 60966 61108 61119 61120 61121 61122 61124 61125 61128 61129 61130 61131 61132 61133 61134 61136 7098 7102 7104 7106 7108 7110 81005 81006 81007 81008 81009 81010"
"D15quad_15x15","61106 61107 61109 61110 61112 61114 61115 61116 61117 81003"
"D15quad_15x5","61182 61183 61184 61185 61188 61189 7118 7122 7134 7140 82208 82209"
"D15quad_5x0","61057 61168 7229 82213"
"D15quad_5x10","61086 61088 61089 61146 61147 7088 7213 81015 81017 81018 81019 81020 81021 81022"
"D15quad_5x15","61075 61076 61079 61080 61082 61083 7092 7201 7203 7205 7207"
"D15quad_5x5","61045 61046 61053 61172 7221 7223 7225 82202"
"E00quad_0x0","59002 59003 59005 59006 59007 59009 81465 81466 81467 81468 81469 81470"
"E00quad_0x10","59026 59028 59029 59031 59032 59033 59034 59035 81110 81111 8417 8419"
"E00quad_0x15","59036 59037 59038 59039 59040 59041 59042 59048 59049 81474 81476 81477 81478 81479 81480 81481 8393"
"E00quad_0x5","50845 59008 59011 59012 59013 59014 59015 59016 81101 81102 8331 8335 8339"
"E00quad_10x0","59070 59072 59074 59083 81451 81452 81453 81454 81455"
"E00quad_10x10","59057 59058 59066 59068 81121 81122 81123 81124 81125 81126 81127 81128 8367 8371 8373"
"E00quad_10x15","50867 59059 81485 81487 8383 8405"
"E00quad_10x5","59075 59076 81104"
"E00quad_15x0","59080 59081 59082 59085 81450 81473 81475"
"E00quad_15x10","59063 59064 81107 81108 81109"
"E00quad_15x15","81489 8411"
"E00quad_15x5","59069 59079 81105 81106"
"E00quad_5x0","59024 81456 81457 81458 81459 81460 81461 81462 81463 81464 8295 8301"
"E00quad_5x10","59019 59027 59052 59055 81112 81113 81114 81115 81116 81117 81118 81119 81120"
"E00quad_5x15","59051 81482 81483 81484 81486 8401"
"E00quad_5x5","59021 59022 81103 8315 8343 8345"
"E01quad_0x0","50880 59047 59086 59090 59092 59094 81129 81130 81131 81132 81133 81134 81135 81136 81137 81138 81139 8545"
"E01quad_0x10","59107 59108 59109 59110 59111 81436 81437"
"E01quad_0x15","59112 59113 59114 81438 81439"
"E01quad_0x5","59095 59099 81407 81409 81410"
"E01quad_10x0","59150 81147 81148 81149"
"E01quad_10x10","59124 59125 59126 59128 59129 81428 81429 81430 81431 8477 8509"
"E01quad_10x15","59130 59131 59132 59134 59135 59139 59140 59142 81441 81443 81444 81445 81446 81447 81448"
"E01quad_10x5","59104 59171 59173 81417 81418 81419 81420 81421 8449"
"E01quad_15x0","59166 59167 59168 59169 61270 81401 81402 81403 81404 81406"
"E01quad_15x10","59122 59123 59148 59149 61294 61297 81405 81427 8469 8473 8475"
"E01quad_15x15","59145 59147 61300 81150 81151 81152 81449 8479 8483"
"E01quad_15x5","59157 59159 59162 59163 59164 61271 61272 61273 61291 81422 81423 81424 81425 81426 8437 8439"
"E01quad_5x0","59088 81140 81141 81142 81144 81145 81146"
"E01quad_5x10","59120 81432 81433 81434 81435 8503"
"E01quad_5x15","185812 50881 59118 59119 81442"
"E01quad_5x5","59093 59100 59102 59103 81411 81412 81413 81414 81415 81416 8533"
"E02quad_0x0","182167 182168"
"E02quad_0x10","183374 183375 59191 59193 59197 8667 8669"
"E02quad_0x15","182920 182921 59198 59202"
"E02quad_0x5","182174 182175 59176 59177"
"E02quad_10x0","182170 182171 59187 59188 59255 59256 59259 8553 8555 8605"
"E02quad_10x10","183370 59222 59223 59224 59227"
"E02quad_10x15","182928 182929 182930 183351 183352 183353 183354 59215 59216 59230 59232 59240 59241 8645 8649"
"E02quad_10x5","8617"
"E02quad_15x0","182172 50894 59264 59265 8547 8549 8609 8613"
"E02quad_15x10","183365 183366 183367 183368 183369 59253 59254 8629"
"E02quad_15x15","18335 183356 183357 183358 183359 183361 183362 183363 183364 18360 59246 59247 59250 59251 8639 8641"
"E02quad_15x5","59258"
"E02quad_5x0","182169 59174 59186 59189 8557 8559 8561 8601"
"E02quad_5x10","183371 183372 183373 59219 59221 8589 8591"
"E02quad_5x15","182922 182923 182924 182925 182926 182927 59205 59206 59207 59210 59211 59214 8655"
"E02quad_5x5","182173 59181 59182 8569 8571 8587 8597"
"E03quad_0x0","182178 182466 59268 59271 59274 8687 8689"
"E03quad_0x10","182344 182345 183175 59304 59305 59308"
"E03quad_0x15","182346 182347 182348 182349 8741"
"E03quad_0x5","182448 182467 182468 182469 182470 182471 182472 182473 182474 59276"
"E03quad_10x0","182177 182500 183007 183008 185811 59346 59347 59349 59350 59351"
"E03quad_10x10","183107 183113 183114 183115 183160 183161 183162 183163 183164 183165 183166 183167 183168 183169 183170 59325"
"E03quad_10x15","182154 182155 182156 182157 182158 182159 182160 182161 182162 182163 8745"
"E03quad_10x5","182185 182186 182187 59356 59358 8767"
"E03quad_15x0","182176 183009 183010 183012 183013 183014 183015 183016 183017 183018 183019 183020 185810 59344 59345 59365 59367 59368 59369 59370"
"E03quad_15x10","184315 184316 184317 184318 184319 184320 184321 184322 184323 184324 184325 184326 184327 184328 184329 184330 184337 184343 184349"
"E03quad_15x15","182164 182165 182166"
"E03quad_15x5","182188 182189 182190 182191 182192 182193 182194 182195 182196 182197 182198 182199 182200 183001 183002 183003 183004 183006 184336 59362 59364"
"E03quad_5x0","182458 182459 182460 182461 182462 182463 182464 59293 59294 59295 59297"
"E03quad_5x10","183171 183172 183173 183174"
"E03quad_5x15","182152 182153 182350"
"E03quad_5x5","182179 182180 182181 182182 182183 182184 182449 182450 182451 185875 59285"
"E04quad_0x0","182880 182881 182882 182883 59373 59375 59381"
"E04quad_0x10","183180 183181"
"E04quad_0x15","183182 183183 183184 183185 183186 183187 183188 183189 183190 183191"
"E04quad_0x5","182884 182885 182886 182887 182888 182889 59379 59386 59394 59397 8883"
"E04quad_10x0","182552 182872 182873 182874 182875 182876 182877"
"E04quad_10x10","183149 183150 183151 183152 183153 183154"
"E04quad_10x15","182401 182417 183199 183200 8841"
"E04quad_10x5","182893 182894 182895 59458"
"E04quad_15x0","182549 182550 182551 182898 8789"
"E04quad_15x10","183141 183142 183143 183144 183145 183146 183147 183148 8813"
"E04quad_15x15","182402 182403 182404 182405 182406 182407 182408 182409 182410 182411 182412 182413 182414 182415 182416"
"E04quad_15x5","182896 182897 182899 182900 183133 183134 183135 183136 183137 183138 183139 183140 59469 8787"
"E04quad_5x0","182878 182879 59318"
"E04quad_5x10","183176 183177 183178 183179 8893"
"E04quad_5x15","183192 183194 183195 183196 183197 183198 185876"
"E04quad_5x5","182890 182891 182892 8801"
"E05quad_0x0","180651 180652 180653 180901 180902 180905 180914 180930 180935"
"E05quad_0x10","180501 180502 180503 180504 180505 180506 180507 180508 180509 180510 180511 180512 180513 180514 181131 8933 8939"
"E05quad_0x15","180535 180536 180537 180538 180539 180540 8961 8967"
"E05quad_0x5","181132 181133 181134 181135 181136 181137 181138 181139 181140"
"E05quad_10x0","180915 180916 180922 180925 180926 180927 180928 180932 180933 180934 8905 8909"
"E05quad_10x10","180520 180521 180522 180523 180524 180525 180526 180527 180528 180529 180531 50189 8999"
"E05quad_10x15","180560 180561 180562 180563 180564 180565 180566 59554"
"E05quad_10x5","181143 181144 181145"
"E05quad_15x0","181155 181156 181157 181158 181159 181160 181161"
"E05quad_15x10","180530 180532 180533 180534 9017 9019"
"E05quad_15x15","180558 180559 180570 180571 180572 180573 180574 180575 9013 9015"
"E05quad_15x5","181146 181147 181148 181149 181150 181151 181153 181154 185877 9023"
"E05quad_5x0","180917 180918 180919 180920 180921 180923 180929 180931 180936"
"E05quad_5x10","180515 180516 180517 180518 180519 8955 8979 8987"
"E05quad_5x15","180542 180543 180544 180545 180567 180568 180569 59546 8959 8963 8977"
"E05quad_5x5","181141 181142 8915 8919"
"E06quad_0x0","180674 180675 182220 182221 59602 59604 59605 59622"
"E06quad_0x10","182204 182205 182206 182213 59625 59627 59628 59629 59630 59631 9113"
"E06quad_0x15","182203 59634 59635 59637 9089"
"E06quad_0x5","180657 59607 59608 9281"
"E06quad_10x0","180668 180669 180670 180671 182214 182215 182216 59676 59677 59678 9129 9131"
"E06quad_10x10","180912 180913 50891 59645 59646 59689 9065 9067 9069"
"E06quad_10x15","180909 180910 59648 59649 59651 59653 59654 59657 59771"
"E06quad_10x5","182207 59674 59681 59683 59686 59687"
"E06quad_15x0","180663 180664 180665 180666 180667 182212 50876 59700"
"E06quad_15x10","180654 180655 180656 180659 180903 180904 18906 59672 9039 9041 9045 9049"
"E06quad_15x15","180658 180907 180908 180911 180924 59658 59659 59661 59662 59664 59666 9033 9043"
"E06quad_15x5","182208 182209 182210 182211 59692 59696 59697 9053 9057"
"E06quad_5x0","180672 180673 182217 182218 182219 59619 59620 59679 59680"
"E06quad_5x10","182201 59639 9119 9121"
"E06quad_5x15","182202 59633 59636 59652 9079 9081 9145 9147"
"E06quad_5x5","180660 180661 180662 59609 59610 59611 59612 59614 59684 9117"
"E07quad_0x0","181901 181902 59707 59709 59710 9183"
"E07quad_0x10","182240 59734 59736 59737 9257"
"E07quad_0x15","182238 182239 59740 59741 9275"
"E07quad_0x5","181909 181910 181911 181912 59714 59716 59718 59720 59721 9205 9211"
"E07quad_10x0","181904 181905 181906 181907 181908 51078 59728 59729 59768 59770 59772 59774 59776 9173"
"E07quad_10x15","182226 182227"
"E07quad_10x5","181917 181918 181919 181920 181921 181922 59726 59779 59780 59786 9199"
"E07quad_15x0","181923 181924 59792 59793 59794 59795 59796 9153 9155 9161 9169"
"E07quad_15x10","182243 182244 182245 182247 59760 59761 59762 59766"
"E07quad_15x15","182222 182223 182224 182225 59764 9219 9223"
"E07quad_15x5","181925 182246 182248 182249 182250 182251 182252 182254 182255 182256 59777 59789 59791"
"E07quad_5x0","181903 181946 59727 59730 9175 9187 9189"
"E07quad_5x10","182241 182242 50168 50188 59748 59752 59755 59756"
"E07quad_5x15","182228 182229 182230 182231 182232 182233 182234 182235 182236 182237 59742 59743 59744 59745 59746 59749 9247 9271"
"E07quad_5x5","181913 181914 181915 181916 59711 59715 59717 59722 59723 59725 9195"
"E08quad_0x0","181567 59799 59801 59804 7241"
"E08quad_0x10","181932 181933 181934 181935 181936 7261 7275 7279"
"E08quad_0x15","181534 181536 181537 181538 181540 181541 181542 181544 181545 59824 59825 59826 7287 7289"
"E08quad_0x5","181927 181928 181929 181930 181931 59806 59807 59810 7269"
"E08quad_10x0","18 181590 181597 181598 59906 7152 7164"
"E08quad_10x10","181942 181943 181944 181945 59852 59859 59861 59864 59867 7162 7190"
"E08quad_10x15","181553 50409 59846 59853 59871 59872 59873 59876 59877 7194 7196 7202"
"E08quad_10x5","181599 59814 7188 7329"
"E08quad_15x0","181555 181556 181558 181559 181560 181562 181563 181564 181565 59919 59922 59924 59925 59926 59928 59929 7410 7412 7422 7428"
"E08quad_15x10","59858 59890 59892 59893 59894 59895 59896 59899 59901 59903 59904 7160 7408"
"E08quad_15x15","181549 181551 181552 59878 59879 59880 59884 59885 59886 7176 7180 7182 7184 7186"
"E08quad_15x5","181546 181547 181548 181557 181561 181566 59909 59910 59912 59915 59917 7174"
"E08quad_5x0","181589 181591 181592 181593 181594 181595 181596 59815 7339"
"E08quad_5x10","181937 181938 181939 181940 181941 59812 59817 59818 59819 59847 59848 59849 59850 59854 59855 59856 7305 7307 7309 7311"
"E08quad_5x15","181539 181554 59830 59831 59834 59836 59838 59839 59843 59845 7291 7315"
"E08quad_5x5","181600 181926 182257 182258 59811 7331"
"E09quad_0x0","59931 59932 59936 59938 59941 59942 59986 59992 7437 81196 81197 81198 81199"
"E09quad_0x10","59997 59998 59999 60000 60003 60005 60008 60009 7435 7457 7461 7463 7483 7485 82358 82359 82360 82361 82363 82364"
"E09quad_0x15","56374 60010 60011 60012 60013 60017 60018 60019 60020 60021 7467 82339 82340 82341 82342"
"E09quad_0x5","59945 59947 59950 59951 7425 7427 7431 7443 7487 7503 7507 82357"
"E09quad_10x0","60080 60081 60083 60086 7506 7508 7510 7606 7612 81192 81193 81194"
"E09quad_10x10","60055 7518 7540 82369 82370 82371 82372"
"E09quad_10x15","60057 60058 60059 60060 60061 60062 60063 7542 7544 7550 7572 82333 82334 82335 82336 82337"
"E09quad_10x5","60079 60089 60090 60091 60092 60093 60094 60096 60097 7532 7594 80176 81171 81172 81173 81174 81175"
"E09quad_15x0","60117 60119 60120 60121 60122 60127 7460 7602 81188 81189 81190 81191"
"E09quad_15x10","60071 60073 60074 7588 82373 82375"
"E09quad_15x15","60067 82327 82328 82329 82330 82331 82332 82374 82376"
"E09quad_15x5","60099 60100 60101 60105 60106 60107 60108 60110 60111 60112 60113 60114 60123 60124 60126 64262 81154 81177 81178 81179 81180 81181 81182 81184 81185 81186 81187 82573"
"E09quad_5x0","51003 59982 59983 59988 59989 59991 59993 59994 7504 81195 82543"
"E09quad_5x10","59957 59958 60038 60042 60043 60044 60045 60046 60048 60050 7491 7495 7497 7534 7536 7558 7566 81004 82365 82366 82367 82368"
"E09quad_5x15","59833 60029 60030 60032 60033 7706 7708 7710 82338"
"E09quad_5x5","59955 59956 59959 59960 59961 59963 59965 59966 59967 59968 59969 59970 59971 59972 59973 59974 59977 59978 59979 7499 7522 7526 81001 82353 82354 82355 82356"
"E10quad_0x0","181571 181578 181579 60130 60132 60138 7607 7609 7619"
"E10quad_0x10","181581 181582 60181 60182 60183 7639 7647 7649"
"E10quad_0x15","181575 181583 181584 60185 60186 60188 60194 60199 60201 7651"
"E10quad_0x5","181568 181572 181576 185878 60141 60147 7627 7629 7631"
"E10quad_10x0","181504 181507 60279 7712"
"E10quad_10x10","180000 180002 180003 180005 180007 180008 180012 180015 180020 180074 180079 180082 180482 180494 60228 60231 60232 60233 60234 60236 60239 60240 60241"
"E10quad_10x15","181516 181521 181522 181523 181524 181526 181527 181528 181529 60247 60248 60251 60254"
"E10quad_10x5","180004 180081 180087 180456 181503 181506 7724"
"E10quad_15x0","181508 181514 181517 181518 181519 181520 181525 60309 60311 60314 60318 7782 7790 7792 7794 7796 7798"
"E10quad_15x10","180022 180025 180083 60226 60227 60229 60267 60268 60269 60270 60271 60288 7770 7778"
"E10quad_15x15","180021 180026 180030 180078 180084 180085 180086 180088 180401 180402 180403 180404 180405 180406 180407 180408 180409 180416 180436 60243 60244 60245 60255 60256 60260 7762"
"E10quad_15x5","181501 181502 181505 181509 181510 181511 181512 181513 181515 60273 60285 60293 60294 60297 60298 60299 60302 60303 60304 7780"
"E10quad_5x0","181533 181543 60131 60173 60174 7679 7714 7716"
"E10quad_5x10","180017 180018 180019 180483 180497 51026 60154 60157 60177 60178 60217 60221 60222 60223 60224 7732 7734 7740 7742 7746"
"E10quad_5x15","181569 181570 181573 181574 181577 181580 181585 181586 181587 181588 60191 60195 60196 60202 60206 60207 60210 60211 60212 7659"
"E10quad_5x5","181530 181531 181532 181535 60134 60143 60144 60145 60146 60149 60151 60152 60153 60158 60159 60160 60161 60162 60163 60164 60165 60166 60167 60169 60170 60171 7683 7722"
"E11quad_0x0","180466 180476 180478 180479 180481 50180 60197 60322 60324 60325 7795"
"E11quad_0x10","180076 180096 180097 180098 180099 180100 60355 60356"
"E11quad_0x15","180417 180421 180425 180427 180429 180430 180441 180443 60358 60362 60365 60368 60369 60374 7831 7839 7847"
"E11quad_0x5","180066 180067 180068 180069 180070 180071 180072 185880 56664 60329 60336 60337 7817"
"E11quad_10x0","180032 180033 180034 180035 180036 60345 60346 60410 60412 60413 60414 60416 7918 7920"
"E11quad_10x10","180411 180412 180414 180415 180431 50200 60384 60386 60387 60388 60391 60392 60393 7928 7950 7968"
"E11quad_10x15","180422 180423 180424 180428 180432 60394 60398 7934 7936 8092 8186"
"E11quad_10x5","180051 180052 180053 180054 180055 180056 180057 180058 180059 180060 180061 50182 50183 60389 60390 60415 60420 60421 60422 60423 7926"
"E11quad_15x0","180037 180038 180039 180040 180041 180042 180043 180044 60411 60435 60437 7984 7986 7988 7990"
"E11quad_15x10","180410 180413 180420 180426 180434 180438 180439 180444 180445 180447 180448 185882 60401 7958 7960"
"E11quad_15x15","180418 180419 180435 180437 180442 180446 7940 7946 7948 7956"
"E11quad_15x5","180045 180046 180047 180048 180049 180050 60408 60424 60425 60426 60427 60429 60430 60431 7976 7978"
"E11quad_5x0","180031 180433 60347 60349 60350 60351 7805 7811 7906"
"E11quad_5x10","180006 180075 180077 180080 180089 180090 180091 180092 180093 180094 180095 60352 60353 60354 7823 7855"
"E11quad_5x15","180440 60378 60379 7851 7930"
"E11quad_5x5","180062 180063 180064 180065 60334 60335 60343 7863 7867 7869 7924"
"E12quad_0x0","60442 60443 60444 7965 8035 82531"
"E12quad_0x10","180029 180457 180471 180484 180486 180487 60449 60450 60451 60461 60462 60463 60464 60465 60467 60468 60472 60473 60475 60477 60478 60481 60482 60483 60484 60485 7977 7987 7989 7991 7993 8045 8049"
"E12quad_0x15","180461 180464 180465 180473 180474 180475 180477 180480 60471 60479 60488 60490 60491 60494 60496 60498 60502 60503 8009 8013"
"E12quad_0x5","180488 180491 180493 60446 60447 60448 7969 7971 7975 7983 7985"
"E12quad_10x0","180010 180500 60566 60567 60569 60570 60571 60573 60574 60575 60576 8094 8100"
"E12quad_10x10","180452 180455 180469 60523 60528 60529 60533 60584 8114 8118"
"E12quad_10x15","180459 180467 60654"
"E12quad_10x5","180492 60577 60578 60579 60582 8108"
"E12quad_15x0","180009 180011 180014 180016 8184 82535"
"E12quad_15x10","180451 180468 180472 60526 60536 60556 60558 60559 60560 60561 60562 60585 8160 8196"
"E12quad_15x15","180450 180453 180460 180462 180470 20146 60542 60546 60549 60550 60551 60552 60553 64688"
"E12quad_15x5","180496 180498 180499 60586 60588 60589 60592 60593 60594 60595 60600 60601 8166 8168 8170 8172 8174"
"E12quad_5x0","180013 60458 60459 8025 8039 8096 8098"
"E12quad_5x10","180454 60513 60516 8051"
"E12quad_5x15","180449 180458 180463 60497 60505 60506 60507 60509 60510 7999 8003 8005 8007 8132"
"E12quad_5x5","180489 180490 60452 8021 8102 8104 8112"
"E13quad_0x0","60610 60611 60612 60615 60616 60617 60619 60620 60621 60622 60625 8149 8151 8153 8155 8161 8163 82544 82545 84958 84959 84962 84967 84968 84969 84971 84973 84974"
"E13quad_0x10","56875 56876 60631 60658 60662 60663 82568"
"E13quad_0x15","56869 56873 60665 6800 6802 8173 8175 8183 82530 82532 82533 82534"
"E13quad_0x5","60624 8165 8167 84961 84966"
"E13quad_10x0","60646 60718 60723 60728 82557 82558 82560 84957"
"E13quad_10x10","20104 20106 60687 60688 60691 60692 60695 60698 60699 60700 60701 82541"
"E13quad_10x15","20108 60702 60703 60704 60705 60708 82537 82538"
"E13quad_10x5","20090 60638 60639 60640 60642 60644 60732 60734 60735 60736 60737 60738 60739 60740 82555 82564 82566 82570"
"E13quad_15x0","20138 20142 20144 60724 60725 60733 60751 60759 60760 60761 60762 60764 60765 60767 60769 60770 60771 82549 82553 82554 82556 82561 82565 82571 82577 84963"
"E13quad_15x10","180001 180024 180027 20112 20116 20118 60686 60712 60714 60715 60716 60748 82542"
"E13quad_15x15","20110 60710 60711 60907 82539"
"E13quad_15x5","180023 20092 20122 60742 60743 60745 60747 60750 60752 60753 60755 82559 82567 82569"
"E13quad_5x0","60608 60613 60651 60653 8219 8221 82546 82547 82548 82551 82970 84594 84960 84972"
"E13quad_5x10","60655 60659 60679 60680 60682 60683 8201 82540"
"E13quad_5x15","60668 60669 60671 60672 60673 60674 60675 60676 60678 8185 8187 8189 8191 82536"
"E13quad_5x5","20098 60632 60633 60636 60637 8169 8209 8213 8215"
"E14quad_0x0","20007 20009 20017 60772 81155 81156 81157 81158 81159 81160 81161 81166 81167 81169 81170"
"E14quad_0x10","20025 20029 20031 20033 56997 60805 60809 60810 81299 82587"
"E14quad_0x15","20035 20037 20041 60811 60812 60813 60814 60815 60816 60818 60819 60820 60821 60822 60826 60827 60828 82529 82578"
"E14quad_0x5","82588 82589"
"E14quad_10x0","20214 20218 20220 20222 60887 60889 60890 60892 60905 60906 82509 82510 82511"
"E14quad_10x10","20238 20244 60792 60844 60853 60855 60857 60858 81298 82584 82600"
"E14quad_10x15","20248 20250 20252 20254 20256 60841 60859 60860 60861 60863 60867 60869 60871 82527 82575 82576 82582 82585"
"E14quad_10x5","20232 20234 60789 60791 60891 60894 82522 82597"
"E14quad_15x0","20292 20294 20298 60902 60908 60910 82512 82515 82516 82517"
"E14quad_15x10","20242 20268 20274 20278 60851 60881 60884 81300 82572 82586"
"E14quad_15x15","20258 20260 20262 20266 60872 60874 60875 60876 82526 82574 82583"
"E14quad_15x5","20230 20282 20284 60896 60897 60898 60900 60901 82513 82514 82598 82599"
"E14quad_5x0","60794 60796 60798 60799 60800 60804 82401 82402 82404 82405 82406 82407 82408 82409 82410 82411 82412"
"E14quad_5x10","20057 60785 60847 60848 82524"
"E14quad_5x15","20047 20049 20051 20055 60831 60834 60835 60836 60837 60838 82579 82581"
"E14quad_5x5","20061 20083 60780 60783 60793 82523 82590 82591 82592 82593 82594 82595 82596"
"E15quad_0x0","20163 20165 20167 20169 60912 60914 60915 60917 60919 82343 82344 82345"
"E15quad_0x10","20183 20185 20191 20239 60957 60961 60963 60964 82377 82378 82379 82380 82381 82382 82383"
"E15quad_0x15","20199 60970 60971 60972 60976 60978 60981 60985 82305 82306 82307 82308"
"E15quad_0x5","20171 20173 20179 20235 60921 60922 60923 60925 60926 60927 60928 60929 60962 82295 82296 82298 82299"
"E15quad_10x0","20416 20424 20428 20472 58746 58747 60951 82276 82277 82278 82350 82351 82352"
"E15quad_10x10","20440 20442 58716 58719 58721 58722 58764 58766 82386 82387"
"E15quad_10x15","58723 58728 58729 58731 82396 82397 82398 82399 82400"
"E15quad_10x5","20434 58754 58757 58759 58761 58762 82288 82289"
"E15quad_15x0","20482 20484 58772 58773 58775 58776 58778 58779 58780 58781 58782 58785 82279 82280 82281 82282 82283 82284 82285"
"E15quad_15x10","58739 58740 58742 58743 58745 82388 82389 82390"
"E15quad_15x15","20458 58735 82391 82392 82393 82394 82395"
"E15quad_15x5","58767 58768 58770 65028 82286 82287"
"E15quad_5x0","60949 60952 60955 82346 82347 82348 82349"
"E15quad_5x10","58707 58708 58709 58710 58712 58713 58714 58715 60958 60959 60992 82384 82385"
"E15quad_5x15","60988 60993 60994 60995 60997 60998 61001 82301 82302 82303 82304"
"E15quad_5x5","20215 20223 20237 60934 60940 60941 60942 60946 82290 82291 82292 82293 82294 82297 82300"
"F00quad_0x0","184601 184602 184603 184668 61198 61210 61211 8202"
"F00quad_0x10","184604 184605 184606 184607"
"F00quad_0x15","61212 61215 8314 8316"
"F00quad_0x5","61199 8220 8224 8226 8228"
"F00quad_10x0","184619 184620 8232"
"F00quad_10x10","61247 61248 8256"
"F00quad_10x15","184609 184610 184611 184625 184627 61227 61228 61230 61231 61251 8276"
"F00quad_10x5","184626 61262"
"F00quad_15x0","184375 184376 61254 61255 61256 61267 8244 8248"
"F00quad_15x10","184370 184371 61243"
"F00quad_15x15","184612 184613 184614 184667 61232 61233 61234 61235 61236 8326"
"F00quad_15x5","184314 184373 184374 61263 61264 61265"
"F00quad_5x0","184615 184616 184617 184618 61205 61206 61208 61258 61259"
"F00quad_5x10","184624 61220 61222 61223 61224 61225"
"F00quad_5x15","184608 51068 61216 61217 8304 8306"
"F00quad_5x5","184621 184622 184623 61201 61202 61203 61261"
"F01quad_0x0","182075 182076 61268 61285 61286 61288 8338 8340"
"F01quad_0x10","182056 182057 61293 61326 61327 61328 61329 61330 61331 8350"
"F01quad_0x15","182333 182334 182335 182336 61298 61302 61303 61304 61307 61308 61309 61310 61311 61312 61391"
"F01quad_0x5","182052 182053 182054 182055 61274"
"F01quad_10x0","61350 61351 61352 61353 8330 8432"
"F01quad_10x10","182063 182064 8400"
"F01quad_10x15","182072 182073 182074 61317 61334 61346 61460 8408"
"F01quad_10x5","182088 182089 182090 182091 61343 61356 61358 8376"
"F01quad_15x0","182079 182080 9481"
"F01quad_15x10","182065 182066 182067 182068 182069 61332 61338 61340 61341 61342 8422 9493"
"F01quad_15x15","182070 182071 64014 8442 8446 9447"
"F01quad_15x5","182081 182082 182083 182084 182085 182086 182087 58895 61357 61360 61361 61362 8416 8418"
"F01quad_5x0","182077 182078 61283 61284"
"F01quad_5x10","182058 182059 182060 182061 182062 51055 51062 51067 61315 61322 8352 8386 8394"
"F01quad_5x15","182324 182325 182331 182332 61313 61316 61319 61320 61385 8492 8494"
"F01quad_5x5","182051 182092 182093 182094 182095 182096 182097 182098 182099 182100 184339 185881 61276 61277 61278 61279 61280 61281 61282 61325 8380"
"F02quad_0x0","182366 182367 182368 61366 61368 61386 61387 61390 61392 8498 8552"
"F02quad_0x10","182310 182311 182312 182313 182314 182315 8512"
"F02quad_0x15","182316 182317 182318 61394 61396 61397 61398 61399 61401 61402 61403 8524 8526 8528 8592"
"F02quad_0x5","182308 182309 61372 8500 8502 8504"
"F02quad_10x0","182372 61449 61451 61453 61454 61456 61458 61459 61461 61464 61465 61467 61468 8460"
"F02quad_10x10","182326 182327 182328 61426 61432 8462 8466 8468"
"F02quad_10x15","182337 182338 182339 182340 182341 182342 61439 61441 8568"
"F02quad_10x5","182306 182307 61470 61472 61473"
"F02quad_15x0","182373 182374 61442 61443 61444 61445 61483 8448 8452"
"F02quad_15x10","182322 182323 182329 182330 8542"
"F02quad_15x15","182343 61422"
"F02quad_15x5","182303 182304 182305 182375 61476 61477 61478 61480 8550 9521"
"F02quad_5x0","182369 182370 182371 61370 61371 61378 61379 61383 61388 8486"
"F02quad_5x10","182321 61373 61414 61415 61416 8472 8474"
"F02quad_5x15","182319 182320 61404 61406 61408 61409 61412 61440 8518"
"F02quad_5x5","61374 61376 61377"
"F03quad_0x0","182150 184338 61484 61510 8586 8594 8600 8602"
"F03quad_0x10","182101 182102 182103 182104 182351 182352 182353 182354 61513 61514 61537 8650 8654"
"F03quad_0x15","182137 182138 182139 182140 182141 182142 182355 61516 61519 61521 61523 61571"
"F03quad_0x5","182105 182106 182107 182108 182109 182110 182143 182144 61488 61489 61490 61491 61492 61493 61494 8606 8608"
"F03quad_10x0","61572 8570"
"F03quad_10x10","182131 182132 182133 182134 182135 182376 182377 182378 182379 182380 182381 61553 61559 61560 61561 61562"
"F03quad_10x15","18232 182388 182389 182390 182395 182396 182397 182398 182399 182400 185883 61538 61563"
"F03quad_10x5","182116 182117 182118 182119 182120 182145 61573 61577 61579 61580 61582 61583"
"F03quad_15x0","182129 61565 61585 61586 8556"
"F03quad_15x10","182382 182383 182384 182385 182386 182387 182392 182393 61550 61552 8642"
"F03quad_15x15","182391 182394 61540 61542 61545"
"F03quad_15x5","182121 182122 182123 182124 182125 182126 182127 182128 182146 182147 182148 184342"
"F03quad_5x0","182130 182149 61508 8588"
"F03quad_5x10","182360 182361 182362 182363 182364 182365 61534 61535 8616"
"F03quad_5x15","182136 182356 182357 182358 182359 61518 61524 61525 8626 8628"
"F03quad_5x5","182111 182112 182113 182114 182115 61495 61496 61497 61498 61500 61504 61505 61506"
"F04quad_0x0","184365 184366 184367 184369 184372 61591 61622 61623 8684"
"F04quad_0x10","184301 184302 184303 184332 184347 184348 184350 184380 61627 61673 8704"
"F04quad_0x15","184333 184341 184351 184352 184353 61625 61631 61636 61638 8724 8726"
"F04quad_0x5","184304 184305 184306 184307 184308 184309 184310 184311 184345 184368 184377 61593 61594 61596 61597 61598 61599 61600 61603"
"F04quad_10x0","184631 184632 184633 184634 184635 184636 184637 184638 184639 18464 184641"
"F04quad_10x10","184658 184659 184660 184661 184662 184663 184664 184665 184666 61700 61705 61706 61707 61710 61711 8756"
"F04quad_10x15","184331 184344 184356 61648 61679 61680 61682 61712 61713 61715 61716 61717 8734 8736"
"F04quad_10x5","184379 184656 184657 61609 61610 61611 8698 8752 8754"
"F04quad_15x0","184312 184313 184334 184335 184395 184396 184397 184398 184399 184400 184642 184643 184644 61720 8668"
"F04quad_15x10","184384 184385 184386 184387 184388 61690 61692 61697 9799"
"F04quad_15x15","184382 184383 61686 61687 61688 61689 8742"
"F04quad_15x5","18394 184389 184390 184391 184392 184393 61732 61734 61736 8748 8750"
"F04quad_5x0","184357 184358 184359 184360 184361 184362 184363 184364 184628 184629 184630 184669 61617 61618 61620"
"F04quad_5x10","184378 184646 184647 184649 184650 184651 184653 61650 61654 61656 61657 61658 61662 61665 61666 61667 61669 61671 8732"
"F04quad_5x15","184340 184346 184355 61637 61643 61645 61646 61647 8730"
"F04quad_5x5","184381 184645 184648 184652 184654 184655 61602 61604 61606 61607 8694 8696"
"F05quad_0x0","182564 182568 182569 51024 61741 61743 61746 8862"
"F05quad_0x10","184697 184698 184699 184700"
"F05quad_0x15","182547 182548 184670 184671 61764 61766 8882 8890"
"F05quad_0x5","182525 182526 182527 182542 182543 182544 182545 61750"
"F05quad_10x0","182503 182504 182505 182506 182507 182508 182509"
"F05quad_10x10","184682 184683 184684 184685 184686 8818"
"F05quad_10x15","182546 184676 61799 61800 8802 8894 8896"
"F05quad_10x5","182519 61755 8780"
"F05quad_15x0","182510 182511 182512 182513 182514 61801 61803 61811 61812 61813 8764 8768"
"F05quad_15x10","184680 184681 61797 8806 8808 8812"
"F05quad_15x15","184677 184678 184679 61791 61792 61793 8900 8904"
"F05quad_15x5","182515 182516 182517 182518 61807 8788 8792"
"F05quad_5x0","182501 182502 18256 182565 182567"
"F05quad_5x10","184687 184688 184689 184690 184691 184692 184693 184694 184695 184696 61775 61780 61784 61786 8872 8874 8910"
"F05quad_5x15","184672 184673 184674 185884 61767 61768 61777 8884 8886"
"F05quad_5x5","182520 182521 182522 182523 182524 61782 8842 8844"
"F06quad_0x0","182260 182261 182262 59702 61816 61836 8912 8922"
"F06quad_0x10","181164 181165 182535 182570 182571 182572 182573 182574 182575 182576 182577 59671 61840 61842 8930 8932"
"F06quad_0x15","182558 182559 182560 182561 182562 182563 61844 61845 61851 9016 9020"
"F06quad_0x5","181162 181166 181167 182534 61817 61818 61819 61821 61868"
"F06quad_10x0","181949 181950 185885 61894 61895 61896 8950 8952"
"F06quad_10x10","18253 182584 182585 9032"
"F06quad_10x15","182539 182541 182599 61871 61885 61886 61887 8978 8996"
"F06quad_10x5","181173 182587 61900"
"F06quad_15x0","181177 61889 61890 61891 8946 8948"
"F06quad_15x10","182538 182588 182589 61878 8972 8974 8990"
"F06quad_15x15","182540 182590 182591 182592 182593 182594 182595 182596 182597 182598 182600 61875 61877 8992 9965"
"F06quad_15x5","181174 181175 181176 61902 61903 8954 8960 8966 8968"
"F06quad_5x0","181947 182259 182533 61824 61832 8916"
"F06quad_5x10","182536 182578 182579 182580 182581 182582 61860 61863 61864 8980 8984"
"F06quad_5x15","182553 182554 182555 182556 182557 8994 8998 9000 9024 9026 9030"
"F06quad_5x5","181168 181169 181170 181171 181172 61898 8936 8942"
"F07quad_0x0","181200 181251 181252 181253 181254 181255 61908 61912 61933 9092 9102"
"F07quad_0x10","181192 181193 181194 181195 181196 181197 61935 61936 61965 61967 61968 61969 9150"
"F07quad_0x15","181179 181181 182280 59765 61938 61939 61940 61948 9108"
"F07quad_0x5","181198 182281 182282 182283 182284 61916 61917 61919 61920 61921 61923 9148 9152"
"F07quad_10x0","181245 181246 181247 61996 9036 9050"
"F07quad_10x10","181182 181183 181184 181185 181187 61991 61992 9080 9084 9086 9116"
"F07quad_10x15","182268 182269 182270 182271 182272 61972 9112 9122"
"F07quad_10x5","182290 182291 182292 182293 182294 192548 61999 64104 64105"
"F07quad_15x0","181199 181244 182299 182300 64113 9052 9054 9056"
"F07quad_15x10","181180 181948 61981 61982 61983 61987 61988 66616 9070 9074 9076"
"F07quad_15x15","182264 182265 182266 182267 182529 182530 182531 61978 9130"
"F07quad_15x5","182296 182297 182298 64107 64109 64110 64111 9060 9068 9072"
"F07quad_5x0","181248 181249 181250 61931 9096"
"F07quad_5x10","181188 181189 181190 181191 61958 9090 9106"
"F07quad_5x15","182273 182274 182275 182276 182277 182278 182279 182528 61947 61949 61950 61951 61956"
"F07quad_5x5","182285 182286 182287 182288 182289"
"F08quad_0x0","180694 180695 180696 180697 180698 180699 180700 185886 64153 64154 7343 7415"
"F08quad_0x10","181266 181268 18267 64130 64157 64159 64160 64162 64163 64194 64195 64196 7349 7353 7367 7369"
"F08quad_0x15","181258 181259 185890 185891 185892 64166 64167 64168 64169 64173 7373 7385"
"F08quad_0x5","181269 181270 181288 181289 64116 64120 64121 64124 64126 7363 7403"
"F08quad_10x0","180679 180680 180681 180682 64236 64237 64239 64240 64241 7430 7432 7500"
"F08quad_10x10","181285 181286 64220 64222 64223 64225 64226 64246 7456"
"F08quad_10x15","181287"
"F08quad_10x5","181296 181297 64244 64247 7490"
"F08quad_15x0","180676 180677 180678 64233 64234 64254 64255 7488 7496 7502"
"F08quad_15x10","181278 181280 64213 64214 64217 64218 64219 7472"
"F08quad_15x15","181277 181279 181281 181283 181284 64203 64206 64207 64208 64211 64212 7458 7476"
"F08quad_15x5","181299 181300 64251 64252 64253 7482 7486 7492"
"F08quad_5x0","180683 180684 180685 180686 180687 180688 180689 180690 180691 180692 185887 64143 64147 64148"
"F08quad_5x10","181263 181264 181265 64131 64181 64182 64183 64185 64192 64227 7379 7397 7454"
"F08quad_5x15","181261 181262 64174 64175 64176 64177 7377 7387"
"F08quad_5x5","181271 181272 181273 181274 181275 181276 181282 181290 181291 181292 181295 185888 185889 64134 64135 64137 64138 64140 64141"
"F09quad_0x0","180613 180614 180615 180616 180617 64302 64303 64304 64305 64306 64307 64308 64309 64310 64311 7521 7533 7535"
"F09quad_0x10","64270 64271 64313 64314 64315 64317 64345 64346 64352 7545 7549 7557 82434 82435"
"F09quad_0x15","180627 180628 180629 180630 180631 181213 181214 181215 181216 181217 181218 181219 181220 181236 60068 64312 64318 64319 64321 64322 64324"
"F09quad_0x5","64258 64259 64260 64261 64264 64266 64268 64273 64274 64275 7537 7541 7591 7601 82437 82438 82439 82440 82441 82442"
"F09quad_10x0","64398 64401 82454 82455 82456 82457 82458"
"F09quad_10x10","181225 64380 64383 7658 7664 82431"
"F09quad_10x15","181223 181237 64355 64356 64357 64359 7668"
"F09quad_10x5","82447"
"F09quad_15x0","181243 185893 64395 64396 64397 64421 64422 64424 64425 64427 64428 64429 7686 82451 82452 82453"
"F09quad_15x10","181211 181212 181224 181228 181242 64373 64375 64376 64377 64379"
"F09quad_15x15","181227 181241 64362 64364 64366 64367 7632"
"F09quad_15x5","64378 64414 64415 64416 7676 82448 82449 82450"
"F09quad_5x0","180618 180619 180626 64295 64298 64301 64405 7597 7603 82459"
"F09quad_5x10","64337 64339 64340 64343 64344 7626 82432 82433"
"F09quad_5x15","181222 181229 181230 181231 181232 181233 181234 181235 181238 181239 181240 64329 64333 64334 64335 7567"
"F09quad_5x5","64277 64278 64279 64280 64282 64283 64284 64285 64286 64287 64289 64292 7569 7571 7573 7593 7642 82443 82444 82445 82446"
"F10quad_0x0","64430 64432 64453 64459 64460 7697 7699 7703 7705 7707 7711"
"F10quad_0x10","18062 180620 180621 180622 180624 180625 180965 64438 7731 7735 7739"
"F10quad_0x15","180605 180607 180608 180609 180610 180611 180612 181226 64465"
"F10quad_0x5","180990 180991 180992 180993 180994 64434 64436 64437 7717 7721 7727"
"F10quad_10x0","180986 64527 64528 64529 64530 64531 7787"
"F10quad_10x10","180954 180955 180957 180958 180959 180960 185895 64514 64515 64516 64539 7830 7840 7842"
"F10quad_10x15","181202 181204 181205 181206 64487 64490 64492 64494 64496 7852 7854 7856"
"F10quad_10x5","180944 180945 180946 180947 64446 64447 64536 64537 64538 7816 7818 7820 7828"
"F10quad_15x0","180987 180988 180989 64361 64526 7900 7902"
"F10quad_15x10","180950 180951 180952 180953 64506 64507 64508 64509 64510 64512 64513 64542 7882"
"F10quad_15x15","181207 181208 181209 181210 64497 64498 64499 64501 64502 64503 64505 7860 7862 7866 7870 7874"
"F10quad_15x5","180948 180949 64540 64541 64543 64544 64546 7886 7888 7890 7892"
"F10quad_5x0","180984 180985 64330 64448 64454 64455 64456 7775 7779 7783 7791"
"F10quad_5x10","180961 180962 180964 185894 50173 64482 64483 64520 64521 64522 7773 7849"
"F10quad_5x15","180601 180602 180603 180604 181201 181203 64467 64473 64474 64475 64477 64478 64479 64480 7757 7759 7763 7850"
"F10quad_5x5","180937 180938 180939 180940 180941 180942 180943 180995 180996 180997 180998 180999 181000 64439 64442 64444 7777"
"F11quad_0x0","60438 64566 64567 64568 82154 82155 82156 82158 82159"
"F11quad_0x10","60402 64571 64573 7915 81263 81264 81265 81266"
"F11quad_0x15","64574 64575 64578 64579 64580 7917 7925 81295 81296 81297"
"F11quad_0x5","60433 60434 7883 7909 82139 82140 82141 82142"
"F11quad_10x0","64638 64639 8000 82132 82164"
"F11quad_10x10","185896 64618 64619 64623 64624 64625 64628 64629 64632 64634 7945 8004 8006 8034 8036 8038 81274 81275 81277 81278"
"F11quad_10x15","64598 64601 64636 81285 81286 81287 81288 81289 81290"
"F11quad_10x5","64642 64645 64646 64647 8018 81256 81257 81258"
"F11quad_15x0","64655 64656 64658 82133 82134 82135 82136 82137 82138"
"F11quad_15x10","64614 64615 64617 8054 8070 8080 81279 81280"
"F11quad_15x15","64602 64603 64605 64606 64607 64609 64610 64611 64612 67275 81281 81282 81283 81284"
"F11quad_15x5","64651 64652 64653 64654 8026 8066 8082 81259 81260 81261 81262"
"F11quad_5x0","64559 64560 64563 64564 82157 82160 82161 82162 82163"
"F11quad_5x10","64591 64592 7899 7933 81267 81268 81269 81270 81271 81272 81273"
"F11quad_5x15","64581 64582 64585 64586 64588 64590 7927 7929 7939 81291 81292 81293 81294"
"F11quad_5x5","64550 64551 64552 64553 64554 64556 7895 7947 7949 81250 81251 81252 81253 81254 81255 82143 82144"
"F12quad_0x0","180966 64659 64660 64661 64680 8055 8059"
"F12quad_0x10","181106 181107 181108 181109 185897 64681 64682 64683 64685 64717 64725 64726 8077"
"F12quad_0x15","101104 181103 181105 64686 64687 64690 64691 64694 64695 64696 64700 64810 8105"
"F12quad_0x5","181124 181125 181126 181127 181128 181129 181130 64662 64665 8061 82430"
"F12quad_10x0","180969 180970 180971 180972 20000 64752 64753 64754 64755 64757 64760"
"F12quad_10x10","181112 181113 181114 181115 20008 20024 50142 64738 64746 64748 64749"
"F12quad_10x15","20014 20016 20018 64727 64730 64731 8091 82417 82421"
"F12quad_10x5","181121 181122 20002 20004 20022 64762 64764 64765 64766 64767"
"F12quad_15x0","180973 180974 180975 180976 180977 180978 180979 180980 180981 20046 20062 20064 20072 64751 64776 64777 64778"
"F12quad_15x10","181116 181117 181118 181119 181120 20020 20040 64736 64740 64743 64744 64745"
"F12quad_15x15","20028 20032 20036 64734 64735 82423 82424 82425 82426 82427 82428 82429"
"F12quad_15x5","180982 180983 20042 64769 64770 64771 64772 64773 67360"
"F12quad_5x0","180967 180968 64669 64672 64674 64675 64677 64759 8127 8133"
"F12quad_5x10","181110 181111 63718 64710 64712 64713 64715 64716 64719 64722 64723 64724 8095"
"F12quad_5x15","181101 181102 64699 64702 64703 64704 64705 64706 8087 8107 8109"
"F12quad_5x5","181123 64668 8117 8119 8121 8123 8135 8137"
"F13quad_0x0","181065 181066 181067 181069 181070 181071 64783 64807 64812"
"F13quad_0x10","181077 181078 181079 181080 20114 64814 64815 64842 64844 64845 64846 8235"
"F13quad_0x15","10633 180632 180634 8247"
"F13quad_0x5","181047 181048 64784 64785 64786 64787 64788 64789 64790 64792 64795 64841 8233"
"F13quad_10x0","181056 181057 181058 181059 181060 20156 64876 64881 64882 64883 8267"
"F13quad_10x10","181086 181087 181088 181089 181090 181091 181092 181093 181094 181095 181096 181097 20164 20166 64827 64829 64830 64831 64833 64835 64836 64858 8259"
"F13quad_10x15","180637 180638 180639 20304 64848 64875"
"F13quad_10x5","181043 181044 181045 181072 181073 181074 20162 64799 64801 64885 64886 64887 64888 64891"
"F13quad_15x0","181049 181050 181051 181052 181053 181054 181055 20154 20212 64877 64878 64880 64898 64899 64900"
"F13quad_15x10","180649 180650 181098 181099 181100 20198 64855 64856 64857 64867"
"F13quad_15x15","180640 180641 180642 180643 180644 180645 180646 180647 180648 20186 64850 64852"
"F13quad_15x5","181075 181076 64897"
"F13quad_5x0","181061 181062 181063 181064 181068 64802 64803 64804 64805 8111 8277 8281"
"F13quad_5x10","181081 181082 181083 181084 181085 64825 64837 64838 8253"
"F13quad_5x15","180635 180636 64817 64819 64820 64821 64822 64823"
"F13quad_5x5","181046 64797 64798 64800 64840"
"F14quad_0x0","180777 20093 20095 20097 64904 64922"
"F14quad_0x10","181015 20115 20117 20123 20125 20127 20129 64924 64953 64954"
"F14quad_0x15","181016 181017 20135 64925 64926 64929 64930 64931 64932 64933 64934"
"F14quad_0x5","180791 180792 180793 20101 20109 20113 64905 64907 64910"
"F14quad_10x0","18078 180780 180781 180782 180784 180786 180787 20300 20302 20308 64980 64986 64987"
"F14quad_10x10","20324 20326 20328 20330 20338 20366"
"F14quad_10x15","181029 181030 181031 181032 181033 181034 20340 20344 64956 64958 64959 64975 64976"
"F14quad_10x5","180797 180798 180799 181001 20320 20322 64972 64991 64993 64997 64999 65003"
"F14quad_15x0","180788 180789 180790 20392 20398 20404 20406 64978 64979"
"F14quad_15x10","181003 181004 181005 181006 181007 181008 20368 20370 64965 64966 64969"
"F14quad_15x15","181035 181036 181037 181038 181039 181040 181041 181042 185898 20346 20350 20352 20354 64962 64963 64964"
"F14quad_15x5","181002 20378 20380 20382 20390 64970 65007 65009 65012 65013 65014 65015"
"F14quad_5x0","180778 180779 180783 51008 51009 64918 64919 64920 64921"
"F14quad_5x10","181009 181010 181011 181012 181013 181014 20332 64949 64951 64973"
"F14quad_5x15","181018 181019 181020 181021 181022 181023 181024 181025 181026 181027 181028 20139 20147 64928 64936 64937 64939 64941 64942 64944 64945 64946 64947"
"F14quad_5x5","180794 180795 180796 20105 20153 20155 20157 20161 20318 64912 64913 64914 64915 64950 64952 64990 64992"
"F15quad_0x0","180701 180702 180703 180704 180706 180707 180708 180709 180710 180711 180712 180726 20255 20309 20311 20313 20317 65016 65017 65018 65019 65020 65021 65022 65023 65025 65056 65057 65058 65061"
"F15quad_0x10","180748 180749 180750 180751 180752 180763 180764 180765 20267 65064 65080 65082"
"F15quad_0x15","180753 180754 180755 180756 180757 180758 180759 20275 20277 65065 65068 65072"
"F15quad_0x5","180723 180724 180725 180727 180728 180729 20257 20259 65026 65027 65030 65032 65034 65035"
"F15quad_10x0","180717 180718 180719 180720 20492 65215 65216 65217 65218 65219 65220 65221 65223 65224 65225 65243 65244"
"F15quad_10x10","10746 180743 180744 180745 180747 20510 65207 65210 65211"
"F15quad_10x15","10776 180767 180768 180769 180770 180771 180772 180773 180774 180775 20518 20520 65085 65086"
"F15quad_10x5","180734 180735 180736 20498 20550 65232 65234 65238"
"F15quad_15x0","180721 180722 20560 20562 22680 65245 65246"
"F15quad_15x10","180740 180741 20526 20532 20536 20540 20542 65096 65098 65099 65100 65202 65205"
"F15quad_15x15","20522 65088 65089"
"F15quad_15x5","180737 180738 180739 20546 20554 20556 51029 65239 65242"
"F15quad_5x0","180713 180714 180715 180716 20299 20301 20303 20307 65045 65046 65047 65049 65050 65052 65054 65055"
"F15quad_5x10","20283 20287 65036 65075 65076 65077 65078"
"F15quad_5x15","180760 180761 180762 180766 20281 65073 65074"
"F15quad_5x5","180133 180730 180731 180732 20295 65040 65043"
"G00quad_0x0","58790"
"G00quad_0x10","9373"
"G00quad_0x15","184857 9403"
"G00quad_10x0","185704 185707 185708 185709 185710 185722 58872 9345"
"G00quad_10x10","50288 58827 58828 58829 58830 58842 58843 58844 58845 9423"
"G00quad_10x15","184863 184864 58847"
"G00quad_10x5","185705 185706 185714 185716 185717 185718 185719 58839 58840 58879 9331 9349 9353"
"G00quad_15x0","185711 185712 185713 58887 58889 58890 9291"
"G00quad_15x10","185715 50289 50290 50299 51051 58836 58837 58859 58863 58864 58865 58866 9357 9359 9361 9367 9371"
"G00quad_15x15","184865 184866 184867 58850 58855 58858 9415"
"G00quad_15x5","185720 185721 58867 58881 58882 58883 58884 58885 58886 9323 9355"
"G00quad_5x0","185701 185723 185724 185725 58787"
"G00quad_5x10","184851 184852 184853 184854 184855 58802 58803 58826 58835 9395"
"G00quad_5x15","184856 184858 184859 184860 184861 184862 58814 58815 58817 9405"
"G00quad_5x5","185702 185703"
"G01quad_0x0","58892 58893 9475 9483 9485"
"G01quad_0x10","185747 185749 185750 64011 64012 9451"
"G01quad_0x15","185742 185744 64016"
"G01quad_0x5","185727 185728 185729 9497 9511"
"G01quad_10x0","185791 189451 64046 64047 64048 64049"
"G01quad_10x10","185732 185735 185745 64033 64035 64036"
"G01quad_10x15","64039"
"G01quad_10x5","185796 185797 185798 185799 50477 64003 64054 64055 64056 64057"
"G01quad_15x0","185793 185800 50467 64059 9429"
"G01quad_15x10","185730 185731 185743 64041 64091 9441"
"G01quad_15x15","185733 185734 185736 185739 185740 58907 64038 64040 9519 9619"
"G01quad_15x5","185794 185795 50132 64044"
"G01quad_5x0","185790 58822 64005 64008 9471"
"G01quad_5x10","185746 185748 64010 64025 64026 9455 9461"
"G01quad_5x15","185737 185738 185741 64018 64019 64022 64023"
"G01quad_5x5","185726 58897 58898 58899"
"G02quad_0x0","183397 183398 183399 183400 9603"
"G02quad_0x10","182970 64073 64074 64080 64082 9545"
"G02quad_0x15","184039 184040 184041 64076 64078 9537"
"G02quad_0x5","183376 183377 64061 64064 64066 9599"
"G02quad_10x0","183386 183387 183388 183389 183390 183391 183392 64092 9613 9615"
"G02quad_10x10","184028 64086 64097 9573"
"G02quad_10x15","184035 50448"
"G02quad_10x5","183379 64095 64096 9585"
"G02quad_15x0","183384 183385 58902 58904 58905 9625"
"G02quad_15x10","184027 184029 184030 64090 65324"
"G02quad_15x15","184031 184033 184034 185032 9559 9562 9563"
"G02quad_15x5","183380 183381 183382 189450 64099 64101 9569 9571"
"G02quad_5x0","183393 183394 183395 183396 64070"
"G02quad_5x10","182971 184025 184026 64081 64085 64087 9547 9549 9551 9553"
"G02quad_5x15","184036 184037 184038 64079 9557"
"G02quad_5x5","183378 64065 64067 64093 64094"
"G03quad_0x0","182001 50208 9653"
"G03quad_0x10","182020 182944 182945 58919"
"G03quad_0x15","182952 182953 58923 58924 58925 9639 9641 9643"
"G03quad_0x5","182014 182015 182016 182017 182018 182019"
"G03quad_10x0","182003 58972"
"G03quad_10x10","184043 184044 184045 184046 58938 58940 58942 58965 58966 9681 9685 9713 9715"
"G03quad_10x15","182949 184049 184050 50209 51014 58945 58947 58948 58951 58952 58953 58954 9709 9711"
"G03quad_10x5","182009 182010 182011 50212 58980 58981 58982 9675"
"G03quad_15x0","182004 182005 58990"
"G03quad_15x10","184047 58967 58968"
"G03quad_15x15","184048 50134 58957 58958 58959 66585 9701 9703 9707"
"G03quad_15x5","182006 182007 182008 50211 58986 58989"
"G03quad_5x0","182002"
"G03quad_5x10","182946 182947 182948 184042 58917 58928 58930"
"G03quad_5x15","182021 182950 182951 58926 58933"
"G03quad_5x5","182012 182013 9645"
"G04quad_0x0","181625 58999"
"G04quad_0x10","181678 181679 181680 181681 181682 181683 181684 66514 66515 66520 9793 9795"
"G04quad_0x15","181698 181699 183275 66523 66524 66526 66527 66528 9807"
"G04quad_0x5","181609 181610 181611 181612 181676 181677 59000 9797"
"G04quad_10x0","181622 181623 181624"
"G04quad_10x10","181689 181700 66543 66544 9787"
"G04quad_10x15","181691 181693 181694 18692 66545 66546 66549"
"G04quad_10x5","181621 66569 66570 66575 9759"
"G04quad_15x0","66579 66580 66582 66584 9761"
"G04quad_15x10","66562 9775 9777 9779 9781 9783"
"G04quad_15x15","181690 66554 66555 9835"
"G04quad_15x5","66576 66577 66578 9765 9767 9769 9771"
"G04quad_5x0","66511 66512 9731"
"G04quad_5x10","181685 181686 181687 181688 66513 66535 66536 66538 66539 66540"
"G04quad_5x15","181695 181696 66529 66530 66532 9809 9815 9817 9819"
"G04quad_5x5","181613 181614 181615 181616 181617 181618 181619 181620 66502 66503 66505 66506 66508 9735 9737 9745"
"G05quad_0x0","181412 181413 66702 66703 9869"
"G05quad_0x10","50205 66723 66724 9879"
"G05quad_0x15","181468 181469 20345 61794 66725 66727 66728 9881 9883"
"G05quad_0x5","181451 181452 66708"
"G05quad_10x0","181414 181415 181416 66718 66766 66769 9861"
"G05quad_10x10","66738"
"G05quad_10x15","181464 181465 66745 66747 66755 66756"
"G05quad_10x5","181419 66770 9853 9855 9857 9915"
"G05quad_15x0","181417"
"G05quad_15x10","181458"
"G05quad_15x15","181459 181460 181461 181462 181463 66760 9933"
"G05quad_15x5","181418 66782 66783 9917"
"G05quad_5x0","50207 66721"
"G05quad_5x10","181453 181454 181455 181456 181457 66735 66736"
"G05quad_5x15","181467 66731 66732 66750 9899 9903"
"G05quad_5x5","181420 51021 66707 66710 66711 66712 66713 66714 66772 66773 66774 9889"
"G06quad_0x0","183298 66789 66792"
"G06quad_0x10","181498 181499 181500 66812 66826 9967"
"G06quad_0x15","181489 181491 181492 66814 66817 66818 9973 9979"
"G06quad_0x5","181447 181476 181478 181480 183280 66794 66795 66796 66798 66809 9951 9953"
"G06quad_10x0","183293 183294 183295 66847 66852"
"G06quad_10x10","181482 181483 181484 181485 181496"
"G06quad_10x15","181488 181493 66836"
"G06quad_10x5","183284 183285 183286 183287 50138 66855"
"G06quad_15x0","183291 183292 66759 66846 66863 66864 66865 66868 9935"
"G06quad_15x10","181486 181495 20321 20333 66832 66844 66845"
"G06quad_15x15","181487 181494 20341 66838 66839"
"G06quad_15x5","183288 183289 183290 20323 66857 66858 66862 9999"
"G06quad_5x0","183296 183297 66806 66807 9943"
"G06quad_5x10","181481 181497 66824 66827 66828 9985 9989"
"G06quad_5x15","20349 20351 66822"
"G06quad_5x5","183281 183282 183283 66799 66800 66802 66803 66804 66805 9955"
"G07quad_0x0","183207 183208 20347 20463"
"G07quad_0x10","181408 66615 66618 66619"
"G07quad_0x15","181607 181608 20451 20453 20455 50203 66621 66622 66623 66625"
"G07quad_0x5","181405 181406 181407 66587 66589"
"G07quad_10x0","183201 183202 183276"
"G07quad_10x10","181470 181471 181472 20385 20423 50128 66638 66640 66641 66645 66663 82479"
"G07quad_10x15","181603 181604 20431 20433 66648 66649 66650 66656"
"G07quad_10x5","181401 181490 50202 66672"
"G07quad_15x0","183277"
"G07quad_15x10","181473 181474 181475 66661 66662 66666 66677 66679"
"G07quad_15x15","181601 181602 66652 66653 66657 66658"
"G07quad_15x5","183278 183279 183299 183300 66683 66684 66689"
"G07quad_5x0","183204 183205 183206 192549 20399 66608 66609 66610 66612 66613"
"G07quad_5x10","181409 181410 181411 20413 20415 20419 66593 66633 66639 66642"
"G07quad_5x15","181605 181606 20439 66626 66628 66629 66630 66646"
"G07quad_5x5","181402 181403 181404 20407 66592 66594"
"G08quad_0x0","180250 180347 183227 183228 4927 4929 4931 4937 4939 66695 66696 66698 66699 67017 67020 67021 67023 67024"
"G08quad_0x10","183249 183250 4959 4961 67029 67032"
"G08quad_0x15","183209 67033 67034 67035 67039"
"G08quad_0x5","183240 183242 183243 183244 183245 183246 183247 189449 4951 66700 67001 67002 67006 67008 67009 67031 68010"
"G08quad_10x0","183230 183231 183232 4902 67082"
"G08quad_10x10","183248 67073"
"G08quad_10x15","183213 183214 183215 4852 67042 67049 67050 67052 67053 67054 67056"
"G08quad_10x5","4836 67085 67087"
"G08quad_15x0","183233 4892 4900 4998 67096 67098 67099 67100 67101 67102 67103"
"G08quad_15x10","183221 183222 183223 183224 183225 65943 67068 67070 67072 67074 67078 67079"
"G08quad_15x15","183216 183217 183218 183219 183220 4872 67060 67061 67062 67063 67066 67067 67069"
"G08quad_15x5","183234 183235 183236 183237 4890 65906 65907 67089 67090 67092 67093 67095 67097"
"G08quad_5x0","183229 67019 67026"
"G08quad_5x10","4955 4981 4983 4985 67043 67046"
"G08quad_5x15","183210 183211 183212 4975 67040 67041"
"G08quad_5x5","183238 183239 4947 4989 4991 67011 67013 67015"
"G09quad_0x0","180294 180295 180296 180297 4969 4999 5001 50137 64423 64426 66871 66872 66874 66876 67038"
"G09quad_0x10","180271 180272 180273 180274 5005 64372 66906 66912 7672 7694"
"G09quad_0x15","180338 180339 180340 180341 180342 180343 180344 180345 180346 180348 180349 5009 5011 64371 66909 66914 66917 66918 66919"
"G09quad_0x5","180268 180269 180270 7680"
"G09quad_10x0","180254 180255 180256 180257 4708 4908 4910 4912 66897 66898 66950 66951 66952 66953 66954 66957 66958 66959 66960 66962 66967"
"G09quad_10x10","180327 180328 4934 66931"
"G09quad_10x15","180334 180335 180336 4932 4938 4940 66932 66934 66935 66937 66938"
"G09quad_10x5","180264 180265 66964 66965 66971 66972 66973 66974 66975 66976"
"G09quad_15x0","180259 4960 4972 66984 66986 66987"
"G09quad_15x10","180329 4956 66945"
"G09quad_15x15","180330 180331 180332 180333 4946 66939 66941 66942 66943"
"G09quad_15x5","180260 180261 180262 180263 4964 4968 66947 66977 66978 66979 66980 66981"
"G09quad_5x0","180251 180252 180253 180298 180299 180300 5045 66893 66899 66901 66903 66904 66905"
"G09quad_5x10","180326 5029 66885 66929"
"G09quad_5x15","180337 180350 5017 5019 5025 66916 66922 66926"
"G09quad_5x5","180266 180267 180275 66887 66889 66985"
"G10quad_0x0","180219 22001 22003 66991 66993 66994"
"G10quad_0x10","180232 180233 180234 180235 180236 180237 180238 180239 189442 189443 22023 66999 67000 67131 67132 67133 67134 67135 67136 67138 7896"
"G10quad_0x15","180292 180293 22033 67139 67140 67141 67142 67143 67144 67145 67228"
"G10quad_0x5","189444 189445 189446 22007 22011 67105"
"G10quad_10x0","180211 180212 180213 180214 189447 21904 21962 67186 67187 67188 67189"
"G10quad_10x10","180247 180248 180249 180276 180277 180278 189439 21922 21930 67110 67152 67155 67161 67164 67199 67200 67201"
"G10quad_10x15","21932 67154 67162 67166 67168"
"G10quad_10x5","180201 180202 180204 180205 180206 180207 22061 67118 67185 67191 67192 67193 67198"
"G10quad_15x0","21956 21958 21960 67215 67216 67217 67218 67219 67220 67221"
"G10quad_15x10","180279 180280 21914 21916 67159 67160 67176 67178 67179 67182 67184 67205"
"G10quad_15x15","180281 180282 21934 21938 21942 66222 67163 67167 67173 67175"
"G10quad_15x5","180208 180209 21950 21952 21954 67202 67204 67208 67209 67210 67211 67213"
"G10quad_5x0","180215 180216 180217 189448 22071 66923 67124 67125 67126"
"G10quad_5x10","180240 180241 180242 180243 180245 180246 189441 67109 67151 67156 67157"
"G10quad_5x15","180284 180285 180286 180287 180288 180289 180290 180291 280283 67147 67148 67149 67150"
"G10quad_5x5","180203 180226 22065 67106 67111 67113 67115 67116 67117"
"G11quad_0x0","180301 180376 180377 180378 180379 180380 180381 180382 22141 22143 22145 22153 22159 67222 67223 67227"
"G11quad_0x10","180320 180321 180322 180323 180324 180372 180373 180374 180375 22175 22177 67258 67259 67260 67261 67262 67263 67265 67266 67267 67268 67269 67292 67293 67300 67301 67302"
"G11quad_0x15","180220 180221 180222 180223 180224 180225 22181 67270 67271 67272 67274 67276 67277 67281 67282 67283 67285 67286 67287"
"G11quad_0x5","180316 180317 180318 180319 180325 67229 67231 67232 67235 67236 67238 67239 67241"
"G11quad_10x0","180302 180303 180304 180305 22024 22026 22032 67327 67328 67329 67330"
"G11quad_10x10","180351 180352 180368 22060 22062 67303 67304 67305 67306"
"G11quad_10x15","180355 180356 180363 22066 22070 22072 67308 67309 67311 67313 67314"
"G11quad_10x5","180312 180313 22044 22048 67332 67337"
"G11quad_15x0","180306 180307 21936 22094 22102 67340 67343"
"G11quad_15x10","180354 180366 22080 22082 22084 67323 67324 67326"
"G11quad_15x15","180353 180364 180365 22074 22076 22078 22239 67316 67317 67318 67320 67321 67322"
"G11quad_15x5","180308 180309 180310 180311 67338"
"G11quad_5x0","22213 50186 67225 67246 67247 67248 67251 67252 67253 67254 67255 67256"
"G11quad_5x10","180369 180370 180371 22199 22203 22205 22207 67294 67295 67296 67297 67298 67299 67307"
"G11quad_5x15","180357 180358 180359 180360 180361 180362 22195 67288 67290 67291 67312"
"G11quad_5x5","180314 180315 22209 67242 67243 67244 67245 67334 67335"
"G12quad_0x0","180112 180113 180114 180115 180116 180117 180118 180119 180120 180121 22271 22279 67346 67347 67348 67349 67350 67351 67353 67355 67356 67361 67377 67378 67379"
"G12quad_0x10","180136 180137 22289 22319 67380 67381 67382 67383 67384 67385"
"G12quad_0x15","180383 180384 180385 180386 67387 67391 67392"
"G12quad_0x5","180131 180132 180134 180135 185899 22281 67362 67363 67365"
"G12quad_10x0","180103 180104 180105 180106 180107 180108 22186 22188 22190 67415"
"G12quad_10x10","180140 180141 180142 180143 180144 180145 22204 22212 22236 67402 67403"
"G12quad_10x15","180389 180390 180391 180392 180393 180394 180395 180396"
"G12quad_10x5","67418 67419"
"G12quad_15x0","180101 180102 180126 180127 180128 67428 67432 67433"
"G12quad_15x10","180146 180147 180148 180149 180400 22244 67411 67412 67413"
"G12quad_15x15","180397 180398 180399 22228 67406 67407 67408 67576"
"G12quad_15x5","180129 22250 67423 67425"
"G12quad_5x0","180109 180110 180111 22337 22343 22345 67375 67376 67417"
"G12quad_5x10","180138 180139 22309 22311 22313 22317 67399 67400 67401"
"G12quad_5x15","180387 180388 22305 67397"
"G12quad_5x5","180130 22335 67367 67368 67371 67372 67373 67420 67421"
"G13quad_0x0","180196 180197 180198 180199 180200 22437 67437 67438 67440"
"G13quad_0x10","180156 180157 180162 180164 67479 67486"
"G13quad_0x15","22463 22465 22467 67485 67489 67493 84988 84989 84990 84991 84992 84993 84994 84995"
"G13quad_0x5","180165 180166 180167 180168 67444 67445 67447 67448 67452 67454 67513"
"G13quad_10x0","180186 180187 22507 67541 67542 67544 67545"
"G13quad_10x10","180122 180123 180124 22489 67520 67522"
"G13quad_10x15","22370 22372 50184 67498 67525 84982 84983 84984 84985"
"G13quad_10x5","180151 180171 180172 180173 180174 180175 180176 22350 22352 22356 22404 50162 67549 67551 67552 67559 67560"
"G13quad_15x0","180183 180184 180185 22408 67562 67571 67572 67573 67574 67575"
"G13quad_15x10","22382 67534 84956"
"G13quad_15x15","22366 22374 22378 22384 22390 22568 67526 67532 67536 67537 67539 84951 84952 84953 84954 84978 84979 84980 84981"
"G13quad_15x5","180177 180178 180180 180181 180182 185900 22394 67555 67557 67561 67563 67567"
"G13quad_5x0","180188 180189 180190 180191 180192 180193 180194 180195 22439 22503 22505 67470 67477"
"G13quad_5x10","180125 180158 180159 180160 180161 180163 22487 22491 22493 67501 67509"
"G13quad_5x15","67494 67499 84986 84987"
"G13quad_5x5","180152 180153 180154 180155 180169 180170 22495 22499 67457 67458 67459 67461 67462 67514"
"G14quad_0x0","22583 22585 67579 84949 84950"
"G14quad_0x10","20372 20374 22605 22625 64968 67605 67606 67609 67610 67611 67612 67614 84902 84903"
"G14quad_0x15","22631 67615 67616 67617 67618 67623 84996 84997 84998 84999"
"G14quad_0x5","22587 22589 22591 22595 22597 22599 50156 67582 67584 67586 84901 84926 84927 84928 84929 84930"
"G14quad_10x0","22494 84943 84944"
"G14quad_10x10","22510 22512 22518 22635 67638 67646 67648 67649 84907 84909 84910"
"G14quad_10x15","22536 22637 67632 67651 67652 67653 67654 67656 84917 84919 84921"
"G14quad_10x5","22500 22506 22661 67682 84935 84936 84937 84938"
"G14quad_15x0","22566 67528 67674 67690 67692 67693 84941 84942"
"G14quad_15x10","22520 22538 22544 22548 22552 67662 67663 67664 67667 67668 67669 67670 69631 84908 84911 84913"
"G14quad_15x15","84914 84915 84916"
"G14quad_15x5","22504 22554 22556 67684 67685 67686 67687 67688 67689 84939 84940"
"G14quad_5x0","67595 67598 67601 67603 67604 84945 84946 84947 84948"
"G14quad_5x10","67637 67640 84904 84905 84906"
"G14quad_5x15","22613 22619 22639 67627 84918 84920 84922 84923 84924 84925 85000"
"G14quad_5x5","22649 67593 67594 67642 84931 84932 84933 84934"
"G15quad_0x0","22684 22688 22728 67624 67694 67695 67696 67699 67703 67704 82309 82310 82311 82312 82313 82315 82316 82317"
"G15quad_0x10","67708 82266 82267 82268"
"G15quad_0x15","67734 67735 69812 82235 82236 82237 82240"
"G15quad_0x5","22692 22694 67707 82265"
"G15quad_10x0","22973 22975 22977 22979 22981 67634 67722 67725 67912 67913 67915 67917 82251 82321 82322 82323 82324 82325 82326"
"G15quad_10x10","22710 22726 23013 23015 67759 67760 67766 67767 67768 67769 67770 67775 67931 82101 82226 82245 82246 82247"
"G15quad_10x15","23043 23045 67776 67778 67780 67781 67782 67783 82241"
"G15quad_10x5","23007 67914 67918 67920 67921 67922 67924 67925 67927 67928 67929 82255 82256 82257 82258 82259 82260 82261"
"G15quad_15x0","22542 22985 22987 22991 22993 22999 67908 67909 67939 67941 67942 67943 67944 67948 67949 67950 67952 67953 67954 82252 82253"
"G15quad_15x10","23027 23029 23031 23033 23035 23037 23039 67905 67906 82228 82229 82230 82231"
"G15quad_15x15","67785 67793 67794 67798 67799 67903 82227 82232 82243 82244"
"G15quad_15x5","23025 67907 67932 67933 67934 67936 67937 82254"
"G15quad_5x0","67628 67723 82318 82319 82320"
"G15quad_5x10","67713 67717 67718 67751 67754 67755 67756 67758 82248 82249 82250 82269 82270 82271 82272 82273 82274 82275"
"G15quad_5x15","23017 23019 82233 82234 82239"
"G15quad_5x5","67705 67709 67710 67712 67715 67716 82262 82263 82264"
"H00quad_0x0","187478 187479 187480 187481 187482 187483 65270 65272 9170 9176"
"H00quad_0x10","187453 58860 58861 65273 9234"
"H00quad_0x15","190881 9232"
"H00quad_0x5","187464 187465 65256"
"H00quad_10x0","65114 65115"
"H00quad_10x10","187456 187458 187462 50223 50295 65109 65111 65112 65282 9256"
"H00quad_10x15","50224 65280"
"H00quad_10x5","187451 187452 187468 187469 187470 50219 65120 9216 9218"
"H00quad_15x0","9200"
"H00quad_15x10","187459 190876 65101 65103 65105 65281 9208"
"H00quad_15x15","190877 9242"
"H00quad_15x5","187471 187472"
"H00quad_5x0","187473 187474 187475 187476 187477 65266 65269"
"H00quad_5x10","187454 187457 187460 187461 187463 50221 50293 65276 65285 65288 65293"
"H00quad_5x15","190878 190879 190880 65277 65278 9236"
"H00quad_5x5","187466 187467 9224"
"H01quad_0x0","192651 192652 65131 65132 65135 9274 9278 9282 9284 9286"
"H01quad_0x10","192667 192668 65152 65160"
"H01quad_0x15","187484 187485 187486 187487 187488 65155 9300 9340"
"H01quad_0x5","192666 50232 65136"
"H01quad_10x0","192653 192654 192655 192656 65185"
"H01quad_10x10","192671 192672 65178 65179 65180"
"H01quad_10x15","187491 187492 187493 65161 65181"
"H01quad_10x5","9302 9304"
"H01quad_15x0","192657 192658 65183 65300"
"H01quad_15x10","187498 187499 187500 192673 65177"
"H01quad_15x15","187494 187495 187496 187497 65163 65369 9356"
"H01quad_15x5","192659 192660 65184 65188 65189 65193 65194 9308 9312 9314"
"H01quad_5x0","65147 65149 9294"
"H01quad_5x10","192669 192670 9334"
"H01quad_5x15","187489 187490 189440 65154 65320 9338 9344 9350"
"H01quad_5x5","192661 192662 192663 192664 192665 65137 65140 65141 65142"
"H02quad_0x0","184796 65301 9392 9398"
"H02quad_0x10","185758 185760 185763 185764 65308 65323 65346 65347 65349 65350 9362 9404 9426"
"H02quad_0x15","185788 185789 65327 65329 65332 65333 9420 9424"
"H02quad_0x5","185757 185765 65302 65306 9386"
"H02quad_10x0","185771"
"H02quad_10x10","185759 185776 185777 185778 185779 185780 65342 65344 65361 65363 9422"
"H02quad_10x15","185783 185785 185786 185787"
"H02quad_10x5","185751 185752 185753 185754 185755 185766 65374 9368"
"H02quad_15x0","184769 185770"
"H02quad_15x10","185781 185782"
"H02quad_15x15","65354 9428 9430 9432 9434"
"H02quad_15x5","185767 185768 65375"
"H02quad_5x0","185772 185773 185774 185775 65319 9376 9380"
"H02quad_5x10","185761 185762 65348 9410"
"H02quad_5x15","65337 65338 9412"
"H02quad_5x5","185756 65310 65311 65312 65313 65314"
"H03quad_0x0","184715 184716 184717 65381 65384 65386"
"H03quad_0x10","184780 184781 184782 184783 184784"
"H03quad_0x15","184794 184795 65404 9558"
"H03quad_0x5","184777 184778 184779"
"H03quad_10x0","184711 184712 65444 9472 9474"
"H03quad_10x10","184790 65440"
"H03quad_10x15","184799"
"H03quad_10x5","184701 184702 184703 184704 65435 9500"
"H03quad_15x0","184707 184708 184709 184710 65441 65458 9460 9464"
"H03quad_15x10","65433 65434 9506 9508 9510"
"H03quad_15x15","184791 184792 65427 65429 65430 65431 9518 9520"
"H03quad_15x5","184705 184706 65452 65453 65454 65456 9502"
"H03quad_5x0","184713 184714 65395 65397"
"H03quad_5x10","184785 184786 184787 184788 184789 184800 65390 65415 65416 65418 9538"
"H03quad_5x15","184793 65407 65408 65409 65410 65411 9522 9526 9528 9534"
"H03quad_5x5","184776 9490 9492 9494"
"H04quad_0x0","181626 181627 181628 181629 65461 65475 9574 9763"
"H04quad_0x10","181351 181353 183254 183255 65476 65490 65492 9640"
"H04quad_0x15","181807 181808 181809 181810"
"H04quad_0x5","183253 183256 183257 183258 183259 65465 9650"
"H04quad_10x0","189429 65532 9584"
"H04quad_10x10","181361 181362 65517 9626"
"H04quad_10x15","181803 189433 65494 65519 65520 65522 65524 9622"
"H04quad_10x5","181641 65535 65537 65538 65545"
"H04quad_15x0","181633 181634 181635 65555"
"H04quad_15x10","181445 189437 65502 65503 65506 9608 9610"
"H04quad_15x15","181801 181802 65495 65500 9618 9734"
"H04quad_15x5","181636 181637 181638 181639 181640 189438 65544 65547 65549 65553 9596"
"H04quad_5x0","181630 181631 181632 9530 9568 9570 9576 9662"
"H04quad_5x10","181354 181355 181356 181357 181358 181359 181360"
"H04quad_5x15","181804 181805 181806 65478 65480 65574 9632"
"H04quad_5x5","183251 183252 183260 65468 65469 65488 9602 9652 9654"
"H05quad_0x0","181643 181644"
"H05quad_0x10","181658 181659 181660 65593 65594 65595 9782 9786 9788"
"H05quad_0x15","183261 183262 183263 183264 183265 183266 183267 65657"
"H05quad_0x5","181657 189435 65559 65560 9794"
"H05quad_10x0","65567 65622 9674 9682 9684 9686 9688"
"H05quad_10x10","181663 181664 181665 181666 181667 181668 181669 181697 65617"
"H05quad_10x15","183271 183272 183273 65599 9758 9760 9764"
"H05quad_10x5","181651 181652 181653 181654 65565 65626 65628 65629 9696 9698 9702"
"H05quad_15x0","181646 9732"
"H05quad_15x10","181670 181671 181672 181673 181674 181675 189428 65604 65606 65608 65609 65612 65614 65631 9718 9720 9722 9736 9742"
"H05quad_15x15","65600"
"H05quad_15x5","181647 181648 181649 181650 65630 65632 65637 65638"
"H05quad_5x0","181645 65568 65571 65572 9668 9670 9672"
"H05quad_5x10","181661 181662 65590"
"H05quad_5x15","183269 183270 65586 65587 9770 9802"
"H05quad_5x5","181655 181656 65561 65563 65566 9678"
"H06quad_0x0","181363 65642 65656 65658 65659 66861"
"H06quad_0x10","181342 181343 181344 181345 181346 65693 65694 65695 66859"
"H06quad_0x15","181444 181448 20331"
"H06quad_0x5","181340 181341 20327 65643"
"H06quad_10x0","181367 181368 65726 65727 65728 65730 65731 9806"
"H06quad_10x10","181428 181429 181430 181431 65716 65717"
"H06quad_10x15","181434 181436 181437 181438 181439 181450 65698 9844 9846"
"H06quad_10x5","181331 181332 181333 181335 181336 189430 189431"
"H06quad_15x0","181369 181370 181371 181372 181373 65722 65723 65742 9866"
"H06quad_15x10","181432 181433 181435 65701 65704 65706 65709 65711 65712"
"H06quad_15x15","68526"
"H06quad_15x5","181326 181327 181328 181329 181330 65737 65741"
"H06quad_5x0","181364 181365 181366 65654 9808"
"H06quad_5x10","181347 181348 181349 181350 181426 181427 65692 9822 9824 9826 9836"
"H06quad_5x15","181441 181443 181449 189434 65668 65671 65673 65675 65679 65680 65681 65762 9852"
"H06quad_5x5","181337 181338 181339 65646 65647 65648 65649 65651 65735 9812 9816"
"H07quad_0x0","181811 181813 20367 65743 65749 9898 9900 9922"
"H07quad_0x10","181858 181859 181860 65773 65775 65802 9928"
"H07quad_0x15","181381 181382 181383 65776 9948 9952 9954 9958 9960"
"H07quad_0x5","181861 181862 181863 181864 181865 65745 65747 65748 9892 9924 9926"
"H07quad_10x0","181817 181818 181819 20566 65859 65860 65862 65867 9906"
"H07quad_10x10","181397 181398 181399 20598 51030 65837 65838 65840 65841 65842"
"H07quad_10x15","181386 181387 181388 181389 4986 51032 65849 65850 65852 65853 9976"
"H07quad_10x5","181869 181870 20564 20568 20572 20576 20582 65868 65869 65870 65872 65878 65879 65880 65881 65882"
"H07quad_15x0","181820 181821 181822 181823 181824 181825 20618 65897"
"H07quad_15x10","181395 181396 20612 20614 20616 65833"
"H07quad_15x15","181390 181391 181392 181393 181394 65821 65825 65828"
"H07quad_15x5","181871 181872 181873 181874 181875 20578 20580 20584 20588 65834 65885 65886 65888 65889"
"H07quad_5x0","181814 181815 181816 65757 65759 65760 65761 65763 65764 65766 9904"
"H07quad_5x10","181400 181851 181852 181853 181854 181855 181856 181857 65792 65795 65804 65805 65807 65808 65844 65845 65848 82478"
"H07quad_5x15","18138 181384 65782 65785 65786 65787 65788 65791 9964"
"H07quad_5x5","181866 181867 181868 65753 9994"
"H08quad_0x0","181846 181847 181848 65901 65938"
"H08quad_0x10","190759 190760 190761 190762 190763 190764 190765 190766 190767 190768 4876 4878 51019 65911 65979"
"H08quad_0x15","190539 190540 190541 190542 190543 190544 5077"
"H08quad_0x5","190756 190757 190758 5057 5061 65903 65912"
"H08quad_10x0","190732 190733 190734 190735 190736 190737 190738 190739 190740 4978 4990 66024 66031 66037"
"H08quad_10x10","180805 180806 180807 180808 180809 5093 66010 66013 66016"
"H08quad_10x15","180819 180820 180821 180822 180823 180824 180825 190550 5020 65989 65991 66017"
"H08quad_10x5","190751 190799 190800 4992 51611 66042 66043 66044"
"H08quad_15x0","189432 190726 190727 190728 190729 190730 190731 66053 66054 66056"
"H08quad_15x10","180810 180811 180812 5008 66004"
"H08quad_15x15","180813 180814 180815 180816 180817 180818 65994"
"H08quad_15x5","5014 66049"
"H08quad_5x0","181849 190741 190742 190743 190744 190745 190746 190747 190748 190749 190750 65926 65934 65936"
"H08quad_5x10","5069 65974 65975 65976 65977"
"H08quad_5x15","190525 190526 190527 190528 190545 190546 190547 190548 190549 5083 5089 65960 65961 65962 65963 65966 65967"
"H08quad_5x5","189427 190752 190753 190754 190755 5101 5103 65913 65922 65923"
"H09quad_0x0","181376 5109 66058 66093 66097 66098"
"H09quad_0x10","181889 181890 181891"
"H09quad_0x15","181843 181844 181845 181850 50426 5125 5127 66103 66105 66106 66107"
"H09quad_0x5","181888 5115 66068"
"H09quad_10x0","181876 181877 181879 5030 66147 66148 66151 66154"
"H09quad_10x10","181897 181898 181899 5040 5042 66138 66140 66141"
"H09quad_10x15","181833 181834 181835 181837 181838 181839 66268"
"H09quad_10x5","181882 181883 5038 66155 66157 66158 66159 66160"
"H09quad_15x0","5072 5076 65998 66143 66145 66146 66172"
"H09quad_15x10","181826 181827 181828 181878 181900 66132 66133 66135 66165"
"H09quad_15x15","181829 181830 181831 181832 181836 50228 66124 66125 66126"
"H09quad_15x5","181880 181881 5060 5068 5078 66164 66168 66169"
"H09quad_5x0","181377 181378 181379 181380 5153 66082 66083 66087 66088 66090"
"H09quad_5x10","181892 181893 181894 181895 181896 5137 66114 66115 66119"
"H09quad_5x15","181840 181841 181842 66109 66110"
"H09quad_5x5","181884 181885 181886 181887 5149 66060 66074 66075 66077 66080 66081"
"H10quad_0x0","190724 190725 22077 22079 22081 51015 66178 66210 66211"
"H10quad_0x10","190778 190779 22097 66214 66215 66216 66218 66250 66251"
"H10quad_0x15","66219 66220 66223 66225"
"H10quad_0x5","190701 190702 190776 190777 22093 66179 66180 66181 66184 66185 66186 66187 66188 66189 66190 66191 66192"
"H10quad_10x0","190717 190718 190719 21972 66267 66269 66270 66271 66272"
"H10quad_10x10","190786 21982 21986 21992"
"H10quad_10x15","190791 190792 190793 190794 21998 22000 66252"
"H10quad_10x5","190708 190709 190710 21980 66274 66275 66278"
"H10quad_15x0","190714 190715 190716 22022 66265 66288 66289"
"H10quad_15x10","190787"
"H10quad_15x15","190788 190789 190790 22004 22006 66256"
"H10quad_15x5","190711 190712 190713 22016 66284 66285 66286"
"H10quad_5x0","190720 190721 190722 190723 22135 66205 66207 66208"
"H10quad_5x10","190780 190781 190782 190783 190784 190785 22123 66238 66243 66244 66245 66246"
"H10quad_5x15","190795 190796 190797 190798 22111 22113 22115 66227 66228 66230 66237"
"H10quad_5x5","190703 190704 190705 190706 190707 22131 66193 66202 66203"
"H11quad_0x0","190769 190770 190775 22215 22219 66290 66291 66293 66294 66295 66296 66319 66320 66321 66322 66323"
"H11quad_0x10","190510 22229 22231 22233"
"H11quad_0x15","180802 180804 189402 22241 66326 66327 66329 66330"
"H11quad_0x5","190511 190513 66298"
"H11quad_10x0","190521 190522 190523 22104 22106 22110 22112 66360 66362 66363"
"H11quad_10x10","22134 22138 66350"
"H11quad_10x15","190503 190504 190506 190507 22142 22144 22150 22152 66339 66351"
"H11quad_10x5","190514 190515 190516 22126 66364 66365 66366 66367 66368"
"H11quad_15x0","190520 22118 22180 22182 66352 66353 66354 66356 66357 66374 66376"
"H11quad_15x10","190505 190508 22166 66349"
"H11quad_15x15","22158 66340 66341 66342 66344 66345"
"H11quad_15x5","190517 190518 190519 22120 22178 50893 66371 66372"
"H11quad_5x0","190524 190771 190772 190773 190774 22221 22265 66312 66313 66314 66315 66316 66318"
"H11quad_5x10","189401 190501 190502 190509 22132 66331 66333 66335 66336 66369"
"H11quad_5x15","180801 22249"
"H11quad_5x5","66310 66311"
"H12quad_0x0","190537 190538 22353 22357 66378 66379"
"H12quad_0x10","180841 180842 180843 180844 22371 22373 22381 50226 66392 66409"
"H12quad_0x15","180882 180883 180884 180885 22389 66393 66394 66395 66396 66397"
"H12quad_0x5","180837 180838 180839 180840 22365 22407 66381"
"H12quad_10x0","190530 190531 190532 22268 22270 22338 66384 66386 66444 66445 66446 66448 66449 66450 66451"
"H12quad_10x10","180848 180849 180850 22288 22290 66434"
"H12quad_10x15","180880 180881 22296 22298 66410 66411 66412 66437 66438 66439 66440 66499 69566 69569"
"H12quad_10x5","180830 180831 180832 180833 180834 22274 22276 66432 66453 66459 66462 66464"
"H12quad_15x0","180826 180827 22334 66441 66443 66476"
"H12quad_15x10","180876 180877 22318 66424 66426 66428"
"H12quad_15x15","180878 180879 22306 22308 22312 66413 66415 66417 66418 66420 66421 66422 66423"
"H12quad_15x5","180828 180829 22320 66465 66466 66467 66468 66469 66470 66471"
"H12quad_5x0","190529 190533 190534 190535 190536 22425 22427 22431 22433 66382 66383 66385 66387 66388 66389 66390"
"H12quad_5x10","180845 180846 180847 22395 22399 22401 22405 66400 66404"
"H12quad_5x15","22391 66398 66401 66402"
"H12quad_5x5","180835 180836 22415 22417 22423"
"H13quad_0x0","180886 180887 180888 180889 180890 180891 180892 180893 180894 180895 22511 22513 22517 22521 66479 66481 69502 69503 69504 69505"
"H13quad_0x10","190568 190569 190570 22533 22535 22539 66486 69506 69507 69508 69509"
"H13quad_0x15","182738 182739 22543 22547 22549 22551 22553 50283 69513 69514 69516 69623"
"H13quad_0x5","190571 190572 190573 190574 22523 22527 22531 66482 66483 66485 66491 66492"
"H13quad_10x0","180899 180900 190576 190577 190578 190579 190580 69561 69562 69564 69565 69568 69570 69573 69574 69575 69577 69578 69580"
"H13quad_10x10","190561 190562 190563 190564 22428 22430 22436 69547 69548 69549"
"H13quad_10x15","182733 182734 182735 182736 22438 22440 22442 22444 69526 69552 69554 69555 69556"
"H13quad_10x5","181322 181325 22424 22476 69582 69583 69584 69585 69586"
"H13quad_15x0","190581 22478 22482 22484 69557 69558 69559 69593 69594"
"H13quad_15x10","182726 182727 182728 182729 182730 22458 69538 69539 69542 69544"
"H13quad_15x15","182731 182732 22450 22456 69531 69533 69534 69536 69537"
"H13quad_15x5","190582 190583 190584 22462 22466 22472 22474 69588 69589 69590 69591 69592"
"H13quad_5x0","180896 180897 180898 22577 22579 69501"
"H13quad_5x10","190565 190566 190567 22432 22561 22563 22567 22569 50284 69521 69522 69523 69524"
"H13quad_5x15","182737 22557 50276 50277 69517 69518 69519 69520"
"H13quad_5x5","181323 181324 190575"
"H14quad_0x0","181309 190585 190586 22584 22672 69620 69622"
"H14quad_0x10","181310 22592 69632"
"H14quad_0x15","22602 22604 22606 22608 22610 22614 22616 22618 22622 69633 69637"
"H14quad_0x5","181307 181308 22588 22590 69595 69596 69597 69600 69601 69602 69679"
"H14quad_10x0","190587 190588 190589 190590 190591 190592 22664 22903 69612 69718 69720 69721 69722 69724 69728 69729 69731 69732"
"H14quad_10x10","181311 181312 22947 69660"
"H14quad_10x15","181314 181315 181316 181317 181318 22674 22939 22945 22951 22961 22963 69680 69681 69702 69705 69707"
"H14quad_10x5","181305 22913 22931 22959 69610 69734 69735"
"H14quad_15x0","181301 190593 190594 190595 190596 190597 190598 190599 190600 22909 69709 69712 69716 69756 69757 69759"
"H14quad_15x10","181313 69690 69693 69694 69697 69699"
"H14quad_15x15","69686"
"H14quad_15x5","181302 181303 181304 22915 22921 69736 69738 69741 69744 69746 69747 69748 69750 69751 69753 69754 69755"
"H14quad_5x0","22576 22586 22656 22668 50270 69614 69618 69619"
"H14quad_5x10","22632 69655 69661 69665 69666 69667 69668 69672"
"H14quad_5x15","181319 181320 181321 22624 22626 22646 69639 69640 69641 69643 69644 69645 69646 69647 69648 69649 69650 69651 69652 69653"
"H14quad_5x5","181306 22578 22580 22640 69603 69609"
"H15quad_0x0","189426 190559 22678 22732 22738 22740 22742 67946 67947 69761 69762 69764 69801 69802 69803 69805"
"H15quad_0x10","182706 182707 22790 22804 69772 69774 69775 69777 69806 69807 69844 69845 69847"
"H15quad_0x15","182723 182724 182725 189405 22778 22780 69808 69811 69814 69815 69818"
"H15quad_0x5","182703 182704 182705 69765 69768 69769 69770 69773"
"H15quad_10x0","23061 23065 69683 69880 69882"
"H15quad_10x10","182710 182711 23083 23085 69865 69866 69868 69869 69870 69871 69872 69873 69874"
"H15quad_10x15","182716 182717 182718 182719 22814 23115 23129 23131 69848 69849 69850 69851 69853 69877"
"H15quad_10x5","190553 23067 23071 23075 23077 23079 69883 69884 69885 69886 69890"
"H15quad_15x0","190556 23087 23093"
"H15quad_15x10","182712 23101 23103 23105 69862"
"H15quad_15x15","182713 182715 189403 69857 69859 69860"
"H15quad_15x5","190554 190555 23099 69895"
"H15quad_5x0","190557 190558 22748 22750 22754 22756 22758 69788 69790 69793 69795 69796 69797 69799 69800"
"H15quad_5x10","182708 182709 22788 22800 22816 69783 69828 69833 69834 69835 69837 69838 69839 69840 69842 69843"
"H15quad_5x15","182720 182721 182722 22812 69816 69817 69819 69820 69821 69823 69824 69829"
"H15quad_5x5","182701 182702 190551 190552 22760 22762 22764 22796 22798 69781 69785 69786 69787 69789"
"I00quad_0x0","190849"
"I00quad_0x10","190837 190838 190839 51079"
"I00quad_0x5","65128 67802"
"I00quad_10x0","190848 67842 67844"
"I00quad_10x10","190831 190832 190833 190834 190835 20545 67834"
"I00quad_10x15","188629 188630 188631 188632 67837 67838"
"I00quad_10x5","190843 20515 20519 67854"
"I00quad_15x0","190847 20523 20525 67865"
"I00quad_15x10","188626 190827 190828 190829 190830 20547 20553 67841"
"I00quad_15x15","188627 188628"
"I00quad_15x5","190844 190845 190846"
"I00quad_5x0","67811"
"I00quad_5x10","190836 20509 20511 67824 67826"
"I00quad_5x15","188633 188634 188635"
"I00quad_5x5","190840 190841 190842"
"I01quad_0x0","190882 190883 20579 67867"
"I01quad_0x10","190808 190809 190810 20641 65168 65170 65171 65172 65174 67886 67892 67893"
"I01quad_0x15","190825 190850 65367 9352"
"I01quad_0x5","190805 190806 190807 65191 65195 67871 67884 67890"
"I01quad_10x0","190890 190891 190892 190893 67976 67977 67978"
"I01quad_10x10","20631 67900"
"I01quad_10x15","190821 190822 20613 20615 20619 20621 20625 20651 67999"
"I01quad_10x5","190898 190899 20589"
"I01quad_15x0","190894 190895"
"I01quad_15x10","190817 190818 190819 20629 51089 67969 67972 67974 67975"
"I01quad_15x15","190820 20605 50463 67961 67964 67965 67968"
"I01quad_15x5","190896 190897 67982"
"I01quad_5x0","190884 190885 190886 190887 190888 190889 51093 67821 67879"
"I01quad_5x10","190811 190812 190813 190815 190816 20633 67881 67891 67956 67957"
"I01quad_5x15","190823 190824 20635 67899"
"I01quad_5x5","190801 190802 190803 190804 190900 20583 67874 67875 67883"
"I02quad_0x0","192464 20661 20663 20673"
"I02quad_0x10","192441 68004"
"I02quad_0x15","192214 192215 20781 68005 68006 68007 68009"
"I02quad_0x5","20687"
"I02quad_10x0","192453 192454 192455 192456 50235 68038 68041 68045 68047 68048 68049"
"I02quad_10x10","192225 192440 192444 192445 192449 192450 20719 68021 68025"
"I02quad_10x15","192220 20775 20789 68028"
"I02quad_10x5","192428 192429 192430 192431 20713 20715 67993 67997 68052"
"I02quad_15x0","192452 20645"
"I02quad_15x10","192223 192224 68035 68036 68037"
"I02quad_15x15","189424 192222 20765 68033"
"I02quad_15x5","192426 192427 192451 192474 20745 20747 68054 68058"
"I02quad_5x0","192457 192458 192459 192460 192461 192462 192463 20665"
"I02quad_5x10","192442 192443 192446"
"I02quad_5x15","192216 192217 192218 192219"
"I02quad_5x5","192432 192433 192434 192435 192436 192437 192438 192439 192447 192448 20671 20691 20705 50419 67991 67992"
"I03quad_0x0","184868 184869 18487 184870 184873 184874 68070 68071"
"I03quad_0x10","20835 68087 68091 68093"
"I03quad_0x15","192465 192466 192467 192468 192486 20831 68096 68099 68100"
"I03quad_0x5","192487 192488 50439 68075 68113 68114"
"I03quad_10x0","192496 192497 192498 51094 68122 68125 68126 68127"
"I03quad_10x10","192481"
"I03quad_10x15","192470 192472 68117"
"I03quad_10x5","192492"
"I03quad_15x0","192494 192495 20809 68134 68135 68137 68138"
"I03quad_15x10","192477 192479 192480 68133"
"I03quad_15x15","192473 192476 192478"
"I03quad_15x5","192493"
"I03quad_5x0","192499 192500 20815 20817"
"I03quad_5x10","192482 192483 192484 192485 68112"
"I03quad_5x15","192469 192471 20833 20869 20871 68104"
"I03quad_5x5","192489 192490 192491 20837"
"I04quad_0x0","180546 180555 180556 180557 20879 20883 68141 68142 68149 68150 68151"
"I04quad_0x10","180591 20891 20897 20899 50404 68189 68192 68194 68195 68196 68198 68301"
"I04quad_0x15","182812 182813 182814 20905 68302 68303 68304 68306 68310 68399"
"I04quad_0x5","180586 180587 180588 180589 180590 20881 20889 20893 20949 68154 68157 68159 68161 68162 68163 68164 68165 68166"
"I04quad_10x0","180547 180548 180551 68368 68370 68372"
"I04quad_10x10","180594 180595 180596 180597 180598 180599 68327 68329 68330 68332 68333 68334 68336 68361"
"I04quad_10x15","182806 182807 182808 182809 182810 20919 20921 20923 68335 68339 68342"
"I04quad_10x5","180581 180582 180584 180585 20941 68369 68374 68381 68382 68383 68384"
"I04quad_15x0","180549 180550 180576 68394"
"I04quad_15x10","180600 182801 189422 68353 68355 68356 68358 68364"
"I04quad_15x15","182802 182803 182804 182805 20973 68346 68348 68349 68350"
"I04quad_15x5","180577 180578 180579 180580 68365 68386"
"I04quad_5x0","180552 180553 180554 20953 68143 68177 68181 68182 68183 68184 68371"
"I04quad_5x10","180592 180593 68316 68318 68320 68321 68324"
"I04quad_5x15","182811 20915 68312 68313 68315"
"I04quad_5x5","180583 20945 20947 50403 68167 68169 68170 68171 68172 68325 68326 68377 68378 68379 68380"
"I05quad_0x0","182815 182816 182817 21043 21045 68396 68400 68401 68404"
"I05quad_0x10","183129 183130 183131 21053 21055 68426 68444"
"I05quad_0x15","182851 182852 182853 182854 182855 183132 68429 68430 68432 68434 68435 68436"
"I05quad_0x5","182837 182838 182839 182840 182841 182842 182843 182844 21031 21039"
"I05quad_10x0","182823 182824 182825 182850 189412 51305 68467"
"I05quad_10x10","183125 183126 21013"
"I05quad_10x15","182864 182865 182866 182867 182868 182869 182870 21067 21071 21073 21075 68455 68458"
"I05quad_10x5","182826 182827 183101 183102 20999 21001 21005 68471"
"I05quad_15x0","182845 182846 182847 182848 68479 68481 68483"
"I05quad_15x10","183119 183120 183121 183122 183123 183124 20991 68466"
"I05quad_15x15","182871 21077 21083 68459 68460"
"I05quad_15x5","183103 183105 183106 183116 183117 183118 21003 68474"
"I05quad_5x0","182818 182819 182820 182821 21033 68420"
"I05quad_5x10","183104 183127 183128 51303 68447"
"I05quad_5x15","182856 182857 182858 182859 182860 182861 182862 182863 50239 68443 68453 68454"
"I05quad_5x5","182828 182829 182830 182831 182832 182833 182834 182835 182836 68450"
"I06quad_0x0","181374 181375 21141 21143 21147 21151 68486"
"I06quad_0x10","182492 182493 182494 182495 182496 182497 68519"
"I06quad_0x15","183021 183022 183023 183024 183025 183026 21161 21163 21165 68523 68525 68527 68529"
"I06quad_0x5","182431 182432 182454 182455 182456 182457 182498 68492 68495 68497 68498"
"I06quad_10x0","182423 182424 182425 182426 182427 182428 182429 182430 21157 68576"
"I06quad_10x10","182475 182488 182489 183110 189475 21187 68555 68591"
"I06quad_10x15","182476 182478 21183 50271 68552 68557"
"I06quad_10x5","182438 182439 182440 68585 68589 68593"
"I06quad_15x0","182444 182445 182446 182447 21087 21089 50263 68600 68602"
"I06quad_15x10","182 182483 182485 182486 182487 21103 21107 68570 68571"
"I06quad_15x15","182477 182479 182480 182481 182482 183112 21193 50245 51308"
"I06quad_15x5","182441 182442 182443 51307"
"I06quad_5x0","182418 182419 182420 182421 182422 21155 68507 68508 68509 68578 68579 68583"
"I06quad_5x10","182490 183108 189417 21117 21119 21121 21127 68543 68545 68546"
"I06quad_5x15","183030 183031 183032 183033 183034 21175 21177 21181 50246 68533 68537 68538 68539 68542"
"I06quad_5x5","182433 182434 182435 182436 182437 68500 68504 68587 68588"
"I07quad_0x0","184997 184998 184999 185000 50256 68603 68606 68611"
"I07quad_0x10","181746 181747 68638"
"I07quad_0x15","181701 183324 183325 68641 68642 68644 68646 68648"
"I07quad_0x5","181739 181740 181741 181742 181743 181744 181745 21333 50252 68612 68613 68615 68617 68618 68620 68621"
"I07quad_10x0","181728 21369"
"I07quad_10x10","181724 181725 181750 68668"
"I07quad_10x15","181706 181707 181708 181709 181710 181712 181713 21253 21255 68670 68671 68672 68673 68674 68675 82477"
"I07quad_10x5","181731 181732 181733 68666"
"I07quad_15x0","21199 21205 21317"
"I07quad_15x10","181719 181720 181721 181722 181723 21227 50258"
"I07quad_15x15","181714 181715 181716 181717 181718 21235 21243 50274 68681"
"I07quad_15x5","181729 181730 21215 21223 21303 21307 68690 68693 68695"
"I07quad_5x0","181726 181727 21361 21363 21367 68541"
"I07quad_5x10","181748 181749 21281 21285 21287 21293 68662"
"I07quad_5x15","181702 181703 181704 181705 21261 21263 68649 68650 68652"
"I07quad_5x5","181734 181735 181736 181737 181738 21335 68625 68627 68628"
"I08quad_0x0","183339 183340 183350 189419 68702"
"I08quad_0x10","184926 184927 184928 184951 184952 184953 5181 5183 68743"
"I08quad_0x15","184980 184981 5193 5195 5303 68753 68754 68756"
"I08quad_0x5","184954 184955 184956 184958 5177 68712 68713 68718"
"I08quad_10x0","184974 184975 5084 5086 5088 5090 68732 68818 68819 68820 68825"
"I08quad_10x10","184935 5094 5102 5104 5106 5110 5148 68764 68773 68774 68775 68776 68777 68779 68780"
"I08quad_10x15","184947 184948 184949 184950 184976 184977 5116 5120 68783 68788 68790 68791 68793"
"I08quad_10x5","184963 184964 184965 184966 5092 5096 68830"
"I08quad_15x0","184970 184971 184972 184973 189414 5160 5162 5166 68837 68839 68841 68842"
"I08quad_15x10","184936 184937 184938 184939 184940 184941 184942 5124 5126 5138 5140 62602 62603 68805 68806 68812 68814 68815"
"I08quad_15x15","184943 184944 184945 184946 5134 68796 68799"
"I08quad_15x5","184967 184968 184969 5156 5158 5245 68833 68834"
"I08quad_5x0","183342 183345 183346 183348 189416 5225 5229 5231 68728 68734 68736 68737 68738 68739"
"I08quad_5x10","184930 184931 184932 184933 184934 51310 5207 5211 5221 68767 68768"
"I08quad_5x15","184978 184979 5199 5203 5209 68758 68760"
"I08quad_5x5","184959 184960 184961 184962 5223 68727 68729 68730"
"I09quad_0x0","5307 5309 5313"
"I09quad_0x10","182669 182671 182673 182675 5319 5323 68873"
"I09quad_0x15","183064 183065 183066 183067 183068 51313 5325 5329 5331 5337"
"I09quad_0x5","182674 50279 5062 5064 5311 5315 5369 66166 68850 68853"
"I09quad_10x0","182657 182658 5186 5222 5246 5248 68910 68912 68913 68914 68915 68916"
"I09quad_10x10","183055 183056 5256 5258 5260 5262 68889 68891 68894 68922 68923"
"I09quad_10x15","183062 183063 68895 68897 68898"
"I09quad_10x5","182652 182653 5250 5252 5314 68918"
"I09quad_15x0","182656 5306 68936 68937 68938 68939"
"I09quad_15x10","183057 183058 183059 183060 5276 5278 5288 62730 68905 68907 68908 68909"
"I09quad_15x15","183061 5268 5272 5274 68899 68900 68901 68902 68903 68904"
"I09quad_15x5","182654 182655 5290 5294 5298 5300 5302 5304 5397 68924 68926 68927 68929 68932 68934 68935"
"I09quad_5x0","189413 5373 5379 68869 68870"
"I09quad_5x10","183051 183052 183053 183054 5351 5355 5357"
"I09quad_5x15","5339 5341 5343 5345 5347 5349 68878"
"I09quad_5x5","182651 182667 182668 182670 182672 51312 5363 5367 5371 68858 68859 68860 68861 68863 68867"
"I10quad_0x0","183045 183046 183047 183048 183049 5453 68940 68941 68942 68943 68944 68946 68947 68949 68950"
"I10quad_0x10","18330 183329 183331 183332 50285 5465 5469 68973 68974 68975 68977 68978"
"I10quad_0x15","184995 184996 5471 5475 68980 68981 68983 69039"
"I10quad_0x5","22012 5459 5461 5463 5467 68953 68954 68955 68956"
"I10quad_10x0","182663 182664 5370 5372 69014 69016 69017 69018 69020 69021 69022"
"I10quad_10x10","183338 183341 183343 183349 5386 68995 68997 68998"
"I10quad_10x15","184989 184990 184991 184992 5394 69000 69001 69002"
"I10quad_10x5","183069 183070 183071 51314 5378 5382 5384 69023 69024"
"I10quad_15x0","182661 182662 5420 5424 5426 5430"
"I10quad_15x10","184982 5410 5412 69012"
"I10quad_15x15","184983 184984 184985 184986 184987 184988 5404 69005"
"I10quad_15x5","182659 182660 5414 69027 69028 69030 69031 69033"
"I10quad_5x0","182665 182666 183050 68962 68963 68969 68970"
"I10quad_5x10","183333 183334 183335 183336 183337 5491 68989 68990 68991 68992 68993 68994 68999"
"I10quad_5x15","184993 184994 5483 5485 68984 68985 68986 68987 68988"
"I10quad_5x5","183072 183073 183074 183075 183326 183327 183328 5499 68960 68965 68966 68967"
"I11quad_0x0","183461 183462 183463 183464 183465 183466 5575 66377 69038 69040 69041"
"I11quad_0x10","183344 183443 183445 69064 69065 69094"
"I11quad_0x15","183038 183039 183040 183041 183042 183043 183044 22671 5585 5593 69063 69066 69068 69072 69073 69078 69079"
"I11quad_0x5","183437 183438 183439 183440 183441 183442 69044"
"I11quad_10x0","183454 183455 183456 183457 5328 5508 5510 69118 69119"
"I11quad_10x10","183446 5528 5530 5532 69096 69098 69099"
"I11quad_10x15","183027 183028 183029 183035 183036 183037 5542 5546 69089 69102 69104 69105 69106 69107 69108 69109 69113"
"I11quad_10x5","183432 183433 183434 5522 5524 5526 69100 69122 69123 69124"
"I11quad_15x0","183426 183451 183452 183453 5576 5580 69132"
"I11quad_15x10","13611 183447 183448 183449 50278 5558 5560 5564 69115 69116"
"I11quad_15x15","183450 5544 5550 69110 69111 69112"
"I11quad_15x5","183427 183428 183429 183430 183431 5568 69117 69126"
"I11quad_5x0","183458 183459 183460 5567 5605 5613 5615 69046 69052 69056 69057 69058 69059 69060"
"I11quad_5x10","5534 69091"
"I11quad_5x15","22745 51318 5536 5538 69076 69077 69081 69084 69086 69087"
"I11quad_5x5","183435 183436 69047 69048 69049 69050"
"I12quad_0x0","183401 183402 183403 183404 183405 183406 183407 22673 22747 22749 69201 69202 69203 69204 69205 69209 69210 69212 69213 69244"
"I12quad_0x10","183498 183499 22685 22689 22693 22697 69247 69248 69250 69251 69252"
"I12quad_0x15","183477 22699 22703 22709 69254 69256 69260 69263 69264 69265"
"I12quad_0x5","183425 183500 22677 22683 69208 69214 69217 69218 69219 69220 69221 69222 69224"
"I12quad_10x0","183412 183413 22904 69325 69326 69327 69328 69329 69330 69353 69354"
"I12quad_10x10","183489 183490 183491 183492 183496 22922 22926 69286"
"I12quad_10x15","183479 183480 183481 69292 69293 69295 69296 69297 69298 69300 69301 69302 69303"
"I12quad_10x5","183419 183420 183421 183422 22914 22918 69332 69333 69335 69336 69337"
"I12quad_15x0","183414 183415 183416 183417 183418 22974 69349 69350 69351 69355"
"I12quad_15x10","183487 183488 22930 22932 22952 22954 69314 69315 69319"
"I12quad_15x15","183482 183483 183484 183485 183486 22934 22946 69304 69305 69306 69307 69308 69310 69312 69313"
"I12quad_15x5","22920 22958 22972 69344 69347"
"I12quad_5x0","183408 183409 183410 183411 22741 69237 69238 69239 69241 69245 69331"
"I12quad_5x10","183493 183494 183495 183497 22695 22725 22727 69276 69277 69278 69279 69280 69281 69282"
"I12quad_5x15","183476 183478 189421 22711 22713 22715 22717 22723 69258 69262 69266 69267 69271 69272 69273 69274 69275"
"I12quad_5x5","183423 183424 69225 69227 69228 69232 69234 69235 69236"
"I13quad_0x0","180873 22755 22761 22769 69359 69364 69365"
"I13quad_0x10","182608 182609 182610 182611 22783 22785 22787 22791 69385 69386 69387 69388 69410 69412"
"I13quad_0x15","182768 182769 182770 182771 182772 22793 22795 23301 23303 23305 23367 69391 69392 69393 69395 69398"
"I13quad_0x5","182606 182607 22767 22771 22773 22777 22779 69361 69367 69369"
"I13quad_10x0","182698 182699 182700 22980 22982 22988 22990 22992 23048 69450 69451 69452 69453 69455 69475"
"I13quad_10x10","182619 182620 182621 182622 182623 182624 182625 182626 182627 182628 69415 69416 69419 69423 69425 69426"
"I13quad_10x15","182640 182641 23010 23190 23194 63458 63459 69427 69429 69432 69433"
"I13quad_10x5","182679 182681 182682 182683 182684 182685 182686 22998 69420 69456 69458 69459 69460"
"I13quad_15x0","182694 182695 182696 182697 189425 69473 69474 69476 69477 69478"
"I13quad_15x10","182629 182630 182631 182632 182633 182634 182635 182636 182637 182638 50275 69436 69437 69439 69440 69441 69442 69446 69449"
"I13quad_15x15","182639 23012 23018 23022 23026 23028 63488 69434"
"I13quad_15x5","182687 182688 182689 182690 182691 182692 23046 69447 69463 69464 69465 69466 69468"
"I13quad_5x0","180874 180875 22763 22765 23325 69358 69382 69383"
"I13quad_5x10","182612 182613 182614 182615 182616 182617 182618 22781 23317 69408 69411 69413"
"I13quad_5x15","182650 182751 182752 182773 182774 182775 23311 23453 63406 63407 69399 69401 69405"
"I13quad_5x5","182601 182602 182603 182604 182605 182676 182677 182678 182680 22775 23319 23323 69368 69371 69372 69373 69374 69376 69379 69380"
"I14quad_0x0","180856 180857 180858 180859 180860 23363 23369 23371 23373 23377 23379 23381 23383 69480 69483 69485 69486 69494"
"I14quad_0x10","182759 182760 182761 23401 23405 23409 63411 63412 63415 63416 63417"
"I14quad_0x15","183467 183468 183469 23411 23413 23415 63418 63420 63425"
"I14quad_0x5","182762 182763 182764 23387 23393 23395 23397 23399 69487"
"I14quad_10x0","180864 180865 23192 23196 23200 63455 63456 63462 63464"
"I14quad_10x10","182753 182754 182755 182756 23210 23216 23220 63431 63433 63434 63435 63436"
"I14quad_10x15","183470 23427 63437 63438 63439 63440 63441"
"I14quad_10x5","182765 182766 182767 23208 63466 63467 63468 63469 63470 63473"
"I14quad_15x0","180866 180867 180868 180870 189423 23262 23266 63133 63482 63483 63484 63485 63487 63489"
"I14quad_15x10","183474 183475 23228 23236 23242 63449 63450 63453 63454"
"I14quad_15x15","183471 183472 183473 23224 23226 23501 63443 63446 63447"
"I14quad_15x5","180871 180872 23256 63474 63476 63477 63478 63480"
"I14quad_5x0","180861 180862 180863 23445 23447 51324 63403 63404 63408 69496 69497 69498 69500"
"I14quad_5x10","182757 182758 23407 23429 23431 23435 63427 63428"
"I14quad_5x15","23417 23419 23421 23423"
"I14quad_5x5","23439 23441 63429 69493"
"I15quad_0x0","182740 23135 23137 23139 23141 23151 63491 63493 63495"
"I15quad_0x10","23167 23171 63243 69861"
"I15quad_0x15","180855 23107 23175 23177 51326 63244 63246 63247 63248"
"I15quad_0x5","182794 23153 23155 23157 23159 23163 63497 63498"
"I15quad_10x0","182744 182745 182746 182747 182748 182749 182750 23276 23278 63277 63280"
"I15quad_10x10","182788 182789 182790 182791 23290"
"I15quad_10x15","180851 180852 182777 182778 182779 182780 182781 182782 182783 189420 23300 23302 51327 63264 63269"
"I15quad_10x5","182796 182797 23280 23284 23292 63236 63283"
"I15quad_15x0","182799 182800 23334 23340 23342 23344 63293 63294 63295 63299 63445"
"I15quad_15x10","182787 23320 23324 23326"
"I15quad_15x15","182784 182785 182786 23318 63270 63271 63273"
"I15quad_15x5","182798 23286 23328 23330 23332 63285 63287 63289 63290 63291 63292 63314 63337"
"I15quad_5x0","182741 182742 182743 23143 23147 23149 23459 23461 63237 63238 63239 63240 63242"
"I15quad_5x10","182792 182793 23193 23195 63252 63254 63255 63257"
"I15quad_5x15","180853 180854 23179 23181 23183 23185 23187 23189 23191 63249 63250 63251 63260"
"I15quad_5x5","182795 23161 23455 23457 63500 63501"
"J00quad_0x10","188601 188602 188603"
"J00quad_0x15","188616 188617 188618 20624"
"J00quad_0x5","188648 188649 188650 20646"
"J00quad_10x0","188636 188637 188638 20666 20668 68217 68244"
"J00quad_10x10","188604 188605"
"J00quad_10x15","188611 188612 188613 68228 68229 68232"
"J00quad_10x5","188645 188646 20672 68245 68246 68247"
"J00quad_15x0","188639 188640 188641 20678"
"J00quad_15x10","188606 20698 20702 68239 68240"
"J00quad_15x15","188607 188608 188609 188610 68237"
"J00quad_15x5","188642 188643 188644 189407 20684 20686 20688 20690 51357 68248 68251"
"J00quad_5x0","20656 68214"
"J00quad_5x10","20636 20638 68224"
"J00quad_5x15","188614 188615 20626 20628 20630 68220"
"J00quad_5x5","188647 68211"
"J01quad_0x0","188619 188620 20728"
"J01quad_0x10","187414 187415 68266 68268"
"J01quad_0x15","188682 20774 20780 20816 68274 68275 68276 68277 68278 68279"
"J01quad_0x5","187412 187413"
"J01quad_10x0","187401 187402 188625 62115"
"J01quad_10x10","187418 187419 187420 187421 68290"
"J01quad_10x15","188678 68293 68294 68295"
"J01quad_10x5","187409 20798 62118 62119"
"J01quad_15x0","187403 187404 187405 187406 187407"
"J01quad_15x10","187422 187423 187424 20804 62102 62105 68300"
"J01quad_15x15","187425 188676 188677"
"J01quad_15x5","187408 20808"
"J01quad_5x0","188621 188622 188623 188624 20726"
"J01quad_5x10","187416 187417 20748"
"J01quad_5x15","188679 188680 188681 68282"
"J01quad_5x5","187410 187411 20736 20738 68263"
"J02quad_0x0","188683 188684 188685 20818 62136"
"J02quad_0x10","187439 187440 187441"
"J02quad_0x15","191590 191591 191592"
"J02quad_0x5","187442 187443 187444 187445 187446"
"J02quad_10x0","188686 188691 188692 62190"
"J02quad_10x10","187432 187433 187434"
"J02quad_10x15","191596 191597 62172 62175 62178"
"J02quad_10x5","188697 188699 20864"
"J02quad_15x0","188693"
"J02quad_15x10","187428 187429 187430 187431 20884 20888"
"J02quad_15x15","187426 187427 191598 191599 191600 20890"
"J02quad_15x5","188694 188696 188700 20880 71101"
"J02quad_5x0","188687 188688 188689 188690 20834 62192 68280"
"J02quad_5x10","187435 187436 187437 187438"
"J02quad_5x15","191593 191594 191595 20914"
"J02quad_5x5","187447 187448 187449 187450 188695 188698 62147 62196"
"J03quad_0x0","189406 192209 192210 192211 192212 62010 62013"
"J03quad_0x10","192263"
"J03quad_0x15","192226 192227"
"J03quad_0x5","192262 62018"
"J03quad_10x0","192202 192204 192205 192207 20956 62070 62071"
"J03quad_10x10","192264 192265 192266 192274 20972 62051"
"J03quad_10x15","192267 192271 62054"
"J03quad_10x5","192257 192258 192259 192260 20952 20960 20962 20964 20970 62078"
"J03quad_15x0","192201 192206 192251 192252 20950 62068 62077 62093"
"J03quad_15x10","192268 192272 192273 20982 62062 62067"
"J03quad_15x15","192269 21000 62057 62058"
"J03quad_15x5","192253 192254 192255 192256 20978 62080 62084 62091"
"J03quad_5x0","192203 192208 20936 20942 62026 62027"
"J03quad_5x10","20992 62047"
"J03quad_5x15","192270 62044"
"J03quad_5x5","192261 62023"
"J04quad_0x0","181800"
"J04quad_0x10","184126 184127 184128 184129 184130 184131 184132 62228 62229"
"J04quad_0x15","184145 184146 184149 21126 21128 21132 21136 62232 62233 62235"
"J04quad_0x5","181776 181777 21142"
"J04quad_10x0","181794 181795 181796 181797 181798 21018 21054 21056"
"J04quad_10x10","184138 184139 184140 184141 184142 184143 62255 62257 62258 62260 62261 62262"
"J04quad_10x15","184152 184158 184159 184160 21100 21102 21106 62263 62268 62269 62271"
"J04quad_10x5","181781 181782 181783 21048 62259 62303"
"J04quad_15x0","181792 181793 21058 21062 62313 62314 62315 62316 62317"
"J04quad_15x10","184144 184148 184154 184156 62287 62291"
"J04quad_15x15","184155 21084 21086 21088 21094 21096 62276 62279"
"J04quad_15x5","181784 181785 181786 181787 181788 181789 181790 181791 21070 21076 62306 62308 62311"
"J04quad_5x0","181799 21016 21028 21030 62216 62219"
"J04quad_5x10","184133 184134 184135 184136 184137 21046 21050 62251 62252"
"J04quad_5x15","184153 189408 21118 62236 62237 62238 62241"
"J04quad_5x5","181778 181779 181780 21034 21036 21038 21042"
"J05quad_0x0","183319 183320 183321 183322 183323 21152 21156 21158 62338 62345 68480"
"J05quad_0x10","181761 21252 21254 21256 62348"
"J05quad_0x15","181770 181771 181772 181773 181774 21220 21234 21236 21238 21242 21244"
"J05quad_0x5","181756 181757 181758 181759 181760 21160 62322 62323"
"J05quad_10x0","183309 183310 183312 183313 183314 21202 21204 62336 62364 62367 62368"
"J05quad_10x10","21180 21182 21210"
"J05quad_10x15","181766 181767 183311 21200"
"J05quad_10x5","181751 181752 183301 183302 183303 62370"
"J05quad_15x0","183306 183307 183308 21208 62386 62388"
"J05quad_15x10","21190 21192 62379"
"J05quad_15x15","181765 21196 62355 62356 62357"
"J05quad_15x5","183304 183305 21188 62377 62378"
"J05quad_5x0","183315 183316 183317 183318 21164 62334 62342 62344"
"J05quad_5x10","181762 181763 181764"
"J05quad_5x15","181768 181769 21214 21232"
"J05quad_5x5","181753 181754 181755 62327 62332"
"J06quad_0x0","184175 21262 21264 21268 62389 62394 62395"
"J06quad_0x10","21282 62415 62416 62418 62420"
"J06quad_0x15","184188 184189 184190 184191 21370 21384"
"J06quad_0x5","184167 184174 184176 184177 21276 21278 21280 62399 62403"
"J06quad_10x0","184169 184173 21314 21320 21322 21326 62457"
"J06quad_10x10","21298 21344 62429 62437"
"J06quad_10x15","184182 62434 62435 62436 62551"
"J06quad_10x5","184165 184171 184172 21286 21308 21310 21318 21334 62449"
"J06quad_15x0","184162 184163 184166 21324 62456 62459 62460 62461 62465 62466"
"J06quad_15x10","184178 184179 184180 21338 62440 62441 62445"
"J06quad_15x15","184181 21348 21350 62438 71571"
"J06quad_15x5","184151 184157 184164 184168 21438 62453 62454"
"J06quad_5x0","184161 21266 62446"
"J06quad_5x10","21288 21294 21296 21376"
"J06quad_5x15","184186 184187 21382 62425"
"J06quad_5x5","184170 21292 62409"
"J07quad_0x0","21456 21458 21466 62471"
"J07quad_0x10","184408 184409 21424 21484 62496 62497"
"J07quad_0x15","183085 21392 62498 62499 62500 62501 62502 62503 62504 62505 62506"
"J07quad_0x5","62472 62473 62475"
"J07quad_10x0","184193 21440 21518 21522 21538 62548 62549 62552"
"J07quad_10x10","184417 184418 184419 21502 62525 62527 62558"
"J07quad_10x15","183079 183080 183081 183082 183083 21416 62526 62528 62530 62531 62532 62533"
"J07quad_10x5","184200 184403 184404 189411 62554 62555"
"J07quad_15x0","184183 184184 184194 184197 184199 21532 50269 62564 62565 62566 62568"
"J07quad_15x10","184420 184421 184422 184423 184424 189410 62543 62544 62545 62546"
"J07quad_15x15","183076 183077 183078 184425 21412 21414 62535 62536 62537 62538 62539 62540 62541"
"J07quad_15x5","184147 184185 184401 21540 62557 62560"
"J07quad_5x0","184192 184195 184196 184198 21526 5283 62489 62490 62491 62492 62493 62495"
"J07quad_5x10","184410 184411 184412 184413 184414 184415 184416 21486 21492 21494 21496 62513 62514 62515 62517 62520"
"J07quad_5x15","183084 21422 62508 62511 62518"
"J07quad_5x5","184405 184406 184407 21474 62478 62480 62481"
"J08quad_0x0","183086 183087 183088 183089 183090 183091 183092"
"J08quad_0x10","184118 184119 184120 184121 184122 184123 184124 5257 62589 62590 62591 62593 62598 62600 62601"
"J08quad_0x15","184462 184463 62606 62610 62612 62613"
"J08quad_0x5","184108 184109 184110 184111 184125 5253 62573 62575 62579 62580 62581 62582"
"J08quad_10x0","183095 62660"
"J08quad_10x10","184112 184113 184115 184116 184117 62623 62624"
"J08quad_10x15","184456 184457 184458 184459 5198 62629 62630 62631 62632"
"J08quad_10x5","183099 183100 184101 184102 5180 5184 5267 62663"
"J08quad_15x0","183096 5234 5244 62672 62673"
"J08quad_15x10","184451 5214 5216 5220 62651 62652 62653 62654 62656 62657 62658"
"J08quad_15x15","184452 184453 184454 184455 62646 62648 62649"
"J08quad_15x5","183097 183098 5224 5228 5230 62664 62667 62668"
"J08quad_5x0","183093 183094 62586"
"J08quad_5x10","184114 62620"
"J08quad_5x15","184460 184461 5261 5265 62618 62619"
"J08quad_5x5","184103 184104 184105 184106 184107 62585"
"J09quad_0x0","184464 184465 184466 5389 62678 62721"
"J09quad_0x10","183558 5411 62697 62723 62725 62726 62728 62731 62732"
"J09quad_0x15","183564 183565 183566 5413 62733 62737"
"J09quad_0x5","183557 5398 5403 62688 62690 62694 62695 62698 62699 62700"
"J09quad_10x0","184472 184473 5320 62759 62760 62762 62763 62766 62767"
"J09quad_10x10","62748"
"J09quad_10x15","183561 5330 62749 62750"
"J09quad_10x5","183552 183553 5326"
"J09quad_15x0","183551 184474 184475 24491 5362 5364 5366 62642 62644 62772 62777 62783 62785 62787"
"J09quad_15x10","5344"
"J09quad_15x15","183559 183560 5336 5338 62754"
"J09quad_15x5","5354 62770 62771 62773"
"J09quad_5x0","184467 184468 184469 184470 184471 62714 62715 62716 62717"
"J09quad_5x10","5425 5431 62745"
"J09quad_5x15","183562 183563 5421 62739"
"J09quad_5x5","183554 183555 183556 5437 62706"
"J10quad_0x0","183567 183568 5507 5509 5511 5513 5515 62793 62795 62797"
"J10quad_0x10","183584 62818"
"J10quad_0x15","5525 62824 62825 62829"
"J10quad_0x5","183585 183586 5519 62798 62799"
"J10quad_10x0","183573 183574 5438 5484 62860 62862"
"J10quad_10x10","183580 183581 5454 62838 62840 62843 62857"
"J10quad_10x15","183577 5462 62844 62846"
"J10quad_10x5","183591 183592 183593 183594 183595 183596 5440 5456 62865"
"J10quad_15x0","181775 5480 5498 5500 5502 62869"
"J10quad_15x10","5474 5476 62848 62852 62853 62858"
"J10quad_15x15","183578 183579 5506 62847 62849 62850"
"J10quad_15x5","183597 183598 183599 183600 5488 5490 5492 5494 62854 62867"
"J10quad_5x0","183569 183570 183571 183572 51614 5549 5555 62816"
"J10quad_5x10","183582 183583"
"J10quad_5x15","183576 184476 5533 5535 62830 62831 62832 62833"
"J10quad_5x5","183587 183588 183589 183590 62802 62808 62813 62837 62864"
"J11quad_0x0","13602 13623 184477 24213 5527 62873 62874 62875 72016"
"J11quad_0x10","13612 184435 184436 184437 184438 184439 184440 62898 62900 62901 62902"
"J11quad_0x15","13659 183544 183545 183546 183547 183548 183549 183550 51366 62905 62906 62907 62908 62910 62912 62964"
"J11quad_0x5","184433 184434 62879 62881"
"J11quad_10x0","13626 13627 184480 184481 184482 184483 184484 184485 62894 62937 62939 62962"
"J11quad_10x10","13648 184445 184446 184447 62923 62924 62928 62950"
"J11quad_10x15","13646 13647 183536 183537 183538 183539 51617 62929 62930 62931"
"J11quad_10x5","13635 184427 184428 62941 62946 62949"
"J11quad_15x0","184486 184487 184488 184489 184490 184491 184492 62957 62960"
"J11quad_15x10","13638 183525 183526 183527 183528 184449 184450 24235 51616 62936 72048"
"J11quad_15x15","13639 13640 183529 183530 183531 183532 183533 183534 183535 62933"
"J11quad_15x5","13634 184426 184493 184494 184495 184496 184497 184498 184499 184500 72026 72029"
"J11quad_5x0","13621 13622 13624 184478 184479 5531 62891 62892 62893 62896"
"J11quad_5x10","13606 13613 13614 13654 13655 184441 184442 184443 184444 62917 62918 62919"
"J11quad_5x15","13652 183540 183541 183542 183543 62913 62914 62915 62916"
"J11quad_5x5","13604 13605 13615 13620 184429 184430 184431 184432 62886"
"J12quad_0x0","184276 23203 62965 62966 62967"
"J12quad_0x10","184271 184272 184273 184274 23217 23223 23225 62987 62988 62989 62990 62991 62992 62995"
"J12quad_0x15","183601 183605 183613 22948 23227 23229 23231 23233 62993 62996 62997 62999 63000 63001 63002"
"J12quad_0x5","184267 184268 184269 184270 62970 62972"
"J12quad_10x0","184279 184280 184281 184282 184283 184284 23056 63031 63032 63046"
"J12quad_10x10","184234 184235 184236 184237 184238 184239 184240 184241 184242 63014 63029"
"J12quad_10x15","184250 23072 23080 63016 63017 63020"
"J12quad_10x5","184251 184252 184297 184298 184299 184300 23066"
"J12quad_15x0","13643 184285 184286 184287 184288 184289 184290 23114"
"J12quad_15x10","184243 184244 184245 184246 184247 63027 63028"
"J12quad_15x15","184248 184249 23086 63022 63024"
"J12quad_15x5","184291 184292 184293 184294 184295 184296 23064 23104 23106 50264 63043 63044"
"J12quad_5x0","184277 184278 23261 23263"
"J12quad_5x10","184226 184227 184229 184230 184231 184232 184233 184275 189404 63009 63011 63012 63013"
"J12quad_5x15","183607 183610 183611 183612 183614 183617 23237 23241 50265 62998 63005"
"J12quad_5x5","184253 184254 184255 184256 184257 184258 184259 184260 184261 184262 184263 184264 184265 184266 62976 62980"
"J13quad_0x0","183603 183608 183609 183618 23040 23042 23265 23269 23275 63056 63057 63058 69471"
"J13quad_0x10","183680 183681 183697 183698 183699 23287 23295 23297 23329 50266 63081 63082 63084"
"J13quad_0x15","184538 184539 184540 23335 23337 23341 23345 63086 63087 63088 63089 69435"
"J13quad_0x5","183668 183669 183670 183671 183673 183674 183675 183676 183677 183678 183679 23281 63060 63061 63062 63063 63064 63066 69470"
"J13quad_10x0","183602 183604 184201 184202 184203 184204"
"J13quad_10x10","23140 23146 63100 63105"
"J13quad_10x15","184528 184529 184530 184531 184532 184533 184534 184535 23154 23156 23158 63094 63096 63108"
"J13quad_10x5","184214 184215 184216 184217 184218 184219 184220 63076"
"J13quad_15x0","184205 184206 23186"
"J13quad_15x10","183688 183689 183690 183692 183693 63116 63119 63120 63121 63122"
"J13quad_15x15","183685 183686 183687 183691 184525 184526 184527 23162 23166 63111 63112 63114 63115 63117"
"J13quad_15x5","184207 184208 184209 184210 184211 184212 184213 23172 23174 63124"
"J13quad_5x0","183606 183615 183616 23271 63051 63052 63053 63080"
"J13quad_5x10","183683 183684 183694 183695 183696 186682 23293 23333 63070 63099 63102 63104"
"J13quad_5x15","184536 184537 23343 23351 63090 63091 63092 63093 63097"
"J13quad_5x5","183667 183672 183700 184221 184222 184223 184224 184225 23357 63050 63068 63073 63074 63077 63079"
"J14quad_0x0","184548 184549 184550 23473"
"J14quad_0x10","184509 23487 23499 23525 63150 63151 63152"
"J14quad_0x15","184566 184567 184568 184569 184570 184571 184572 23503 63153"
"J14quad_0x5","184504 184505 184506 184507 184508 23475 23481 23483 63137"
"J14quad_10x0","184541 184542 184543 184544 184576 184577 184578 23346 23348 23352 23354 63143 63193 63196"
"J14quad_10x10","184517 184518 184519 184520 184521 23368 63172"
"J14quad_10x15","184557 184558 184559 184560 184561 184562 23372 63176 63177 63178"
"J14quad_10x5","184590 184591 184592 184593 184594 184595 184596 184597 184598 184599 23358 23360 23537 63171 63173 63198 63201"
"J14quad_15x0","184579 184580 184581 184582 23410 23412 23414 63191 63306 63307"
"J14quad_15x10","184522 184523 184524 184551 22823 23384 23386 23388 23402 63186 63187 72339"
"J14quad_15x15","184552 184553 184554 184555 184556 23380 23382 63179 63182 63185"
"J14quad_15x5","184583 184584 184585 184586 184587 184588 184589 23408 63303 63304"
"J14quad_5x0","184545 184546 184547 63130 63144 63145"
"J14quad_5x10","18451 184510 184512 184513 184514 184515 184516 23523 63168"
"J14quad_5x15","184563 184564 184565 23513 23515 23619 63155 63156 63157 63158 63159 63160 63330 63333"
"J14quad_5x5","184501 184502 184503 184600 23533 23539"
"J15quad_0x0","184573 184574 184751 184752 184753 184754 184755 23336 23555 23557 23559 63308 63309 63310 63311 63312"
"J15quad_0x10","184750 184899 184900 23569 63335 63336 63338"
"J15quad_0x15","23581 63340"
"J15quad_0x5","184744 184745 184746 184747 184748 189418 23563 23565 23567 63315 63316 63319"
"J15quad_10x0","184760 184763 184770 184771 184773 189415 23490 23494 63231 63234 63235 63399 63400"
"J15quad_10x10","184886 184887 184888 184889 184890 184891 184892 184893 23448 23452 63359 63363"
"J15quad_10x15","184722 184723 184724 184725 23456 23460 63366 63367 63368 63372"
"J15quad_10x5","18437 184732 184733 184734 184735 184736 23426 23430 23480 63206 63207 63210 63211"
"J15quad_15x0","184762 184764 184766 184767 184774 189409 23484 23488 63229 63232"
"J15quad_15x10","184880 184881 184882 184883 184884 184885 23474 23478 63384 63386 63387 63391 63392 63393 63394 63396 63397 63398"
"J15quad_15x15","184877 184878 184879 23466 23468 63374 63375 63376 63377 63378 63380 63381 63388"
"J15quad_15x5","184726 184727 184728 184729 184730 184731 184759 184761 184765 63214 63218 63219 63221 63224 63226"
"J15quad_5x0","184756 184757 184758 184772 184775 23611 23613 23617 63326 63329"
"J15quad_5x10","184894 184895 184896 184897 184898 63348 63349 63354 63355 63364"
"J15quad_5x15","184718 184719 184720 184721 23577 63345"
"J15quad_5x5","184738 184739 184740 184741 184742 184743 23599 23601 23603 23605 63209 63212 63320 63321 63322 63323"
"K00quad_0x0","190915 190916 190917 190919 190920 190921 190922 190931 69138"
"K00quad_0x10","185844 193809 193811 21391 69160"
"K00quad_0x15","185843 193801 193802 21409 69163 69164 69166 69182"
"K00quad_0x5","190902 190903 190904 190905 190906 69142 69144 69161"
"K00quad_10x0","190913 71007 71008"
"K00quad_10x10","193807 193808 21437 69186 69188 69190"
"K00quad_10x15","186758 186759 186761 21425 69191 69193 69195 69198"
"K00quad_10x5","190910 190911 69187 71011 71012"
"K00quad_15x0","190912 21455 71006"
"K00quad_15x10","193804 193805 193806 71004"
"K00quad_15x15","186755 186756 186757 186760 21419 69199 71002"
"K00quad_15x5","21445 21449 71016"
"K00quad_5x0","190914 69155 69157"
"K00quad_5x10","69175"
"K00quad_5x15","186762 186763 186764 186765 186766 69168 69169 69171"
"K00quad_5x5","190907 190908 190909 69145 69152"
"K01quad_0x0","193812 193813 193814 71020"
"K01quad_0x10","193846 193847 193848 21531 71045 71048"
"K01quad_0x15","193864 193865 193866 193867 71050"
"K01quad_0x5","193844 193845"
"K01quad_10x0","193819 193820 193821 193822 69173 71037 71039 71079 71080 71082 71083"
"K01quad_10x10","193850 193851 193852 71061 71062 71064 71065 71066"
"K01quad_10x15","193862 21541 21545 71056 71068"
"K01quad_10x5","193834 193835 193838 193840 71084"
"K01quad_15x0","193823 193824 193825 193827 193828 21471 21473 21477 21481 71078 71090 71093 71094"
"K01quad_15x10","193853 193854 193855 193856 21559 21569 71060 71072 71074 71076 71077"
"K01quad_15x15","193857 193858 193859 193860 193861 71075"
"K01quad_15x5","193830 193831 193832 193833 193837 193839 71087 71088"
"K01quad_5x0","193815 193816 193817 193818 21375 71035 71036 71040 71041"
"K01quad_5x10","193849"
"K01quad_5x15","193863 71052"
"K01quad_5x5","193841 193842 193843 21497 71024 71025 71026 71032"
"K02quad_0x0","188348 190978 21601 21615 71096 71098 71099 71100"
"K02quad_0x10","190970 190971 190972 190973 190974 21625 21631 21635 71112 71113 71114 71115 71118 71119 71120"
"K02quad_0x15","190923 190924 190925 21637 71121"
"K02quad_0x5","190975 190989 21603 21605 21619 71102 71103"
"K02quad_10x0","190979 190980 190981 21577 71167"
"K02quad_10x10","190949 190950 190951 190953 21663 21665 71140 71141 71144 71164"
"K02quad_10x15","190929 190930 190932 21681"
"K02quad_10x5","190985 190986 190987 21579 21669 71170 71171 71175 71176"
"K02quad_15x0","190982 21575 71168 71187 71188 71189 71191"
"K02quad_15x10","190935 190947 190948 190952 21675 21691 21693 21703 71159 71160 71162 71163 71165 71166"
"K02quad_15x15","190933 190934 21685 23620 23622 71154 71158"
"K02quad_15x5","190983 190984 21695 21697 71180 71181 71186"
"K02quad_5x0","185842 188346 188347 190977 190990 21587 21591 71107 71110 71111"
"K02quad_5x10","190954 190955 190956 21611 21613 21621 21623 21639 21657 71130 71131 71132 71133 71135 71136 71137"
"K02quad_5x15","190926 190927 190928 21645 21649 21715 51351 71122 71123 71124 71126 71127 71128 71148 71150 71216 71217"
"K02quad_5x5","190988 21609 71104 71105 71173"
"K03quad_0x0","191078 191079 191080 191081 191082 191083 21727 71192 71193 71194 71195 71198 71215"
"K03quad_0x10","188361 188362 188363 21745"
"K03quad_0x15","188356 188357 188358 188359 21753 21755 21759 71223 71224 71225"
"K03quad_0x5","185841 191084 191085 191086 191087 191088 191089 191090 191091 21735 21739 71200 71201 71203 71204 71206"
"K03quad_10x0","185570 185571 21707 21709 21713 71253 71255 71256 71266"
"K03quad_10x10","188335 188339 188365 188367 21789 21791 71236 71243 71244 71245 71262"
"K03quad_10x15","18353 188352 21777 71246"
"K03quad_15x0","185572 185573 185574 185575 185576 21705 21799 21801 71265 71269 71270"
"K03quad_15x10","188340 188343 188344 188366 71251 71252"
"K03quad_15x15","188349 188350 21781 71247"
"K03quad_15x5","188337 188338 188341 188342 71263"
"K03quad_5x0","185567 185568 185569 191076 191077 71214 71218"
"K03quad_5x10","188364 21757 21769 51353 71208 71235 71237 71240 71241"
"K03quad_5x15","185840 188354 21763 21765 21771 71226 71227 71228 71229 71231 71232 71356"
"K03quad_5x5","188345 71210 71211"
"K04quad_0x0","182912 182913 182914 182915 182916 182917 182918 182919 21843 71273"
"K04quad_0x10","182901 182902 182903 182954 182955 182956 182957 21859 62288 62290 71292 71294 71296 71297 71298 71299 71300 71303"
"K04quad_0x15","182972 182973 182974 182975 182976 182977 182978 184076 184077 62283 71305 71306 71307 71308 71309"
"K04quad_0x5","182910 21845 21847 21849 71274 71275 71277 71278 71280 71281 71282"
"K04quad_10x0","182909 21825 21831 71354 71355"
"K04quad_10x10","182962 21819 51354 71325 71326 71327 71331 71334 71351"
"K04quad_10x15","184081 184082 184083 185839 24803 71333 71335 71337 71340 71343 71518"
"K04quad_10x5","182906 21813 21815 71357 71358 71359 71360 71361 71362 71363"
"K04quad_15x0","182907 182908 71367 71368"
"K04quad_15x10","21893 21895 21897 71348 71350 71353"
"K04quad_15x15","182963 182964 182965 182966 182967 182968 182969 184085 184086 184087 71344 71345 71347"
"K04quad_5x0","182911 21823 21827 21829"
"K04quad_5x10","182958 182959 182960 182961 71287 71293 71315 71319 71320 71321 71322 71323 71324"
"K04quad_5x15","184078 184079 184080 21871 21889 71312 71313 71314 71316 71380 71381 71382"
"K04quad_5x5","182904 182905 71283 71284 71285 71286 71289 71290"
"K05quad_0x0","24833"
"K05quad_0x10","182934 182935 182936 71373 71383 71385 71387"
"K05quad_0x15","182937 182938 182939 182940 24859 71388 71389 71390"
"K05quad_0x5","182932 182933 71372"
"K05quad_10x0","183916 71521"
"K05quad_10x10","183920 183928 71399"
"K05quad_10x15","183929 183930 183931 183932 183933 24875 24877 71503 71550 71615"
"K05quad_10x5","183917 183918 183919 71523"
"K05quad_15x0","183913 183914 183915 183922 183923 24807 24813 71530"
"K05quad_15x10","183912 183926 183927 71513"
"K05quad_15x15","183907 183908 183909 183910 183911 24885 24887 71512 71613"
"K05quad_15x5","183921 183924 183925 71524 71525 71526"
"K05quad_5x0","182022 182023 182024 182979 182980 71379 71519"
"K05quad_5x10","182942 182943 24867 71386"
"K05quad_5x15","182941 24861 71394 71396 71397 71551 71553"
"K05quad_5x5","182931 182981 24847"
"K06quad_0x0","183901 183902 183903 183906 71531 71532"
"K06quad_0x10","183941 183942 183943 183944 183945 185837 71537 71560 71561 71562 71564 71565 71567"
"K06quad_0x15","71569"
"K06quad_0x5","183972 183973 183974 183975 183976 183977 183978 183979 183980 183981 183982 71533 71535"
"K06quad_10x0","183905 183967 185838 24983 24989 71617 71618 71619 71620"
"K06quad_10x10","183934 183935 183936 184000 71591 71592"
"K06quad_10x15","183949 183950 183956 71582 71584 71596 71597"
"K06quad_10x5","183986 183987 183988 183989 183990 183991 183992 71544 71546 71622"
"K06quad_15x0","113701 113703 113705 113707 183971 71611 71612 71628"
"K06quad_15x10","183995 183996 183997 183998 183999 24959 71606 71607 71608"
"K06quad_15x15","183951 183952 183953 183954 183958 183959 183962 71600 71602 71603"
"K06quad_15x5","113715 183993 183994 71625 71626"
"K06quad_5x0","183904 24987"
"K06quad_5x10","183937 183938 183939 71557"
"K06quad_5x15","183946 183947 185835 24939 71577 71578 71580"
"K06quad_5x5","183984 183985 185836 24979 71540"
"K07quad_0x0","113759 183960 183963 71403"
"K07quad_0x10","183643 71428 71429 71430 71431 71432"
"K07quad_0x15","183619 183620 183621 71437 71438 71439 71441 71442 71443 71444 71445 71446"
"K07quad_0x5","183644 183645 183646 183647 183648 71404 71406 71407 71408 71410"
"K07quad_10x0","113733 183964 183965 71422 71498 71499 71500 71630 71631"
"K07quad_10x10","113829 183639 183640 183641 50395 71463 71464 71467 71495"
"K07quad_10x15","113845 183624 185834 71470 71472 71473 71474 71475 71476 71482"
"K07quad_10x5","113729 113795 113823 183652 183653 183654 183655 71466 71632 71633 71638 71641 71644"
"K07quad_15x0","113721 113803 183659 183660 183661 183662 183663 183664 183665 183666 71654 71655 71656 71658 71659 71661"
"K07quad_15x10","183629 183630 183632 183633 183634 183635 183636 183637 183638 183803 71496 71497"
"K07quad_15x15","113859 113865 183626 183627 183628 71477 71478 71479 71480 71481 71485 71487 71488 71489 71490"
"K07quad_15x5","183656 183657 183658 71494 71645 71646 71648 71649 71650 71651 71652"
"K07quad_5x0","113741 113747 183955 183957 183961 71420 71421 71424 71426"
"K07quad_5x10","113775 113779 113785 183642 71412 71457 71459 71460 71461 71468"
"K07quad_5x15","113839 183622 183623 183631 71447 71448 71450 71453 71454 71455 71471"
"K07quad_5x5","113791 183649 183650 183651 71411 71413 71414 71415 71416 71417 71418 71637"
"K08quad_0x0","114013 183876 183877 183878 183879 183880 71663 71666 71667 71668 71669 71673"
"K08quad_0x10","183828 183829 183830 71694"
"K08quad_0x15","183821 62647 71696 71697 71700 71701"
"K08quad_0x5","183826 183827 5226 71680"
"K08quad_10x0","113897 113899 183884 183885 183886 71730 71732 71734"
"K08quad_10x10","183834 183835 183836 71710 71711 71712 71713 71746"
"K08quad_10x15","114051 114053 114055 183845 183847 183848 183849 71714 71715 71716 71717 71718 71719"
"K08quad_10x5","183894 183895 183897 183898 183899 71735 71737 71740 71742 71745"
"K08quad_15x0","183887 283888 71756 71757 71758 71759 71760 71761 71762 71764 71765"
"K08quad_15x10","183837 183838 183839 183840 71725 71726 71727 71728 71729"
"K08quad_15x15","114043 183841 183842 183843 183844 71720 71721 71722 71723"
"K08quad_15x5","113869 113877 183889 183890 183891 183892 183893 71747 71748 71750 71752 71754 71755"
"K08quad_5x0","113887 114005 183881 183882 183883 71665 71686 71687 71688 71691 71692 71693"
"K08quad_5x10","114027 114031 114065 183831 183832 183833 71705 71706 71707 71709"
"K08quad_5x15","183823 183850 71702 71703"
"K08quad_5x5","113883 18325 183824 183896 183900 71682 71683 71685 71741"
"K09quad_0x0","183820 71766 71767 71770 71772"
"K09quad_0x10","183806 24505 24511 24517 71800 71801 71803 71806 71807 71808 71809 71810"
"K09quad_0x15","184813 184814 24519 24521 71812 71813 71814 71815 71816"
"K09quad_0x5","183807 183808 24497 24499 24501 71774 71775 71776 71780 71802"
"K09quad_10x0","183815 71847 71848 71851 71865"
"K09quad_10x10","183804 24572 71830 71832"
"K09quad_10x15","24576 24584 24586 71836 71837"
"K09quad_10x5","183811 183812 24558 24560 71849 71853 71854 71855"
"K09quad_15x0","183813 183814 24616 24618 24622 24624 71864"
"K09quad_15x10","183801 183802 184801 184802 184803 184804 184805 184807 184808 24574 24606 70690 71842 71843 71845 71846 71860 71861"
"K09quad_15x15","184809 184810 24580 24594 71840"
"K09quad_15x5","24562 24570 24612 71857 71862 71863"
"K09quad_5x0","183816 183817 183818 183819 183822 191700 24545 24549 24551 24553 71788 71791 71793 71796 71797 71799"
"K09quad_5x10","183805 24507 24535 71804 71822 71825 71826 71827 71828"
"K09quad_5x15","184811 184812 71817"
"K09quad_5x5","183809 185833 24539 71779 71781 71785 71786 71787"
"K10quad_0x0","184815 24127 24129 24139 24141 24203 71866 71867"
"K10quad_0x10","182047 182048 182049 191696 71883 71884 71885 71886 71887 71888 71889 71890 71891 71892 71909"
"K10quad_0x15","191644 191646 24173 71893 71894 71895 71896 71897 71899 71900 71901 71902 71903 71904"
"K10quad_0x5","184817 184824 184849 184850 24147 24151 24153 24155 71869 71873 71874"
"K10quad_10x0","184819 184825 24197 24312 24314 24316 71974 71976 71977"
"K10quad_10x10","184830 184831 184832 184833 184834 191637 191665 191666 191667 191668 191669 24320 71924 71927 71928 71930 71932 71933 71938 71942"
"K10quad_10x15","184846 191640 191641 191642 191659 191660 191661 71944 71948 71949 71951"
"K10quad_10x5","191698 71935 71936 71979 71981 71982 71983 71984 71985 71986 71988 71989 71990"
"K10quad_15x0","191699 24354 24356 24358 71639 71841 71991 71995 71996 71998 72000 72001 72002 72003"
"K10quad_15x10","184835 191664 71969 71970 71971 71972"
"K10quad_15x15","184826 184836 191639 191663 24332 71954 71955 71956 71957 71959 71965 72115"
"K10quad_15x5","184821 185832 71992"
"K10quad_5x0","184816 24199 71877 71878 71879 71882"
"K10quad_5x10","182050 184827 184828 184829 191695 24183 71917 71918 71919 71920 71922 71923 71937"
"K10quad_5x15","184844 184845 191643 191694 24181 71905 71907 71908 71910 71911 71914 71915"
"K10quad_5x5","184822 191697 24189 24191 71875 71876"
"K11quad_0x0","184837 184838 184839 184840 184841 184842 184843 184847 72004 72009 72010 72011 72012 72013 72015 72018 72019 72020"
"K11quad_0x10","191632 191652 191692 72044"
"K11quad_0x15","191603 191604 191605 191606 191607 24239 24245 72049 72050 72052 72054 72055"
"K11quad_0x5","191623 191626 191629 24223 72023 72024 72025 72031"
"K11quad_10x0","191645 191651 191653 72099 72100 72102 72113 72114"
"K11quad_10x10","184806 191654 24372 72076 72077 72078"
"K11quad_10x15","185830 191613 191615 191616 191617 24257 24386 72068 72079 72080 72081 72082 72086 72087"
"K11quad_10x5","191625 191631 191649 72104 72105 72106"
"K11quad_15x0","191633 24410 72111"
"K11quad_15x10","191620 191621 191622 191647 24398 24402 72095 72096"
"K11quad_15x15","191618 191619 191691 24388 72088 72089 72090"
"K11quad_15x5","191650 191655 24416 72110"
"K11quad_5x0","184848 191634 191636 191656 191657 191658 24277 24279 72038 72039 72041 72042"
"K11quad_5x10","191648 24263 24267 72033 72069 72070 72071 72072 72073"
"K11quad_5x15","185831 191608 191610 191611 72058 72063 72066"
"K11quad_5x5","191627 191628 191693 24269 24271 24275 72034 72035 72037"
"K12quad_0x0","183851 183853 183854 183855 191601 191602 23913 51367 72056 72057 72118 72119 72121"
"K12quad_0x10","182996 182997 182998 191001 191002 191003 191004 191005 23937 23947 23949 72145 72146"
"K12quad_0x15","182999 183000 191006 191007 191688 23951 72147 72148 72149 72150"
"K12quad_0x5","183862 183863 183864 183865 183866 183867 183868 183869 23925 72122"
"K12quad_10x0","183859 183860 183861 72138 72183 72186 72188"
"K12quad_10x10","182990 182991 191689 72158 72164"
"K12quad_10x15","191009 191686 72165 72166 72167 72168 72169 72170 72171 72278 72279"
"K12quad_10x5","183874 183875 24006 72191 72193 72194"
"K12quad_15x0","24048 70896 72198 72199 72200 72201 72202 72203 72204"
"K12quad_15x10","182985 182987 182988 182989 24014 72179"
"K12quad_15x15","191010 191011 191012 191685 72173 72174 72175 72176 72313"
"K12quad_15x5","182982 182983 182984 182986 24036 24040 70897 72180 72182 72196"
"K12quad_5x0","183856 183857 183858 23915 24251 72061 72139 72141 72142 72144"
"K12quad_5x10","182992 182993 182995 23969 72134 72156 72159 72160 72161"
"K12quad_5x15","191008 191687 23963 72152 72153 72239"
"K12quad_5x5","183870 183871 183872 183873 191690 23971 72125 72126 72127 72129 72130 72132 72135"
"K13quad_0x0","23993 72207 72209 72210 72211 72212 72218 72219 72220"
"K13quad_0x10","188314 188315 188316 188317 72241 72242 72243 72245 72246 72247"
"K13quad_0x15","183502 183503 183504 183505 191674 23825 72248 72249 72252"
"K13quad_0x5","188301 191032 191033 23997 72205 72216 72217"
"K13quad_10x0","191017 191018 191019 191684 72283 72284 72285"
"K13quad_10x10","188319 188320 188321 188322 24070 72262 72264"
"K13quad_10x15","188328 188330 188331 72254 72256 72265 72266 72269 72271"
"K13quad_10x5","191034 191038 191040 191042 191678 23855 72232 72233 72235 72282 72286 72287 72288 72289 72294 72297"
"K13quad_15x0","191683 72305 72307 72308 72310 72312"
"K13quad_15x10","185827 188307 188310 188311 188312 188313 191043 191044 191045 191047 191048 191049 24092 72259 72260 72276"
"K13quad_15x15","188323 188324 188325 188326 188327 72270 72274 72275 73526"
"K13quad_15x5","191020 191021 191022 191023 191024 191025 191026 191027 191028 191029 191030 191031 191682 24098 72280 72290 72291 72292 72293 72301 72303"
"K13quad_5x0","191013 191014 191015 191016 23861 23865 23873 72206 72236 72238"
"K13quad_5x10","188318 191676 23845 72240"
"K13quad_5x15","183501 188329 188332 188333 188334 191675 23821 23829 72250"
"K13quad_5x5","188302 188303 188304 188305 191035 191036 191037 191039 191679 191680 191681 23847 23849 72223 72230 72231"
"K14quad_0x0","183506 183507 22801 72315 72316"
"K14quad_0x10","188368 188369 188370 188371 188372 22815 22821 72331 72334 72336 72337"
"K14quad_0x15","188373 188374 188375 188376 188377 188379 188380 188381 22831 22833 72335 72342 72343 72345 72346 72347"
"K14quad_0x5","183523 191071 191072 191073 191074 191075 191670 191671 72318"
"K14quad_10x0","183515 183516 183517 183518 183519 183520 23502 23504 23506 23508 72272 72328 72379 72380 72382 72383"
"K14quad_10x10","191052 191053 72354"
"K14quad_10x15","188385 188386 188387 188388 23524 23534 72358 72363"
"K14quad_10x5","191066 191067 191068 23514 72384 72385 72386 72387 72388"
"K14quad_15x0","183521 183522 191672 191673 23554 23556 72376 72377 72378"
"K14quad_15x10","191054 191055 191056 191057 191058 191059 23544 23548 72368 72369 72370 72374"
"K14quad_15x15","188389 188390 188391 188392 188393 188394 188395 23530 72359 72364 72366 72367"
"K14quad_15x5","191060 191061 191062 191065 23552 23673 72389 72390 72391 72393 72395"
"K14quad_5x0","183508 183509 183510 183511 183512 183513 183514 22859 72327"
"K14quad_5x10","191051 191063 191064 22847 22849 72353"
"K14quad_5x15","188382 188383 188384 22843 72340 72348 72350 72351"
"K14quad_5x5","191069 191070 22813 22855 72323 72325 72326"
"K15quad_0x0","185581 185582 185583 185584 185585 22873 22875 63230 72398 72399 72400 72401 72402 72403 72406 72411"
"K15quad_0x10","190958 190962 190968 190992 23472 63390 72438 72439 72441 72442 72443 72444 72446 72447"
"K15quad_0x15","191092 191093 63389 72448 72449 72450"
"K15quad_0x5","190965 190966 190967 190993 190996 22881 22885 72413 72421 72427"
"K15quad_10x0","185589 185590 185591 185592 22852 23568 72515 72516 72518 72519 72520"
"K15quad_10x10","188396 22832 23592 23600 72472"
"K15quad_10x15","190940 191099 191100 22820 72481 72482 72483 72485 72486"
"K15quad_10x5","190999 23574 23582 23584 72466 72470 72521 72522 72523"
"K15quad_15x0","185593 185594 185595 185596 185597 185598 185599 185600 22844 72532 72536 72537 72538 72540 72541"
"K15quad_15x10","18397 188398 188399 188400 190946 22830 72488 72493 72494 72495 72496 72498 72499 72500 72502 72503 72504 72505 72507"
"K15quad_15x15","185577 190936 190937 190938 190942 190943 190945 72489 72490 72497"
"K15quad_15x5","185578 185579 185580 190964 190991 190994 190995 190997 190998 191000 22834 22836 22838 22840 22842 72525 72526 72527 72528 72529 72530 72531 72533 72534 72535"
"K15quad_5x0","185586 185587 185588 23641 23649 23651 23653 72429 72430 72431"
"K15quad_5x10","190939 190941 190944 190957 23629 72432 72435 72459"
"K15quad_5x15","191094 191095 191096 191097 191098 23627 72452 72456 72473 72475 72476"
"K15quad_5x5","190959 190960 190961 190963 190969 23633 23637 72423 72424 72425 72426 72458 72463 72464"
"L00quad_0x0","187022 21446 69903 69914"
"L00quad_0x10","187030 187031 187032 21606 69916 69917 69919 69920 69927"
"L00quad_0x15","187033 187035 69921"
"L00quad_0x5","187025 21612 69905 69907"
"L00quad_10x0","21572 21574 23650"
"L00quad_10x10","21588 21644 69947 69949 69950 69953"
"L00quad_10x15","187037 187066 21684 69929 69930 69932"
"L00quad_10x5","187027 69961 69962"
"L00quad_15x0","187024 69956 69963"
"L00quad_15x10","21642 21646 21648 21650 69941"
"L00quad_15x15","187064 187065 21674 69931 69933 69934 69936 69937 69940"
"L00quad_15x5","187028 21666 21668"
"L00quad_5x0","187023 21450"
"L00quad_5x10","21594 21598 21616 69925"
"L00quad_5x15","187034 187036 69955"
"L00quad_5x5","21564 21566 69909 87026"
"L01quad_0x0","187059 21688 21690 69923 69967 69985"
"L01quad_0x10","188946 21824 21828 69986"
"L01quad_0x15","21830 21832 50357 69987 69988 69989 69991"
"L01quad_0x5","187041 187045 187048 69968 69969 69971 69972"
"L01quad_10x0","187040 187053 187056 21726 21732 70030 70031"
"L01quad_10x10","188942 188943 188944 188945 21776 21778 21780 21784 21790 70014"
"L01quad_10x15","188934 188935 21802 21804 21806 69999 70016 70017 70018 70019 70020 70021 70022 70023 70024 70025"
"L01quad_10x5","187044 70026 70035 70036"
"L01quad_15x0","187038 187050 187051 187052 187060 187063 21760 70039"
"L01quad_15x10","188940 188941 21770 21774 70007 70008"
"L01quad_15x15","188936 188937 188938 188939 21800 70001 70002 70005 70006"
"L01quad_15x5","187047 187054 187055 187058"
"L01quad_5x0","187039 187043 187049 187057 187061 187062 21694 21700 21708 69983 70032"
"L01quad_5x10","21786 21788 69375 69973 69997 69998"
"L01quad_5x15","188930 188931 188932 188933 21812"
"L01quad_5x5","187042 187046 21710 69978 69979 70034"
"L02quad_0x0","188927 188928 188929 21834 21842 70042 70043 70044"
"L02quad_0x10","188964 188965 188966 188969 23612 23616 70061"
"L02quad_0x15","193874 193875 70057"
"L02quad_0x5","188962 188963 23604 23606 70047 70048 70049"
"L02quad_10x0","188953 188954 188955 21862 21864 21866 70074 70080"
"L02quad_10x10","193868"
"L02quad_10x15","193871 193872 23640 23644 70063 70069"
"L02quad_10x5","188958 188959 70076 70079 70082"
"L02quad_15x0","188956"
"L02quad_15x10","193870"
"L02quad_15x15","23724 70066"
"L02quad_15x5","188957 21878"
"L02quad_5x0","188926 21860"
"L02quad_5x10","193869 70050 70060"
"L02quad_5x15","193873 23630 23632 70059"
"L02quad_5x5","188960 188961 21850 70051 70052"
"L03quad_0x0","193876 193877 193878 193895 23658 70087"
"L03quad_0x10","23700 70091 70099"
"L03quad_0x15","191418 191419 191420 191421 191422 23768 23770 70100 70101"
"L03quad_0x5","191401 193893 193894 23682 23684 70088"
"L03quad_10x0","193881 193882 70130"
"L03quad_10x10","191405 191406 23750 70110"
"L03quad_10x15","23744"
"L03quad_10x5","193886 193887 23676 23708"
"L03quad_15x0","23722 23728"
"L03quad_15x10","191407 191408 191409 23732 23738 70121 70123 70124 70132"
"L03quad_15x15","191410 191411 23736 23740 70115 70117 70118 70119"
"L03quad_15x5","193883 193884 193885 70133 70134"
"L03quad_5x0","193879 193880 23664 23668 23678"
"L03quad_5x10","191402 191403 19144 23698 70093 70095 70111 70112 70113"
"L03quad_5x15","191416 191417 70103 70104 70106 70107"
"L03quad_5x5","193888 193889 193890 193891 193892 23694 70092 70097"
"L04quad_0x0","181997 181999 182000 185867 23778 23800 70140"
"L04quad_0x10","181982 181983 181984 23900 70148 70151 70152 70200"
"L04quad_0x15","181952 181955 181956 181957 70153 70160"
"L04quad_0x5","181985 23802 70141 70142"
"L04quad_10x0","23832 70256 70260"
"L04quad_10x10","181976 23864 70228 70230 70233 70234 70235 70236 70237 70239"
"L04quad_10x15","181966 181967 181968 181969 181970 23870 23874 23880 70201 70202 70204 70205 70206 70208 70209 70210 70240 70241 70243 70244 70245 70246 70247 70249"
"L04quad_10x5","181989 181990 23818 23824 23826 23830 23846 70261 70262 70263 70264"
"L04quad_15x0","181996 23834 23836 70250 70252 70255 70273 70274 70276"
"L04quad_15x10","181974 181975 23848 23856 23858 70221 70222 70224 70225 70226 70267 70268"
"L04quad_15x15","181971 181972 181973 23854 70211 70212 70214 70215 70216 70217"
"L04quad_15x5","181991 181992 181993 181994 181995 23842 23844 23850 70257 70258 70270 70271"
"L04quad_5x0","23780 23782 23784 23788 23790 23792"
"L04quad_5x10","181977 181978 181979 181980 181981 23884 70147 70184 70185 70186 70187 70188 70189 70190 70194 70195 70197 70198 70199"
"L04quad_5x15","181953 181954 181958 181959 181960 181961 181962 181963 181964 181965 23866 23882 23888 70156 70162 70163 70164 70165 70168 70169 70170 70172 70173 70174 70176 70177 70178 70180 70299 70300"
"L04quad_5x5","181986 181987 181988 23798 23806 23816"
"L05quad_0x0","181951 183796 183797 183798 183799 183800 24812 70278 70304 70305"
"L05quad_0x10","183775 183777 190340 190350 23962 23996 24000 24802"
"L05quad_0x15","190325 190326 190327 23994 70309 70312 70314"
"L05quad_0x5","183778 183779 183780 24808 70280 70281 70284 70285"
"L05quad_10x0","183791 183792 23918 70348 70349 70350 70352 70353 70354 70355"
"L05quad_10x10","190343 190344 190345 23948 70327 70340 70341 70342 70358 70359"
"L05quad_10x15","190330 190331 190332 190333 190334 23984 70330 70331 70343"
"L05quad_10x5","183782 183783 23932 23944 70289 70290 70357 70360 70361"
"L05quad_15x0","183790 70345 70346 70368"
"L05quad_15x10","190341 190342 70335 70336 70337"
"L05quad_15x15","190335 190336 190337 190338 190339 23972 70332 70333 70334 70411"
"L05quad_15x5","183785 183786 183787 183788 183789 70363 70364 70365 70366 70367"
"L05quad_5x0","183793 183794 183795 23910 70293 70297 70298 70301 70302 70303"
"L05quad_5x10","190346 190347 190348 190349 70320 70321 70322 70323 70326"
"L05quad_5x15","190328 190329 23988 23990 23992 70315 70318"
"L05quad_5x5","183781 70292"
"L06quad_0x0","190320 190321 190324 24844"
"L06quad_0x10","183776 190302 190303 190304 24944 70383 70392"
"L06quad_0x15","183716 183717 70387"
"L06quad_0x5","24862 24864"
"L06quad_10x0","190313 190314 190316 190317 190318 190322 190323 70415 70420 70423 70425"
"L06quad_10x10","183728 183729 183731 183732 24876 24924 70400 70404 70405 70406"
"L06quad_10x15","183720 70407 70410"
"L06quad_10x5","190309 190310 70426 70429 70432 70433"
"L06quad_15x0","24896 70412 70443 70444 70446 70447"
"L06quad_15x10","183723 183724 183725 183726 183727 24928 70395 70397"
"L06quad_15x15","183721 183722 24932 70393 70394"
"L06quad_15x5","190311 190312 70434 70438 70439"
"L06quad_5x0","190319 24846 24848 24850 50350 70378 70379 70424"
"L06quad_5x10","183733 190301 190400 24866 24868 24872 70390"
"L06quad_5x15","183718 183719 183730 24938 24940 51342 70389 70408 70409"
"L06quad_5x5","190305 190306 190307 190308 24856 70373"
"L07quad_0x0","183715 24956 24958 70449 70468 70469"
"L07quad_0x10","113786 183734 183735 183736 70470 70487"
"L07quad_0x15","113768 113770 183753 183754 183755 183774 70473 70474"
"L07quad_0x5","183756 183757 70450 70452 70453 70454 70455 70457 70458 70459 70463"
"L07quad_10x0","183708 24976 24986 70526 70528"
"L07quad_10x10","113736 183740 183741 25000 70509 70511 70513"
"L07quad_10x15","183748 183749 70480 70488 70489 70490 70514"
"L07quad_10x5","183761 183762 183763 183764 183765 24992 70524 70529 70530 70532 70533 70535 70537"
"L07quad_15x0","183703 183704 183705 183706 183707 70515 70516 70517 70518 70520 70522 70546 70547"
"L07quad_15x10","113728 183742 183743 183744 183745 70498 70500 70501 70505 70506 70541"
"L07quad_15x15","113748 113756 183746 183747 70492 70493 70494 70495 70496"
"L07quad_15x5","183701 183702 183766 70539 70542 70543 70544 70545"
"L07quad_5x0","183709 183710 183711 183712 183713 183714 70465 70466"
"L07quad_5x10","113762 183737 183738 183739 183752 70478 70479 70482 70483 70484 70486"
"L07quad_5x15","113764 183750 183751 70477"
"L07quad_5x5","183758 183759 183760 70460 70461 70462 70464"
"L08quad_0x0","113792 113794 113796 183769 183771 183772 183773 70549 70551 70552 70565 70566"
"L08quad_0x10","183767 183768 190373 190374 190375 190376 70567 70571 70594 70595"
"L08quad_0x15","113898 190363 190364 190365 190366 70572 70573 70576 70577 70578"
"L08quad_0x5","190377 190378 190379 190380 190383 70553 70554 70555 70556 70558"
"L08quad_10x0","113804 190396 190397 70632 70633"
"L08quad_10x10","113844 190368 190369 190370 70612 70614 70615 70617 70618 70619 70620 70621 70622"
"L08quad_10x15","113852 190356 190357 190358 70583 70597 70598 70604 70623 70624 70625 70627"
"L08quad_10x5","190384 190386 190387 70634 70637 70640 70641"
"L08quad_15x0","190385 190392 190393 190394 190395 70629 70630 70651 70655 70656 70657 70658"
"L08quad_15x10","113872 113874 70606 70607 70609 70610 70611 70613"
"L08quad_15x15","185526 185527 185528 185529 185530 185531 185532 185533 190351 190352 190353 190354 190355 70599 70600 70601 70602 70605"
"L08quad_15x5","190388 190389 190390 190391 70642 70645 70646 70647 70653 70654"
"L08quad_5x0","113812 190398 190399 70563"
"L08quad_5x10","190371 190372 70588 70589 70592"
"L08quad_5x15","113888 113892 113894 190359 190360 190361 190362 190367 70579 70584 70586 70587"
"L08quad_5x5","190381 190382 70559"
"L09quad_0x0","185523 185524 185525 24557 24579 70660 70689"
"L09quad_0x10","188267 188268 24567 24591 24597 70698 70699 70701"
"L09quad_0x15","188289 24599 24601"
"L09quad_0x5","185501 24565 70663"
"L09quad_10x0","185517 185518 185519 185520 24630 24632 24634 70720 70722 70724 70726 70727"
"L09quad_10x10","188275 188276 24674"
"L09quad_10x15","188295 188296 188297 188298 24662 70703 70704 70713 70714 70715 70716"
"L09quad_10x5","185505 185506 185507 185508 24650 70733 70736 70737"
"L09quad_15x0","185513 185514 185515 185516 24700 70717 70719 70749 70750 70751"
"L09quad_15x10","105865 188277 188279 188280 24672 24686 70705 70709 70710 70711"
"L09quad_15x15","188278 188281 188282 188283 188284 188285 188286 188287 188288 24668 70707 70708"
"L09quad_15x5","185510 185511 185512 70740 70743 70744 70746 70747 70748"
"L09quad_5x0","185521 185522 24581 24583 24627 24628 24633 70675 70676 70677 70678 70679 70680 70681 70683 70684"
"L09quad_5x10","188269 188270 188271 188272 188273 188274 70694 70695 70696"
"L09quad_5x15","188290 188291 188292 188293 188294 24603 70691 70693"
"L09quad_5x5","185502 185503 185504 185509 24587 24609 24617 24619 24623 70664 70667 70669 70670 70671"
"L10quad_0x0","188232 188233 188299 188300 24401 24405 24407 70753 71997"
"L10quad_0x10","189765 189766 189767 24417 70767 70769 70789"
"L10quad_0x15","188244 188245 188246 24419 70779"
"L10quad_0x5","189756 189757 189758 189759 189760 189761 189762 189763 189764 24411 24415 70754 70755 70756 70757"
"L10quad_10x0","188219 188221 188222 188223 188224 70815 70818 70819"
"L10quad_10x10","189770 189771 189772 189773 24446 70808 70809"
"L10quad_10x15","188238"
"L10quad_10x5","188204 188205 24428 24436 70804 70806 70807"
"L10quad_15x0","188211 188212 188213 188214 188215 188216 188217 188218 70810 70811 70813 70825 70828 70829 70830"
"L10quad_15x10","188234 188235 189774 189775 24474 70798 70799 70800"
"L10quad_15x15","188236 188237 70792 70793 70794 70795 70796 70797"
"L10quad_15x5","188206 188207 188208 188209 188210 24466 70803 70821 70822 70823 70824"
"L10quad_5x0","188225 188226 188227 188228 188229 188230 188231 70761 70762 70764"
"L10quad_5x10","189769 24429 70787"
"L10quad_5x15","188239 188240 188241 188242 188243 189768 70778 70784"
"L10quad_5x5","189751 189752 189753 189754 189755 24432 24435 70759 70788"
"L11quad_0x0","188247 188248 188249 188250 188251 188252 188253 24408 24457 70833 70834 70835 70836 70848"
"L11quad_0x10","189740 24404 70850 70855 70856"
"L11quad_0x15","189784 24465 72092 72093"
"L11quad_0x5","189733 189734 189735 189736 189737 189738 189739 70837 70838 70839"
"L11quad_10x0","188259 188260 188261 188262 188263 188264 50346 70885 70888 70889"
"L11quad_10x10","189742 189743 189744 189745 24498 70872 70873 70880"
"L11quad_10x15","189780 189781 189782 70859 70860 70876 70877 70878 70879"
"L11quad_10x5","24490 24494"
"L11quad_15x0","188265 188266 24538 70890 70891"
"L11quad_15x10","189746 189747 189748 189749 189750 189776 70866 70867 70868 70871"
"L11quad_15x15","189777 189778 189779 24512 70861 70862 70863 70965 75897"
"L11quad_15x5","189725 24534 70870"
"L11quad_5x0","188254 188255 188256 188257 188258 24481 70780"
"L11quad_5x10","189741 70852"
"L11quad_5x15","189783 70851"
"L11quad_5x5","189726 189727 189728 189729 189730 189731 189732 70840"
"L12quad_0x0","189785 70892 70894 70895"
"L12quad_0x10","192312 192313 192314 192396 192397 192398 192399 192400 23885 23889 23897 24001"
"L12quad_0x15","192365 192366 192367 192368 192369 192370 192371 70932 70935"
"L12quad_0x5","192310 192311 23877 23883 70901 70903"
"L12quad_10x0","189789 189791 24210 24216 70922 70972 70973 70974 70975 70976 70986"
"L12quad_10x10","192388 192389 192390 192391 192392 24224 70962 70963 70987"
"L12quad_10x15","192376 192377 192378 24230 24234 70938 70940"
"L12quad_10x5","189799 189800 192301 192302 192303 192304 192305 192306 192307 24258 70912 70977 70978 70979 70981 70982 70983 70984"
"L12quad_15x0","189792 189793 189794 189795 189796 189797 70967 70968 70970 70971 73502 73503 73504"
"L12quad_15x10","192383 192384 192385 192386 192387 24242 24244 24246 70988"
"L12quad_15x15","192379 192380 192381 192382 70946 70948 70949 70950 70952"
"L12quad_15x5","189798 70993 70994 70995"
"L12quad_5x0","189786 189787 189788 70919 70920 70923"
"L12quad_5x10","192393 192394 192395 24017 24019 24023 70905 70929"
"L12quad_5x15","192372 192373 192374 192375 24005 24011 70936 70937 70939"
"L12quad_5x5","192308 192309 24027 24029 70904 70908 70909 70911 70917"
"L13quad_0x0","192360 192361 192362 192363 192364 24047 24053 73505 73506"
"L13quad_0x10","189705 189706 189707 73524 73541 73542 73543"
"L13quad_0x15","185828 189708 189709 189710 189711 189712 73527 73529 73530"
"L13quad_0x5","192316 192317 192318 192319 192320 192321 192354 24057 24059 24061 73507 73508 73511"
"L13quad_10x0","24264 24268 24310 73579"
"L13quad_10x10","192346 192347 192348 192349 192350 192353 192355 24288 73563 73568 73569 73570 73574 73575"
"L13quad_10x15","189714 189715 189716 189717 189718 73546 73548 73549 73576"
"L13quad_10x5","192332 192333 73583 73584 73586"
"L13quad_15x0","192351 192352 192356 192357 24300 24302 24308 73578 73595 73597"
"L13quad_15x10","192339 192340 192341 192342 192344 192345 73555 73556 73557 73561 73562"
"L13quad_15x15","189719 189720 73544 73545 73550 73552 73553 73554"
"L13quad_15x5","192334 192335 192336 192337 192338 192343 73594"
"L13quad_5x0","192358 192359 24121 24262 73517 73518 73521"
"L13quad_5x10","189701 189702 189703 189704 192325 24093 24097 24101 73536 73537 73539 73540 73571"
"L13quad_5x15","189713 73535"
"L13quad_5x5","192322 192323 192324 192326 192327 192328 192329 192330 192331 24115 24117 73585"
"L14quad_0x0","189721 189722 189723 189724 23659 73610 73611"
"L14quad_0x10","191277 23685"
"L14quad_0x15","191294 191295 191296 191297 191298 191299 191300 23687 23689 23693 73613"
"L14quad_0x5","185851 191274 191275 191276 23665 23669 23671 73599 73600 73601 73636"
"L14quad_10x0","191255 191256 191257 191258 73678 73679"
"L14quad_10x10","191280 191281 22872 22874 73630 73665 73670 73671"
"L14quad_10x15","191290 73638 73640 73642 73643 73646"
"L14quad_10x5","191268 191269 191270 191271 191272 22868 24114 73680 73682"
"L14quad_15x0","191259 191260 191261 191262 191263 191264 24126 24130 73675 73676 73677 73690 73692"
"L14quad_15x10","191282 191283 191284 24102 24104 50371 73657 73658 73659 73661 73662 73663 73664"
"L14quad_15x15","191285 191286 191287 191288 191289 22886 22888 22890 22894 22896 73644 73645 73647 73648 73651 73653 73654 73655 73656"
"L14quad_15x5","191265 191266 191267 24108 73685 73686"
"L14quad_5x0","191251 191252 191253 191254 23721 23723 23727 23729 73607 73608 73609"
"L14quad_5x10","191279 23711 23713 73629 73631 73634"
"L14quad_5x15","191291 191292 191293 23701 23703 23705 73622 73623 73625"
"L14quad_5x5","191273 23715 73604"
"L15quad_0x0","191201 191202 191203 191204 191205 191206 191207 191208 191209 191210 23731 23735 23741 23747 73694 73710 73711 73712 73713"
"L15quad_0x10","191242 191243 191244 191245 191246 23759 50331 73718 73719 73720 73721 73744 73745 73749 73750"
"L15quad_0x15","192062 22826 23767 23769 23771 73724"
"L15quad_0x5","191241 23755 23757 72511 73695 73696 73697 73747 73748"
"L15quad_10x0","191218 191219 191220 73801 73803 73804 73805 73806 73811"
"L15quad_10x10","24160 73751 73770 73773 73774 73775 73778 73780 73781 73782 73783 73784 73785 73786 73787 73788 73789 73791"
"L15quad_10x15","192057 192058 24166 24168 24170 73752"
"L15quad_10x5","191231 191232 191233 191234 191235 191236 24148 24154 24156 73776 73777 73809 73813 73816 73817 73818 73821"
"L15quad_15x0","185852 191222 191223 191224 191225 24196 73794 73795 73798 73800 73830 73831 73833 73834 73835 73837"
"L15quad_15x10","192051 192052 192053 192054 192055 192056 24174 73763 73764 73766 73767"
"L15quad_15x15","50335 73755 73756 73757 73758"
"L15quad_15x5","191226 191227 191228 191229 191230 24158 24180 73822 73823 73824 73827"
"L15quad_5x0","191211 191212 191213 191214 191215 191216 191217 23907 23911 73702 73703 73707 73708 73709"
"L15quad_5x10","191247 191248 191249 191250 23777 23781 23783 23787 23789 23791 73733 73734 73735 73736 73737 73738 73740 73741 73793"
"L15quad_5x15","192059 192060 192061 73725 73726 73729 73730 73731"
"L15quad_5x5","191237 191238 191239 191240 23903 73701"
"M00quad_0x0","114129 114133 114153 63511"
"M00quad_0x10","114165 114171 114175 191579 191582 191583 191584 191586 21660 21662 50039 63516"
"M00quad_0x15","114167 21672 63517"
"M00quad_0x5","114157 191581 63505"
"M00quad_10x0","63549"
"M00quad_10x10","114103 191580 63533"
"M00quad_10x15","114099 114185 50040 63531 63532 63541"
"M00quad_10x5","63550"
"M00quad_15x0","191577"
"M00quad_15x10","191501 191502 63542 63543 63544 63545 63547"
"M00quad_15x15","114095 63540 72554"
"M00quad_15x5","114089 114091 191587 191588 63551 63552"
"M00quad_5x0","114127 191589 50041"
"M00quad_5x10","191585 63528 63529 63536"
"M00quad_5x15","114109 114139 191503 63521 63526 63527 63530 63538"
"M00quad_5x5","114113 114117 191578 63509"
"M01quad_0x0","63519 63555"
"M01quad_0x10","190851 191524 191525 63574"
"M01quad_0x15","114273 186059 190864 63575 63577 63637"
"M01quad_0x5","114219 191521 191522 191523 63558"
"M01quad_10x0","114189 114203 114205 114209 191507 191508 191509 191510 63607 63608 63609 63610"
"M01quad_10x10","114259 114401 190853 190854 190855 63584 63587 63588 63589"
"M01quad_10x15","114403 114405 190862 190863 50036 63591 63594 63595 63688"
"M01quad_10x5","114227 114233 114255 191518 191519 63617"
"M01quad_15x0","114197 114199 191511 191512 63628 63630 63632 63633 63634 63635"
"M01quad_15x10","190856 190857 190858 63602 63604 63605"
"M01quad_15x15","114449 190859 190860 190861 63596 63597 63600 63601"
"M01quad_15x5","191513 191514 191515 191516 191517 63621 63625 63631"
"M01quad_5x0","114135 114183 191504 191505 191506 63523 63568 63571"
"M01quad_5x10","114291 114293 190852 63583"
"M01quad_5x15","114287 114289 114295 114299 63578 63580 63581"
"M01quad_5x5","114223 186060 191520 63561 63562 63563 63564 63565"
"M02quad_0x0","190865 190866 190867 190868 190869"
"M02quad_0x10","63652"
"M02quad_0x15","191551 191552 191553"
"M02quad_0x5","114477 188666 188667"
"M02quad_10x0","114455 190874 190875 63687 63689"
"M02quad_10x10","188659 188660 188661 188662 63659"
"M02quad_10x15","114549 188652 188653 188654 63664 63665"
"M02quad_10x5","188668 188669 63692"
"M02quad_15x0","188672 188673 188674 188675 190872 190873 63704 63705 63709 63711 63712 63713 63714"
"M02quad_15x10","114427 188656 188657 188658 63677 63681 63682 63683 63686"
"M02quad_15x15","114563 188655 63669 63670 63672 63674"
"M02quad_15x5","114439 114443 188670 188671 51071 63684 63691 63693 63694 63695 63696 63697 63698 63699 63701 63703"
"M02quad_5x0","114461 114463 114467 190870 190871 63645 63647 63648 63650"
"M02quad_5x10","114487 114489 188663 188664 188665"
"M02quad_5x15","188651 63654 63656"
"M02quad_5x5","63640 63641 63644 63657"
"M03quad_0x0","191554"
"M03quad_0x10","191574 63725 63726 63727"
"M03quad_0x15","114689 191139 191140 63730 63731 63732 63733 63734 63736 63737"
"M03quad_0x5","114591 191570 191571 191572 191573 63720 63721 70138"
"M03quad_10x0","114569 114571 114573 114575 63668 63776 63777 63778 63779"
"M03quad_10x10","114645 114675 114679 191150 50026 63746 63747 63768"
"M03quad_10x15","191143 191144 63748 63749 63750 63751 63752 63753 63754 63757"
"M03quad_10x5","114577 191561 191562 191563 191564 191565 63780 63781 63788"
"M03quad_15x0","114667 191557 191558 63787 63789 63790 63791"
"M03quad_15x10","114655 114671 191147 191148 191149 63762 63763 63764 63765 63766 63767 63772 63773 63774 63782"
"M03quad_15x15","113001 113003 113005 191145 191146 51080 63756 63758 63760 72869"
"M03quad_15x5","114659 114663 114669 191559 191560 63785"
"M03quad_5x0","191555 191556 63717"
"M03quad_5x10","114605 114607 114681 191575 63743 63744 63745"
"M03quad_5x15","114685 114693 191141 191142 63738 63739 63740"
"M03quad_5x5","114603 191566 191567 191568 191569 63722"
"M04quad_0x0","113077 63792 63793 63794 63795 63796 63797"
"M04quad_0x10","113069 113087 113091 192240 192241 192242 50018 63811 63812 63814 63815 63817"
"M04quad_0x15","192280 192281 192282 192283 192284 63816 63818 63819 63820 63822 63823 63824"
"M04quad_0x5","113078 113081 113085 192237 192238 192239 63800"
"M04quad_10x0","63858 63859 63862 63863 63864 63867 63868"
"M04quad_10x10","113035 113045 113047 192245 63841 63873 63874"
"M04quad_10x15","192249 192250 63842 63844 63851 63954"
"M04quad_10x5","113027 192232 192233 192234 192235 63869 63872"
"M04quad_15x0","113007 113015 113019 186058 192229 192230 63881 63882 63883 72942"
"M04quad_15x10","192246 192247 63853 63855 63856 63857 63877 63878"
"M04quad_15x15","113119 192248 50024 63852"
"M04quad_15x5","192231 63876 63879"
"M04quad_5x0","113073 192228 63806 63807 63808 63866"
"M04quad_5x10","113055 113057 113061 113067 192243 192244 50020 63803 63833 63837 63838"
"M04quad_5x15","113051 113109 192275 192276 192277 192278 192279 63825 63826 63830 63848"
"M04quad_5x5","113063 192236 50022 63801 63802 63804 63805 63870"
"M05quad_0x0","113151 192285 63885 63887 63888 63889"
"M05quad_0x10","190683 190684 190685 63894 63910 63911 63912"
"M05quad_0x15","113315 113317 190699 190700 192401 192402 192403 192404 192405 192406 192407 192408 192409 192410 192411 192412 63913 63914 63916 63920"
"M05quad_0x5","190676 190677 190678 190679 190680 190681 190682 63891 63892 63895"
"M05quad_10x0","113125 113131 186057 190686 190687 190688 190689 192290 63849 63850 63945 63946 63951 63952 63953 63955 63956 63957 63969 63970"
"M05quad_10x15","113199 190694 190695 190696 63937 63938"
"M05quad_10x5","113167 113171 192297 50016 63960"
"M05quad_15x0","192291 192292 63966 63967"
"M05quad_15x10","113185 190690 63942 63943 63944 63947 63949"
"M05quad_15x15","113187 190691 190692 63940"
"M05quad_15x5","113179 192293 192295 192299 192300 50015 63961 63962"
"M05quad_5x0","113133 192286 192287 192288 63904 63908"
"M05quad_5x10","63902 63928"
"M05quad_5x15","190697 190698 63918 63924 63988"
"M05quad_5x5","113139 113147 113163 192294 192296 192298 63896 63897 63898 63899 63901 63903 63958 63959"
"M06quad_0x0","192413 192414 192415 192416 192417 63971 63973 70445"
"M06quad_0x10","190619 63991 63992 63994 63995"
"M06quad_0x15","186054 63996 63997 63998 63999"
"M06quad_0x5","105919 190620 190621 24902 63976"
"M06quad_10x0","110009 192420 192421 75524 75526 75528"
"M06quad_10x10","190615 190616 75523"
"M06quad_10x15","110027 190603 190604 190605 190606 75513"
"M06quad_10x5","190622 190623 190624 190625 75529 75530 75531 75532"
"M06quad_15x0","110001 192422 73087 75539 75540 75541 75542"
"M06quad_15x10","112404 112408 190612 190613 190614 75519 75520 75521 75522"
"M06quad_15x15","186056 190607 190608 190609 190610 75516 75517 75518"
"M06quad_15x5","192423 192424 192425 75534 75535 75536"
"M06quad_5x0","192418 192419 63983"
"M06quad_5x10","190617 190618 75505 75506 75507 75508 75510"
"M06quad_5x15","105929 110017 186055 190601 64000 75502 75503"
"M06quad_5x5","50303 63980"
"M07quad_0x0","190001 75543 75544 75547 75548 75549 75551 75559"
"M07quad_0x10","105985 105987 190024 190025 190626 190627 70502 70504 75562 75563 75564"
"M07quad_0x15","190051 190053 50305 75565 75566 75567 75568 75631"
"M07quad_0x5","190021 190022 190023 50308 75553 75554"
"M07quad_10x0","110039 110045 190005 190006 190007 190008 190009 75515 75600 75601 75604 75605 75606 75628"
"M07quad_10x10","105965 105969 190071 190072 190073 190074 190075 50330 75579"
"M07quad_10x15","190056 190057 190058 190059"
"M07quad_10x5","190017 190018 75580 75610 75612"
"M07quad_15x0","190010 190011 190012 190013 190014 75621 75622 75623 75624 75625 75626"
"M07quad_15x10","190067 190068 190069 190070"
"M07quad_15x15","105949 190060 190061 190062 190063 190064 190065 190066 75587 75588 75589 75590 75591 75592"
"M07quad_15x5","105939 112468 190015 190016 75598 75618"
"M07quad_5x0","110049 110051 110053 190002 190003 190004 50329 75556 75557 75558 75560 75608"
"M07quad_5x10","110079 190628 190629 75574 75576 75578"
"M07quad_5x15","105973 105977 190052 190054 190055 75572"
"M07quad_5x5","190019 190020 75555 75609 75611"
"M08quad_0x0","190050 75630 75633 75637"
"M08quad_0x10","190631 190632 190633 190634 75653 75654 75655 75656"
"M08quad_0x15","105817 105877 190079 190080 190081 190082 190084 75661 75662 75663 75664"
"M08quad_0x5","105805 105853 190026 190027 190028 190630 50400 75638 75641"
"M08quad_10x0","110360 190045 190046 190047 75700 75701"
"M08quad_10x10","110394 190639 190640 190641 190642 190643 190644 75676 75677 75680 75681 75684 75698"
"M08quad_10x15","112908 112914 112916 190090 190091 190093 190094 190095 190096 190097 190602 75685 75687 75689"
"M08quad_10x5","110386 190032 190033 75702 75707 75708 75709"
"M08quad_15x0","110366 110368 190043 190044 75725 75726 75727"
"M08quad_15x10","190645 190646 190647 190648 190649 190650 75694 75696 75697"
"M08quad_15x15","112924 190076 190098 190099 190100 75688 75690 75691 75692"
"M08quad_15x5","110370 110388 190034 190035 190036 190037 190038 190039 190040 190041 190042 75710 75714 75715 75719 75720 75722 75723 75724"
"M08quad_5x0","105535 105589 190048 190049 75645 75647 75648 75649 75650 75705"
"M08quad_5x10","105891 186051 190635 190636 190637 190638 75672 75673 75674 75675 75678 75679"
"M08quad_5x15","114307 114313 190083 190085 190086 190087 190088 190089 75658 75659 75660 75670 75671"
"M08quad_5x5","105825 190029 190030 190031 75642 75643 75644"
"M09quad_0x0","190077 190651 190652 190653 190654 190655 190656 190657 75731 75733 75734 75735 75736"
"M09quad_0x10","191979 191980 191981 75763 75765"
"M09quad_0x15","191982 191983 191984 191985 191986 75767 75768 75769"
"M09quad_0x5","192751 192752 192753 192754 192755 192756 192757 192758 192759 75737 75739 75741 75744"
"M09quad_10x0","186052 190663 190665 190666 190667 190668 190669 190670 190671 75808"
"M09quad_10x10","112520 112528 112530 75777 75778 75779 75811"
"M09quad_10x15","112452 112534 112544 191991 191992 75782 75785"
"M09quad_10x5","112516 192766 192767 192768 192769 192770 192771 192772 192773 75754 75755 75804 75805 75806 75807 75809 75810 75812 75813"
"M09quad_15x0","190672 190673 190674 75816 75817"
"M09quad_15x10","112578 191976 75797 75798 75800"
"M09quad_15x15","112540 112542 112560 112572 112576 191993 191995 75789 75793 75794 75795 82475 82476"
"M09quad_15x5","112588 192774 192775 75815"
"M09quad_5x0","105867 190658 190659 190660 190661 190662 75730 75751 75753 75756 75757 75758 75759 75760 75761"
"M09quad_5x10","191977 191978 75780 75781"
"M09quad_5x15","105881 191987 191988 191989 191990 75772 75773 75774 75776"
"M09quad_5x5","192760 192761 192762 192763 192764 192765"
"M10quad_0x0","191136 191137 191138 75770 75831 75832"
"M10quad_0x10","112059 112065 191812 191813"
"M10quad_0x15","112067 191871 191872 191873 191874 75837 75845 75846 75847"
"M10quad_0x5","112045 191814 191815 75818 75819 75821"
"M10quad_10x0","191126 191127 191128 191129 191130 191131 191132 191133 75787 75865 75869"
"M10quad_10x10","191806 191807 191808 191809 75860 75861 75862 75871"
"M10quad_10x15","191801 191802 191803 191804 191875 75863 75864"
"M10quad_10x5","191819 191820"
"M10quad_15x0","112080 191822 191823 191824 191825 75866 75867 75876"
"M10quad_15x10","112074 191805"
"M10quad_15x15","112070 75856 75857 75859"
"M10quad_15x5","112076 191821"
"M10quad_5x0","191134 191135"
"M10quad_5x10","191810 191811 75855"
"M10quad_5x15","112075 112077 112079 75849 75850"
"M10quad_5x5","191816 191817 191818"
"M11quad_0x0","112097 112203 191870 75879 75880 75893"
"M11quad_0x10","191547 191548 191549 191550 191865 191867 75887 75895 75914"
"M11quad_0x15","112279 112281 112287 191528 191529 191530 191531 75899 75902"
"M11quad_0x5","112227 112233 112235 191866 75883"
"M11quad_10x0","112100 191853 191854 191855 191856 191857 75923"
"M11quad_10x10","112224 112232 191542 191543 191544 75918 75919 75922"
"M11quad_10x15","112244 191534 191535 191536"
"M11quad_10x5","112220 191861 191862 191868 82470"
"M11quad_15x0","112092 112098 112310 191858 191859 73484 75924 75925 75926 75935"
"M11quad_15x10","191538 191539 191540 191541"
"M11quad_15x15","112292 191537 75916"
"M11quad_15x5","112300 112308 191860 191869 75930 75932 75933"
"M11quad_5x0","112091 191851 191852 75890 75891"
"M11quad_5x10","112245 112301 112303 112305 191545 191546"
"M11quad_5x15","112282 112295 112299 191532 191533 75904 75910 75911 75912"
"M11quad_5x5","75886 75889"
"M12quad_0x0","113541 113543 113565 191526 191527 191863 71000 73500 73501 75900 75939 75940"
"M12quad_0x10","113573 191103 191104 70957 75962"
"M12quad_0x15","191835 191836 70953 75954"
"M12quad_0x5","191105 191106 191107 191108 70998 75941 75943 75944 75945"
"M12quad_10x0","113556 113668 191120 75909 75989"
"M12quad_10x10","113676 191848"
"M12quad_10x15","113502 113516 113694 113696 191841 191842 191843 75956 75981 75982"
"M12quad_10x5","113670 113682 191109 191110 191111 75990 75992 75993"
"M12quad_15x0","113552 191114 191115 191116 191117 191118 191119 75985 76000"
"M12quad_15x10","113520 191846 191847 75970 75971 75997"
"M12quad_15x15","113504 113512 113514 191844 191845 75968"
"M12quad_15x5","113526 113528 113530 113534 191112 191113"
"M12quad_5x0","113605 113609 113611 113615 113617 191121 191122 191123 191124 191125 75905 75907 75948"
"M12quad_5x10","113587 113589 113593 113597 191101 191102 191849 191850 75957 75959 75960 75961 75963"
"M12quad_5x15","113579 113591 191837 191838 191839 191840 75955"
"M12quad_5x5","113571 113599 75946"
"M13quad_0x0","113557 191833 191834 76024 76026"
"M13quad_0x10","191891 191892 76027 76028 76029 76030"
"M13quad_0x15","113663 113671 113673 191389 82471"
"M13quad_0x5","113639 113649 76006 76012 76013"
"M13quad_10x0","113564 113566 113572 191829 191832 76099 76100 76102 76103 76104 76106"
"M13quad_10x10","191376 191377 191378 191379 191893 191895 191896 191897 76084 76088 76089 76090 76091 76092 76093"
"M13quad_10x15","113588 113590 113594 113598 191383 191384 191385 76054 76058 76094"
"M13quad_10x5","113576 113580 191882 191883 191884 191900 76107 76109 76110 76113 76115 76116"
"M13quad_15x0","113924 191826 191827 191828 191830 191831 191876 191877 76135"
"M13quad_15x10","113904 113910 113912 191380 191381 191382 76072 76074 76078 76079 76081 76082"
"M13quad_15x15","113902 76059 76060 76061 76062 76063 76068 76069 76070"
"M13quad_15x5","113920 113922 191800 191878 191879 76114 76119 76120 76121 76131"
"M13quad_5x0","113583 113619 113621 113631 113697 76020 76022"
"M13quad_5x10","113661 113685 191889 191894 191898 191899 76051 76052"
"M13quad_5x15","113683 191386 191387 76039 76044 76045 76046 76049"
"M13quad_5x5","113633 113647 113689 113693 191881 191885 191886 191887 191888 191890 76010 76014 76015 76016 76017 76019"
"M14quad_0x0","191390 191391 191392 24641 24657 76136 76139 76155"
"M14quad_0x10","191338 24651 24653 76158 76196"
"M14quad_0x15","191317 191318 191319 191320 191321 191322 191323 24679 24683 76162 76163 76164 76166 76167 76174"
"M14quad_0x5","191339 191340 24643 24647 76140"
"M14quad_10x0","191398 24702 24706 24718 76043 76055 76236 76237 76238 76239 76241 76243 76244 76245 76249"
"M14quad_10x10","191336 24728 24734 24744 76218 76219 76220 76221 76224"
"M14quad_10x15","191330 191331 191332 24746 24750 76198 76199 76201 76222 76231 76232 76350"
"M14quad_10x5","191343 191344 191345 24710 24712 24720 24724 76246 76250 76253 76254 76255 76256 76257 76258 76259 76260 76261 76262"
"M14quad_15x0","191350 191399 191400 24758 24760 24762 24772 50302 76234 76275 76276 76277 76278 76279 76348"
"M14quad_15x10","191334 191335 24732 24752 24766 76208 76213 76215 76216"
"M14quad_15x15","191333 76203 76205 76206 76207 76209 76344 76345"
"M14quad_15x5","191346 191347 191348 191349 24768 24770 76263 76264 76265 76266 76268 76269 76271 76272"
"M14quad_5x0","191393 191394 191395 191396 191397 24725 24731 76148 76149 76150 76151 76152"
"M14quad_5x10","191326 191337 24715 76187 76188 76193 76225"
"M14quad_5x15","191324 191325 191327 191328 191329 24699 50301 76178 76179 76185 76186"
"M14quad_5x5","191341 191342 24673 24677 24711 76146"
"M15quad_0x0","113407 113409 113435 191313 191314 191315 191316 76282 76284 76285 76286 76312 76313"
"M15quad_0x10","113421 76317 76318 76319 76320 76321 76322 76329 76330 76331"
"M15quad_0x15","113419 193148 194776 76324 76325"
"M15quad_0x5","113413 113415 113417 113439 193133 193134 76288 76289 76290 76291 76294 76295 76296 76298 76299 76301"
"M15quad_10x0","113460 113468 191308 191309 76349 76351 76352 76353 76355"
"M15quad_10x10","113476 193143 76338"
"M15quad_10x15","113478 193139 193146 193147 193150 76333 76334"
"M15quad_10x5","113470 113474 191301 191302 191303 193126 193127 193128 193129 76304 76357 76358"
"M15quad_15x0","113604 113608 113612 191306 191307 76340 76341 76342 76346 76347 76362 76363 76366 76367 76368 76369 76370"
"M15quad_15x10","193138 193141 193144"
"M15quad_15x15","193140 193142 193145 76335 76336"
"M15quad_15x5","113500 113602 191304 191305 76359 76360 76365 77865"
"M15quad_5x0","113466 113469 113473 191310 191311 191312 76307 76308 76309 76310 76311 76314"
"M15quad_5x10","113427 113447 193135 193136 193137"
"M15quad_5x15","113453 113455 113457 193149"
"M15quad_5x5","113429 193130 193131 193132 76302 76303 76305"
"N00quad_0x0","114026"
"N00quad_0x15","114048 194851 194852 194853 194854 194855 72553"
"N00quad_0x5","114030 114032"
"N00quad_10x0","114150 193042 193043 193044 72588 72590 72594 72595"
"N00quad_10x10","114060 114106 193058 193059 193060 193061 72567 72569 72586"
"N00quad_10x15","194839 194841 194842 194843 194844 194845 194846 194890 72570 72571 72572 72573 72574 72676"
"N00quad_10x5","114108 193053"
"N00quad_15x0","193045 193046 72596"
"N00quad_15x10","114082 114086 193062 193063 193064 193065 194837 194838 72577 72581 72584 72585 73857"
"N00quad_15x15","114090 114094 193047"
"N00quad_15x5","114124 193048 193049 193050 193051 193052 72587 72591 72592"
"N00quad_5x0","114148 194801 72548"
"N00quad_5x10","193057 72559 72561 72562 72563 72564 72565 72566"
"N00quad_5x15","114054 114056 194847 194848 194849 194850 72555 72556 72557 72560"
"N00quad_5x5","114138 193054"
"N01quad_0x0","114158 114164 194593 194594 194595 194596 197592 72599 72600 72601 72602 72603 72605"
"N01quad_0x10","114186 114192 194540 194541 194542 194543 194544 194545 72635 72636 72637"
"N01quad_0x15","114276 72639 72640 72642 72643"
"N01quad_0x5","114182 114184 194576 72607 72608 72609 72611 72612"
"N01quad_10x0","114172 194578 194579 194585 194586 194587 72671 72672 72673 72677 72678 72679 72680 72682 72683"
"N01quad_10x15","114268 114270 72654 72655 72656"
"N01quad_10x5","194534 194535 194567 72653 72685 72687 72689"
"N01quad_15x0","114248 114250 194577 194580 194581 194582 194583 194584 72703"
"N01quad_15x10","114258 194547 72651 72659 72660 72666 72667 73938"
"N01quad_15x15","194548 194549 194550 194551 194552 194553 194554 72657 72661 72662 72663 72664"
"N01quad_15x5","194536 194537 194538 194539 72668 72669 72688 72693 72695 72696 72697 72700"
"N01quad_5x0","194588 194589 194590 194591 72598 72622 72623 72624 72626 72628 72629 72630 72631"
"N01quad_5x10","114208 114222 194546 72634 72648 72649"
"N01quad_5x15","114404 194555 194556 72787"
"N01quad_5x5","114180 114210 114218 194568 194569 194570 194571 194572 194573 194574 194575 72615 72616 72618 72619 72621"
"N02quad_0x0","193030 193031 193032 193033 193066 51064 72751 72752 72755 72756 72757 72759 72760"
"N02quad_0x10","113022 113052 114557 188999 193067 63678 63679 63680 72789 72791 72793"
"N02quad_0x15","113050 114559 194597 194598 63675"
"N02quad_0x5","113010 113014 193001 193002 193003 193004 193005 193006 193069 193070 63708 72762 72764 72765 72766"
"N02quad_10x0","113092 72817 72818"
"N02quad_10x10","113060 193071 193072 193073 193074 72800 72802 72804 72805"
"N02quad_10x15","113058 72807"
"N02quad_10x5","193014 193015 72801 72820 72821 72822 72823"
"N02quad_15x0","113086 113088 193020 72837"
"N02quad_15x10","113062 193075 72814 72815"
"N02quad_15x15","113084 186062 193076 193077 72808 72809 72810"
"N02quad_15x5","113066 113070 193016 193017 193018 193019 72826 72828 72829 72830 72831 72832 72833 72834"
"N02quad_5x0","114292 193021 193022 193023 193024 193025 193026 193027 193028 193029 51042 72774 72775 72776 72778 72779 72780 72781 72783 72785"
"N02quad_5x10","113028 189000 193068"
"N02quad_5x15","194599 194600 72795"
"N02quad_5x5","114200 114206 114300 193007 193008 193009 193010 193011 193012 193013 72771 72772 72773"
"N03quad_0x0","113148 191459 191460 191462 191463 191464 191465 72838 72839 72840 72845 72846"
"N03quad_0x10","113318 113320 188979 188980 188981 188982 72850 72860 72861 72862 72863 72864 72866"
"N03quad_0x15","113312 113314 113316 188997 188998 72870 72873 72875 72877 72878"
"N03quad_0x5","113152 113160 188976 188977 188978 191435 72847 72848 72849 72851"
"N03quad_10x0","113104 113106 113114 191456 72908 72909 72910 72912"
"N03quad_10x10","113174 113176 188986 72892 72893 72919"
"N03quad_10x15","113186 113304 113306 188994 188995 72894 72895 72896 72897 72898"
"N03quad_10x5","113132 113136 113138 191440 191441 191442 72913 72914 72915 72916 72917"
"N03quad_15x0","113096 113098 191451 191452 191453 191454 191455 72928 72929 72930 72931"
"N03quad_15x10","113190 113192 188987 188988 188989 188990 188991 188992 72891 72902 72903 72905 72906 72907 72923"
"N03quad_15x15","113188 113198 188993 72890 72899 72900 72901"
"N03quad_15x5","113118 113120 114674 191443 191444 191445 191446 191447 191448 191449 191450 72921 72922 72924"
"N03quad_5x0","191457 191458 191461 72855 72856 72858 72859"
"N03quad_5x10","188983 188984 188985 72889"
"N03quad_5x15","113180 188996 72876 72879 72880 72881 72882 72883 72884 72885 72887"
"N03quad_5x5","113162 113166 113168 191436 191437 191438 191439"
"N04quad_0x0","113366 189001 189002 189003 189004 72939 72940 72943"
"N04quad_0x10","113368 186751 72964 72965 72966"
"N04quad_0x15","114458 114460 114466 186748 186749 186750 72967 72968"
"N04quad_0x5","113364 189021 189022 189023 72945 72949"
"N04quad_10x0","189005 189006 189007 189008 189009 72991"
"N04quad_10x10","186754 72976 72978 72979"
"N04quad_10x15","186736 186737 186738"
"N04quad_10x5","113382 113384 189026 72975 72994 72996 72997"
"N04quad_15x0","189010 189011 73109 73110 73111 73112 73113 73114"
"N04quad_15x10","189027 189028 189029 189030 189031 189032 189033 72986 72988 74189 74190 74191"
"N04quad_15x15","186739 186740 72984"
"N04quad_15x5","113398 113400 189012 189013 189014 189015 189016 189018 189019 189020 4701 72998 73101 73102 73103 73105 73106 73108"
"N04quad_5x0","113332 72934 72959 72960 72961"
"N04quad_5x10","113374 186752 186753 72963 72973 72974"
"N04quad_5x15","114450 186734 186735 72969 72970"
"N04quad_5x5","113356 189024 189025"
"N05quad_0x0","114474 186741 186743 186744 186745 73001 73002 73004 73005 73007 73008"
"N05quad_0x10","114662 114672 189089 73025"
"N05quad_0x15","114644 114648 114654 189042 189043 189044"
"N05quad_0x5","189084 189085 189086 189087 189088 73011 73012 73014 73015 73016 73017"
"N05quad_10x0","189071 189072 189073 189074 189075 189076 73058 73061 73062 73065"
"N05quad_10x10","114564 114566 114568 189092 189093 189094 189095 73038 73040 73072 73077"
"N05quad_10x15","114588 189035 189036 189037 73044 73045"
"N05quad_10x5","114490 189081 189082 189083 73070 73074 73075"
"N05quad_15x0","189077 189078"
"N05quad_15x10","114560 114574 114584 189096 189097 189098 189099"
"N05quad_15x15","114576 114578 114586 114684 189034 189100 73046 73047 73048 73050 73051 73053"
"N05quad_15x5","114554 189079 189080 73073"
"N05quad_5x0","186742 186746 186747 189067 189068 189069 189070 73021"
"N05quad_5x10","114602 114680 114682 189090 189091 190901 51045 73035 73037"
"N05quad_5x15","114592 114646 189038 189039 189041 73031"
"N05quad_5x5","114488"
"N06quad_0x0","14306 14310 14312 189045 189046 189047 189048 189049 189050 73083 73100"
"N06quad_0x15","114396 185534 185535 186797 186798 186799 186800"
"N06quad_0x5","114326 14314 189058 189059 189060 189061 73090"
"N06quad_10x0","114370 189053 189054"
"N06quad_10x10","114336 114342 185552 185553 185554 73131 73132 73133 73135 73136"
"N06quad_10x15","114382"
"N06quad_10x5","114338 185563 185564 185565 50681 73143 73146 73148"
"N06quad_15x0","189055 189056 189057 73155"
"N06quad_15x10","114350 114352 114354 185555 185556 185557 185558 185559"
"N06quad_15x15","185544 185545 185546 185547"
"N06quad_15x5","114356 114358 185560 185561 185562 73150 73151 73152 73154"
"N06quad_5x0","189051 189052 73144"
"N06quad_5x10","185548 185549 185550 185551 73129 73130"
"N06quad_5x15","18551 185536 185537 185538 185539 185540 185542 185543 73121 73122 73123 73124 73125 73127 73139"
"N06quad_5x5","185566 189062 189063 189064 189065 189066 73093 73094 73097 73098"
"N07quad_0x0","112416 186795 186796 73162 73163 73165 73166"
"N07quad_0x10","186767 186768 186769 186770 186771 186772 73195 75596"
"N07quad_0x15","187087 187088 187089 187090 187091 187092 187093 187094 187095 187096 187097 187098 73197"
"N07quad_0x5","186773 186774 186775 186776 186777 73164 73169 73170 73171 73173 73174 73175 73176 73177 73179 73181"
"N07quad_10x0","112430 186789 186790 186791 73237 73238 73256 73257"
"N07quad_10x10","187068 187069 187070 73218 73249 73251"
"N07quad_10x15","187079 187080 73224 73225 73230"
"N07quad_10x5","112400 112498 186782 73241 73243 73244 73248"
"N07quad_15x0","110010 186787 186788 73254 73258"
"N07quad_15x10","187072 187073 187074 187075"
"N07quad_15x15","110042 187076 187077 187078 73232 73233 73234 73235"
"N07quad_15x5","110016 186783 186784 186785 186786 73255"
"N07quad_5x0","186792 186793 186794 73187 73189"
"N07quad_5x10","187067"
"N07quad_5x15","187081 187082 187083 187084 187085 187086 73204 73208"
"N07quad_5x5","186778 186779 186780 186781 73180 73185 73186 73240"
"N08quad_0x0","187001 187002 187003 187004 187005 187006 73201 73265"
"N08quad_0x10","114389 114391 188918 188919 188920 73270 73285"
"N08quad_0x15","18673 186732 187099 187100 188917 73289 73293"
"N08quad_0x5","114387 188913 188914 188915 188916 73268"
"N08quad_10x0","112988 187015 187016 187017 73312 73313"
"N08quad_10x10","114508 114510 186701 186702 186703 186704 186705 188924 188925 188949 73297"
"N08quad_10x15","186714 186715 186716 186717 186718 186719 186720 186721 186722 186723 186724 186725 186726 73301 73304"
"N08quad_10x5","112433 188901 188902 188903 188947 73314 73315"
"N08quad_15x0","112467 187018 187019 187020 187021 73322 73323 73324"
"N08quad_15x10","186706 186707 186708 186709 188951 73308 73309 73310 74542 74543"
"N08quad_15x15","114522 114532 114534 186710 186711 186712 186713 73466"
"N08quad_15x5","112459 112461 112463 186061 188948 188950 73317 73320"
"N08quad_5x0","187007 187008 187009 187010 187011 187012 187013 187014 73207 73211 73212 73277 73279 73280"
"N08quad_5x10","188921 188922 188923 73296"
"N08quad_5x15","112415 112419 112421 186727 186728 186729 186730 186731 73290"
"N08quad_5x5","112427 112429 112431 114379 188904 188905 188906 188907 188908 188909 188911 188912 18910 73271 73272 73273 73274 73275"
"N09quad_0x0","114317 191423 191424 73294 73328 73329 73330 73331 73335 73336"
"N09quad_0x10","114333 194892 194893 194894 194895 194897 194899 73358 73361 73362 73364 73365 73366 73367 73369"
"N09quad_0x15","114351 193897 194896 194898 73373 73374 73377"
"N09quad_0x5","194869 194871 194873 194874 73333 73342 82474"
"N09quad_10x0","191428 191429 191430 73425 73426 73427 73429 73430 73431 73432 73433 73434 73435"
"N09quad_10x10","194887 194888 73385 73386 73387 73397 73398 73442"
"N09quad_10x15","188967 193899 73404"
"N09quad_10x5","112954 73436 73437 73445"
"N09quad_15x0","112964 112976 191431 191432 191433 191434 193896 73456 73457 73460 73462 73463"
"N09quad_15x10","112962 194882 194883 194885 194886 73413 73415 73416 73417 73418 73419 73421"
"N09quad_15x15","188970 188971 188972 188973 188974 188975 73407 73408 73409 73410 73412"
"N09quad_15x5","194880 194881 73447 73449 73450 73453 73454 73455"
"N09quad_5x0","191426 191427 73352 73355"
"N09quad_5x10","114343 194884 194889 194891 194900 73383 73384 73388 73389 73390 73391 73392 73394"
"N09quad_5x15","193898 73379 73380"
"N09quad_5x5","194875 194876 194877 194878 194879 73325 73340 73343 73345 73346 73348 73349 73350 73351 73354 73440 73441"
"N10quad_0x0","194557 194558 194559 194560 73467 73468 73469"
"N10quad_0x10","112327 193091 193092 193093 193094 73478 73480"
"N10quad_0x15","112331 112333 193286 193287 193288 73482 73483 73486 82473"
"N10quad_0x5","112317 193088 193089 193090"
"N10quad_10x0","112350 194563 194564 194565 194566 77519"
"N10quad_10x10","193096 193097 73490 73491"
"N10quad_10x15","112334 112349 193290 193291 193292 193293 193294 193295 193296 73493 73496"
"N10quad_10x5","193084 193085 77509 77511 77512"
"N10quad_15x0","193078 193079 193300 77516 77517 77518"
"N10quad_15x10","112340 193098 77505 77506"
"N10quad_15x15","112328 193099 193100 193297 193298 193299 73497 77503"
"N10quad_15x5","193080 193081 193082 193083 77507 77513 77514"
"N10quad_5x0","112359 112363 194561 194562 73470 73471 73474 73476"
"N10quad_5x10","112353 193095"
"N10quad_5x15","112341 112343 112345 193289 73487 73488"
"N10quad_5x5","193086 193087"
"N11quad_0x0","112365"
"N11quad_0x10","112375 193234 193235 77523 77524 77525"
"N11quad_0x15","193243"
"N11quad_0x5","193233"
"N11quad_10x0","193278 193279 193280 77557 77559 77560"
"N11quad_10x10","193238 193239 193240 77530 77538 77541"
"N11quad_10x15","193248 193249 77542"
"N11quad_10x5","193268 193269 193270 77537 77563 77564 77567 77568"
"N11quad_15x0","193275 193276 193277 77501"
"N11quad_15x10","112388 193241 193242 77534 77552"
"N11quad_15x15","193250 193251 193252 193253 193254 193255 193256 193257 193285 77546"
"N11quad_15x5","112358 112392 193271 193272 193273 193274 77569 77570 77571 77573 77574"
"N11quad_5x0","193281 193282 193283 193284 77521 77522"
"N11quad_5x10","105829 105863 112387 193236 193237"
"N11quad_5x15","112399 193244 193245 193246 193247 77527 77528"
"N11quad_5x5","193267"
"N12quad_0x0","193258 193259 77581"
"N12quad_0x10","194802 194803 194804 77590"
"N12quad_0x15","113931 77592 77593 77594"
"N12quad_0x5","113905 113907 113911 193041 77583"
"N12quad_10x0","113944 193262 193263 77626"
"N12quad_10x10","113952 194812 194813 194814 194815 77602 77604 77605"
"N12quad_10x15","113956 194823 77608 77609 77611 77612 77613"
"N12quad_10x5","193035 193036 77627 77628 77630"
"N12quad_15x0","113970 193264 193265 77635"
"N12quad_15x10","113954 194817 194818 194819 194820 194821 74821 74839 77620 77621 77623 77624"
"N12quad_15x15","113960 113964 113966 194822 3279 77614 77615 77617 77618 77619"
"N12quad_15x5","113968 193034 193266 77625 77629 77634"
"N12quad_5x0","193261 50006 77588"
"N12quad_5x10","113925 194805 194806 194807 194808 194809 194810 194811 77600"
"N12quad_5x15","194824 194825 77595"
"N12quad_5x5","113903 113945 113949 113951 193037 193038 193039"
"N13quad_0x0","77637 77638 77640 77641"
"N13quad_0x10","113908 113989 113993 113995 191486 191495 191496 191497 76075 76076 76077 76080 76134 77658 77660 77662 77664"
"N13quad_0x15","112001 112003 112005 113999 191472 191473 191474 191475 191476 191477 76064 77665 77666 77667 77669 77670 77671 77672 77673 77674"
"N13quad_0x5","191485 191489 191490 76132"
"N13quad_10x0","113978 113980 113982 194828 77610 77710 77712"
"N13quad_10x10","112004 112015 114000 191481 191483 191484 191491 77683 77684 77685 77688 77706"
"N13quad_10x15","112013 112014 112018 191471 191482 77690 77691 77694 77695"
"N13quad_10x5","113998 191499 191500 194834 77717"
"N13quad_15x0","112040 113986 113988 113992 194830 194831 194832 77723 77725 77727"
"N13quad_15x10","112010 112012 191478 191479 191480 74909 74910 77703 77705 77707 77708 77709 77720"
"N13quad_15x15","112016 112022 191469 191470 51072 74911 77698 77700 77701 77702 82472"
"N13quad_15x5","112034 113994 113996 194833 77718 77721 77722"
"N13quad_5x0","112033 113967 113969 113973 194826 194827 77653"
"N13quad_5x10","112019 112021 191492 191493 191494 77654 77655 77677 77682 77686"
"N13quad_5x15","112009 77675 77676 77689"
"N13quad_5x5","112029 113979 113985 191487 191488 191498 77644 77647 77649 77650"
"N14quad_0x0","113403 191467 24739 24741 24745 24747 77729 77730 77731 77732"
"N14quad_0x10","76270 77749 77750 77751 77752 77756 77757"
"N14quad_0x15","194856 194857 194858 194859 194860 24759 24763 24767 24769 77759 77760 77761 77762 77764 77765 77767 77768 77769"
"N14quad_0x5","193221 24749 24753 24755 24757 77735 77736 77737 77738 77740 77741 77742 77753 77754"
"N14quad_10x0","193201 193203 193204 193205 193206 193207 193208 77697 77820 77821 77822 77834 77835 77840"
"N14quad_10x10","113404 113422 113424 193223 193224 193226 193227 193228 193229 77781 77785 77786 77787 77788 77789 77790 77791 77816"
"N14quad_10x15","113408 113410 113414 113428 113430 193967 193968 193969 194863 194864 194865 194866 194867 194868 77793 77794 77795 77796 77797 77798 77799 77800 77801 77802 77803"
"N14quad_10x5","193216 193217 193218 193219 24794 77825 77826 77828 77829"
"N14quad_15x0","112024 113446 193209 193210 193211 193212 193213 77833 77838 77842 77843"
"N14quad_15x10","113418 113436 193230 193231 193232 194835 194836 77808 77809 77811 77812 77813 77814 77815 77817 77819"
"N14quad_15x15","113416 193970 193971 193972 193973 193974 193975 193976 77805 77806 77807 77950"
"N14quad_15x5","113442 193214 193215 74970 77831 77832"
"N14quad_5x0","191466 24797 77743 77744 77745 77746 77747 77823"
"N14quad_5x10","193222 77748 77778 77779 77780 77782 77783"
"N14quad_5x15","194861 194862 24771 24773 24775 24777 24785 77763 77766 77770 77772 77774 77775 77776 77777"
"N14quad_5x5","193220 24789 24793 24795 77784"
"N15quad_0x0","113483 113489 113493 113497 194777 194778 194779 77844 77845 77846 77847 77848 77849 77850 77851 77852 77853 77854 77855"
"N15quad_0x10","113507 194790 194791 77880"
"N15quad_0x15","193181 193182 193183 193184"
"N15quad_0x5","113505 194786 194787 194788 194789 77858 77860 77861 77862 77864 77868"
"N15quad_10x0","113412 113432 113616 113664 194780 77913 77914 77915 77916 77917 77918 77919 77921 77923 77940 77942 77945"
"N15quad_10x10","113624 113626 113634 194796 194797"
"N15quad_10x15","113636 113638 113640 193177 193178 77896 77897 77898"
"N15quad_10x5","113622 77924 77925 77926"
"N15quad_15x0","113656 113658 113662 194781 194782 77932 77933 77936 77937 77938 77946 77947 77949"
"N15quad_15x10","113644 194798 194799 77894 77908"
"N15quad_15x15","113650 193176 194800 77899 77901 77902 77905 77907"
"N15quad_15x5","113646 113654 194783 194784"
"N15quad_5x0","113539 24781 77872 77873 77874 77875 77877 77922"
"N15quad_5x10","194792 194793 194794 194795 77870 77871 77878 77895"
"N15quad_5x15","113535 113630 193179 77891"
"N15quad_5x5","113519 113523 113525 113531 113632 194785"
"O00quad_0x0","194723 194724 194725"
"O00quad_0x10","194751 194752 194753 194754 194755 194756 194757 194758 194759 194760 73860 73865 73872 73885 73886 73887 73888"
"O00quad_0x15","193357 4671 73858 73861"
"O00quad_0x5","194704"
"O00quad_10x0","194718 194719 4716 4726"
"O00quad_10x10","194766 194767 194768 194769"
"O00quad_10x15","193353 193354 193355 193356 4859 73910"
"O00quad_10x5","194707 194708 194709 194710 194711"
"O00quad_15x0","194716 194717 73914"
"O00quad_15x10","194770 194772 73901 73902 73904"
"O00quad_15x15","193351 193352 193371 194773 194774 194775 4752 73889 73892 73893"
"O00quad_15x5","194712 194713 194714 194715"
"O00quad_5x0","194720 194721 194722 4865"
"O00quad_5x10","194761 194762 194763 194764 194765 73869 73873 73878"
"O00quad_5x15","4677"
"O00quad_5x5","194705 194706 73881"
"O01quad_0x0","73919 73920"
"O01quad_0x10","193326 4539 4549 73936 73937 73939 73940 73941"
"O01quad_0x15","193349 193350 193372 193373 193374 193375 72665 73942 73943 73944 74048"
"O01quad_0x5","193325 194749 194750 4535 4547 73922 73923 73924"
"O01quad_10x0","4420"
"O01quad_10x10","193331 193332 193333 193334 193335 4430 4559 73998 73999 74001 74002"
"O01quad_10x15","186064 193344 73952 73961 73964 74003 74004 74006 74007 74008 74043 74089"
"O01quad_10x5","194740 194741 194742 194743 194744 194745 73929 73956 73995 73996 74015 74016"
"O01quad_15x0","194736 194737 194738 194739 4418 4422 74013"
"O01quad_15x10","193336 193337 193338 193339 4456 73986 73987 73988 73989 73990 73993"
"O01quad_15x15","193340 193341 193342 193343 73965 73966 73967 73968 73969 73970 73972 73973 73974 73975 73977 73978 73979"
"O01quad_15x5","4436 4460 73992 74017 74018 74019"
"O01quad_5x0","194735 4543 4579 73931 73934"
"O01quad_5x10","193327 193328 193329 193330 4557 73946 73957"
"O01quad_5x15","193346 193347 193348 4565 4857 73948 73949 73951"
"O01quad_5x5","194746 194747 194748 4587 73925 73933 73958 73959"
"O02quad_0x0","193120 193121 193122 193123 193124 4789 4791 74020 74022 74026 74050"
"O02quad_0x10","193101 4813"
"O02quad_0x15","192928 74052"
"O02quad_0x5","193102 193103 4809 74027 74029 74030 74032 74034"
"O02quad_10x0","193117 193118 4610 4855 74090 74091"
"O02quad_10x10","194727 4638 74079 74081"
"O02quad_10x15","194732 4642 4644 74057 74064 74068 74082 74083 74150"
"O02quad_10x5","193107 193108 193109 4618"
"O02quad_15x0","193115 193116 4676 4678 4680 74084 74086"
"O02quad_15x10","104728 192836 4509 74069 74070 74071 74072 78085"
"O02quad_15x15","194729 194730 194731 4652 74066 74067"
"O02quad_15x5","193110 193111 193112 193113 193114 74078 74097 74099 74100 74101"
"O02quad_5x0","193119 4849 4853 74044 74045 74046"
"O02quad_5x10","194726 4847"
"O02quad_5x15","194733 4827 4829 4831 74053 74054 74058"
"O02quad_5x5","193104 193105 193106 4807 4851 74035 74039 74040"
"O03quad_0x0","193185 193200 4731"
"O03quad_0x10","193398 193399 193400 74131"
"O03quad_0x15","193125 193170 193172 193173 193174 193175 4751 74120 74122"
"O03quad_0x5","193389 193390 193391 193392 193393 193394 193395 193396 193397 74103 74107 74108"
"O03quad_10x0","193191 193194 193196 193199 4554 74154 74156 74157"
"O03quad_10x10","193155 193156 193157"
"O03quad_10x15","193161 193162 193163 193164 193165 193166 4574 4580 74146 74147"
"O03quad_10x5","193378 193379 193380 193381"
"O03quad_15x0","193190 193192 193193 193198 74148"
"O03quad_15x10","4590 4592 74140 74141 74142"
"O03quad_15x15","193158 193159 193160 74135 74143"
"O03quad_15x5","193195 193376 193377 4570 4596 74162 74165 74166 74169"
"O03quad_5x0","193186 193187 193188 193189 4775 4825"
"O03quad_5x10","193151 193152 193153 193154 4769 74130"
"O03quad_5x15","193167 193168 193169 4761 74125 74126 74127"
"O03quad_5x5","193382 193383 193384 193385 193386 193387 193388 4741 4777 74109 74110 74111 74113 74114"
"O04quad_0x0","192063 192064 4683 50376 74186"
"O04quad_0x10","192077 192078 192079 4711 74187 74203"
"O04quad_0x15","192098 192099 4713 74194 74197"
"O04quad_0x5","74172 74204"
"O04quad_10x0","192071 74219 74222"
"O04quad_10x10","4516 4518"
"O04quad_10x15","192093 192094 4522 74213 74214"
"O04quad_10x5","192075 74225 74226"
"O04quad_15x0","192072 192073 192074 4510 4548 74216 74236"
"O04quad_15x10","192083 192084 192085 192086"
"O04quad_15x15","192087 192088 192089 192091 192092 74207 74208"
"O04quad_15x5","192834 4273 4512 74228 74230 74234"
"O04quad_5x0","192065 192066 192067 192068 192069 192070 4689 4691 4723 74177 74182 74183 74185 74223 74224"
"O04quad_5x10","192080 192081 192082 4725 74201 74202"
"O04quad_5x15","192095 192096 192097 74199 74200"
"O04quad_5x5","192076 4693 74173 74174 74175 74176 74179 74180"
"O05quad_0x0","192090 192100 4387"
"O05quad_0x10","192027 192028 4359 50377 74247 74248"
"O05quad_0x15","192050 4349 4351 74252"
"O05quad_0x5","192026 4339 74238 74239"
"O05quad_10x0","192005 4156 4158 74285 74286 74288 74289"
"O05quad_10x10","192032 192033 192034 192035 74275 74276 74278 74283 74284"
"O05quad_10x15","192046 192047 192048 4194"
"O05quad_10x5","192015 192016 192017 192018 192020 74297"
"O05quad_15x0","192006 192007 192008 192009 192010 192011 192012 4162 4216"
"O05quad_15x10","192036 4184 4186 74270"
"O05quad_15x15","192037 192038 192039 192040 192041 192042 192043 192044 192045 74263 74266 74268"
"O05quad_15x5","192013 192014 4214 74298 74299 74300 74301 74302"
"O05quad_5x0","192001 192002 192003 192004 4381"
"O05quad_5x10","192029 192030 192031 4361 74256 74257 74259 74260"
"O05quad_5x15","192049 74255"
"O05quad_5x5","192019 192021 192022 192023 192024 192025 4379 74290 74291"
"O06quad_0x0","194164 194165 194166 74306 74308 74330"
"O06quad_0x10","194134 194135 194136 4113 74314 74358 74359 74360"
"O06quad_0x15","194121 194122 194123 194124 194125 194126 194127 194129 194130 4127 74334 74336 74337"
"O06quad_0x5","194138 194139 4093 4095 4097 4111 50378 74309 74311 74312 74317"
"O06quad_10x0","194158 194159 194160 4046 74416 74418 74420 74421 74422 74423"
"O06quad_10x10","194190 194191 194192 4052 74396 74397 74398 74400 74401 74402 74403"
"O06quad_10x15","194177 194178 74361 74363 74365 74404 74405 74406 74407 74408 74409"
"O06quad_10x5","194146 194147 74424"
"O06quad_15x0","194154 194155 194156 194157 4090 4096 4098 4102 74413 74429 74430"
"O06quad_15x10","194186 194187 194188 194189 74382 74383 74384 74385 74386 74387 74388 74390 74395"
"O06quad_15x15","194180 194181 194182 194183 194184 194185 74368 74369 74370 74371 74372 74373 74374 74378 74379"
"O06quad_15x5","194148 194149 194150 194151 194152 194153 4056 74393 74425 74426 74428"
"O06quad_5x0","194161 194162 194163 51053 74323 74326 74327 74328 74329"
"O06quad_5x10","194193 194194 194195 194196 194197 194198 194199 194200 4058 4321 74345 74349 74355 74357 74399"
"O06quad_5x15","194131 194132 194133 194167 194168 194169 194170 194171 194172 194173 194174 194175 194176 194179 74338 74340 74341 74342 74343 74344 74347 74364"
"O06quad_5x5","194140 194141 194142 194143 194144 194145 4325 74325"
"O07quad_0x0","194118 194119 194120 4017 4021 4023 74444"
"O07quad_0x10","194419 194420 4035 4037 74460 74461 74463"
"O07quad_0x15","194441 194442 4039 74447"
"O07quad_0x5","194409 194411 194412 194414 194415 194416 194417 74434 74436"
"O07quad_10x0","194104 194105 194106 194107 194108 194109 4042"
"O07quad_10x10","194425 194427 194428 194430 3988 4016 74441 74476 74477 74500"
"O07quad_10x15","194434 194435 194436 4000 74455 74478 74479"
"O07quad_10x5","194405 194406 194407 194408 74490 74491 74492 74493 74495 74496 74497 74498 74501 74502"
"O07quad_15x0","194101 194102 194103 194401 194402 194403 194404 74481 74483"
"O07quad_15x10","194431 194432 4014 4018 74472 74473"
"O07quad_15x15","197433 4012 74466 74468 74469"
"O07quad_15x5","4024 74503 74504"
"O07quad_5x0","194110 194111 194112 194113 194114 194115 194116 194117 4077 4083 74442"
"O07quad_5x10","194422 194423 194424 4053 4057 4063 4065 74437 74440 74458 74459"
"O07quad_5x15","194437 194438 194439 194440 4049 74448 74449 74453 74454 74457"
"O07quad_5x5","4069 4071"
"O08quad_0x0","194443 194444 194445 194446 194447 3681 3683 3693"
"O08quad_0x10","194465 194466 194467 194468 194469 74541 74544"
"O08quad_0x15","194421 194489 194490 3979 74545 74546 74547 74548 74551 74552 74553"
"O08quad_0x5","194459 194460 194462 194463 194464 3689 3695 3697 3699 74508 74509 74510 74511 74512 74513"
"O08quad_10x0","194449 3544 74451 74536 74587 74588 74590 74591 74592"
"O08quad_10x10","194473 194474 194475 194476 194477 74560 74580 74581 74596"
"O08quad_10x15","194413 194483 194484 194485 194486 194487 194488 3574 74556 74557 74558 74574"
"O08quad_10x5","194453 194454 194455 3546 74528 74530 74593"
"O08quad_15x0","194450 74585 74586 74601 74602"
"O08quad_15x10","194478 3598 3602 74598"
"O08quad_15x15","194479 194480 194481 194482 3584 3586 74576 74577 74578"
"O08quad_15x5","194451 194452 3962 3966 74599 74600"
"O08quad_5x0","194448 3540 4009 74537 74538 74539"
"O08quad_5x10","194470 194471 194472 3993 74521 74566 74570"
"O08quad_5x15","194410 194418 194426 194429 3981 3983 74554 74555 74562 74563 74564 74565 74568"
"O08quad_5x5","194456 194457 194458 3997 74514 74515 74516 74517 74518 74524 74525 74527 74532 74534"
"O09quad_0x0","194491 3621 3623 74604 74605 74628"
"O09quad_0x10","186050 74610 74611 74612 74629 74630 74641"
"O09quad_0x15","3645 3647 74632 74633 74634 74635"
"O09quad_0x5","3631 3633 74606 74607 74609"
"O09quad_10x0","194495 194496 3482 3488 74572 74573 74615 74619 74662 74663 74664"
"O09quad_10x10","186044 186045 186046 186047 3494 3500 3502 3504 74656"
"O09quad_10x15","186037 186038 3514 74657 74658 74660"
"O09quad_10x5","194498 194499 3484 3490 74667 74669 74671"
"O09quad_15x0","3536 74661"
"O09quad_15x10","186040 186041 186042 186043 3524 74651 74652 74653 74654 74655 74675"
"O09quad_15x15","186063 74650"
"O09quad_15x5","194497 3530 74672 74673 74676"
"O09quad_5x0","194492 194493 194494 3669 74617 74618 74620 74622 74624 74625 74626"
"O09quad_5x10","186048 186049 3659 3661 74640"
"O09quad_5x15","186034 186035 186036 3649 3653 3655 74638 74639"
"O09quad_5x5","194500 3629 3663 74613 74614"
"O10quad_0x0","186032 186033 3579 50382 74679 74682 74683 74684"
"O10quad_0x10","186013 186014 3585 3587 74692"
"O10quad_0x15","74688"
"O10quad_0x5","186015 186016 3589"
"O10quad_10x0","3428 3430 74709"
"O10quad_10x10","186010 186011 186012"
"O10quad_10x15","186007 3456 74693 74694"
"O10quad_10x5","186017 186019 186020 186021 3432 3436 3442"
"O10quad_15x0","186027 3470 74705 74706 74717"
"O10quad_15x10","186009 3452"
"O10quad_15x15","186008 3464 74698"
"O10quad_15x5","186022 186023 186024 186025 186026 186028 74712 74713 74714"
"O10quad_5x0","186029 186030 186031 3613"
"O10quad_5x15","186004 3597 3603 74690 74702"
"O10quad_5x5","186018 3609"
"O11quad_0x0","186003 186005 3411 3413 74718 74720 74721 74746"
"O11quad_0x10","193765 193797 193798 193799 193800 74749 74750 74751 74772 74773 74774 74775 74776 74777"
"O11quad_0x15","193781 193782 193977 193978 74752 74753 74754 77550"
"O11quad_0x5","193792 193793 193794 193795 193796 3421 74722 74723 74724 74725 74726 74727 74728 74729 74730 74731 74732 74733 74737 74738"
"O11quad_10x0","193783 193784 74800"
"O11quad_10x10","193767 193768 193769 193770 3334 74764 74795 74797"
"O11quad_10x15","193979 193981 193982 74758 74761 74779 74780 74798 74872 74874"
"O11quad_10x5","193785 193786 193787 193788 193789 3288 3290 74802 74803 74804 74806"
"O11quad_15x0","3340 74799 74817 74818"
"O11quad_15x10","193771 193772 193773 193774 193775 193776 74786 74787 74789 74790 74791 74792"
"O11quad_15x15","193777 193778 193779 193780 3316 74782 74783 74784 74785"
"O11quad_15x5","3338 74808 74809 74811 74812 74814 74815 74816"
"O11quad_5x0","186002 74744 74745"
"O11quad_5x10","193763 193764 193766 3441 3443 74763 74766 74767 74768 74769"
"O11quad_5x15","3437 3439 74760"
"O11quad_5x5","186001 193790 193791 3451 3453 3459 3461 3463 74739 74740 74742 74743"
"O12quad_0x0","193505 193506 193507 3263 3317 74836 74837 74838"
"O12quad_0x10","193439 74854"
"O12quad_0x15","192522 192523 192524 192525 193426 193427 74841 74842 74843"
"O12quad_0x5","3271 74820"
"O12quad_10x0","192833 193511 193512 193513 193514 193515 193516 3164 3200 74828 74829 74830 74871 74873 74875"
"O12quad_10x10","193433 193434 193435 193436"
"O12quad_10x15","193431 193432 3178 74857 74858 74860 74861 74865 74866"
"O12quad_10x5","193444 193445 193446 193447 193448 3168 74883"
"O12quad_15x0","193517 193518 193519 193520 74869 74886 74887"
"O12quad_15x10","50389"
"O12quad_15x15","3182 74862 74954"
"O12quad_15x5","193449 193450 74881"
"O12quad_5x0","193508 193509 193510 3325 3335 74831 74832 74833"
"O12quad_5x10","193437 193438 3303 74852"
"O12quad_5x15","193428 193429 193430 3293 74844 74846 74847 74849 74850 74851 74867"
"O12quad_5x5","193440 193441 193442 193443 3323 74823 74825"
"O13quad_0x0","192115 3129 74889 74890 74891 74905 74906 74908"
"O13quad_0x10","193938 193939 193940 193941 193942 3147 74912 74913"
"O13quad_0x15","192595 192596 192597 192598 3157 74914 74915 74917 74918 74920"
"O13quad_0x5","112032 192101 74892 74895 74896 74897"
"O13quad_10x0","192110 192111 192112 192113 3050 74956 74957 74959"
"O13quad_10x10","193948 193950 193951 193952 193953 193954 3058 74945 74947"
"O13quad_10x15","192163 192164 192165 192599 192600 193966 3070 3078 74923 74934 74935 74949 74950 74951 74952 74953"
"O13quad_10x5","192105 193947"
"O13quad_15x0","192109 74965"
"O13quad_15x10","193955 193956 193957 193958 193959 3060 3088 74944"
"O13quad_15x15","193960 193961 193962 193963 193964 193965 51060 74936 74938 74940 74942"
"O13quad_15x5","192106 192107 192108 3195 74963"
"O13quad_5x0","192114 3181 3183 74903"
"O13quad_5x10","193943 193944 193945 193946 193949 3143 3167 3171 74898 74931 74932"
"O13quad_5x5","192102 192103 192104 74899"
"O14quad_0x0","194055 194056 194057 194058 2979 2981 2983 74966 74967 74996 74997"
"O14quad_0x10","186096 186097 3007 3029 75034 75035 75038 75039"
"O14quad_0x15","192116 192829 3009 75003 75005 75008 75009 75010 75011 75012 75013 75014"
"O14quad_0x5","186098 186099 186100 194034 2995 3049 74968 74976 74978 74980 74981 74984 75037"
"O14quad_10x0","194046 194047 194048 194049 194050 2900 2902 75073 75074 75077 75078"
"O14quad_10x10","192127 192128 192129 192130 192131 192132 192133 2922 2926 75044 75053 75056 75058 75060 75062 75063 75064 75066 75069 75070"
"O14quad_10x15","192124 192125 2934 2942 75042"
"O14quad_10x5","194037 194038 194039 194040 194041 75052 75080 75081 75084 75085 75086 75087 75089 75090 75091 75092"
"O14quad_15x0","194044 194045 2974 75097 75098 75099 75100"
"O14quad_15x10","192126 2950 2956 50368 75046 75047 75048 79069"
"O14quad_15x15","2944 2946 2948"
"O14quad_15x5","194042 194043 75050 75051 75093 75094 75095 75096"
"O14quad_5x0","194051 194052 194053 194054 3067 3071 74991 74992 74993 74994 74995"
"O14quad_5x10","186088 186089 186090 186091 186092 186093 186094 186095 2978 3035 75023 75026 75028 75031 75032 75068"
"O14quad_5x15","192117 192118 192119 192120 192121 192122 192123 75016 75019 75020 75021 75071"
"O14quad_5x5","194035 194036 3053 74983 74987 74988 74989 74990 75030"
"O15quad_0x0","75101 75102 75118 77934"
"O15quad_0x10","192180 192181 192182 192183 192184 75105 77909"
"O15quad_0x15","194097 194098 194099 2911 75119 75122 75123 75124 75128 77910"
"O15quad_0x5","75103"
"O15quad_10x0","2782 75156 75160"
"O15quad_10x10","192188 192189 192190 2798 2800 75147 75148"
"O15quad_10x15","192197 192198 192199 192200 75136 75152"
"O15quad_10x5","192174 192175 192176 75157"
"O15quad_15x0","192168 192169 192170 192171 2826 2830 75154"
"O15quad_15x10","192191 75145 75146"
"O15quad_15x15","192192 192193 192194 192195 192196 75141 75142"
"O15quad_15x5","192173"
"O15quad_5x0","192166 192167"
"O15quad_5x10","192185 192186 192187 2921 2923"
"O15quad_5x15","194100 75131 75132 75133 75134"
"O15quad_5x5","192177 192178 192179 75107 75109 75110 75111 75112 75113"
"P00quad_0x0","193358 193369 193370 72707 72712"
"P00quad_0x10","193406 193407 193409 72721 72722 72723"
"P00quad_0x15","193317"
"P00quad_0x5","193411 193412 193413 193414 4887"
"P00quad_10x0","193453 193454 193455 4766 4770 78053"
"P00quad_10x10","193301 193302 193303 193304 193305 193401 193405 193408 193410 72739 72740"
"P00quad_10x15","193312 193313 193314"
"P00quad_10x5","193423 193424 193425 193468 193469 193470 193471 193472 193473 193474 193475 4780"
"P00quad_15x0","193456 193457 4818 4822"
"P00quad_15x10","78049"
"P00quad_15x15","193306 193307 193308 193309 193310 193311 78039 78042"
"P00quad_15x5","193458 193459 193460 193461 193462 193463 193464 193465 193466 193467 4812 4814"
"P00quad_5x0","193359 193360 193361 193362 193363 193364 193365 193366 193367 193368 193451 193452 4917"
"P00quad_5x10","193402 193403 193404"
"P00quad_5x15","193315 193316"
"P00quad_5x5","193415 193416 193417 193418 193419 193420 193421 193422"
"P01quad_0x0","193318 193319 193320 193324 77954"
"P01quad_0x10","192837 192851 192852 192853 192854 192855 73983 73984 73985"
"P01quad_0x15","192866 192874 4611 4617 50322 73980 77970 77973 77976"
"P01quad_0x5","192810 192850 77957 77958"
"P01quad_10x0","192825 193321 193322 193323"
"P01quad_10x10","4490 4496 77989 77992"
"P01quad_10x15","192861 4688 4692 77985 77993 77994 77996 77998 78000"
"P01quad_10x5","192802 192804 192806 192807 192809 4478 4480"
"P01quad_15x0","192815 192816 192817 192818 192819 192820 192821 192822 192823 192824 4710"
"P01quad_15x10","4500 4682 4706 78007 78008 78010 78013"
"P01quad_15x15","192858 192859 192860 4698 4700 78003 78004 78005"
"P01quad_15x5","192801 192812 192813 192814 192838 78030"
"P01quad_5x0","77967"
"P01quad_5x10","192856 192857 4637 77986 77987"
"P01quad_5x15","192862 192863 192864 192865 4627 4629 77978 77979 77980 77983"
"P01quad_5x5","192805 192808 192811 4597 4643 51099 77956"
"P02quad_0x0","192868 4473 78065 78070"
"P02quad_0x10","192898 192899 192900 78077"
"P02quad_0x15","193654 193659 193660 193661 193662 193663 4507 78089"
"P02quad_0x5","4477 78066 78068"
"P02quad_10x0","192869 192873 77997 78125 78126 78129"
"P02quad_10x10","192888 192889 192891 4346 4350 4352 78096 78097 78098 78099 78101 78103"
"P02quad_10x15","193652 193665 193666 193667 4356 78109 78110"
"P02quad_10x5","4338 50363 78132"
"P02quad_15x0","192876 192877 192878 192879 192880 4394 4396 4400 4402 78139 78140 78141 78142"
"P02quad_15x10","192890 192892 193671 193672 193673 193674 193675"
"P02quad_15x15","193650 193651 193668 193669 193670 4360 4368 78112 78115 78116 78120"
"P02quad_15x5","192881 192882 192883 192884 192885 192886 78136"
"P02quad_5x0","192870 192871 192872 4529"
"P02quad_5x10","192893 192896 192897 4342 78078"
"P02quad_5x15","193653 193664 78091 78104"
"P02quad_5x5","192887 4332 4521 4523 78080 78081"
"P03quad_0x0","193655 193656 193657 4389 4391 78146 78147 78148 78149 78152 78153 78154 78156 78157"
"P03quad_0x10","193476 193477 193696 193697 193698 193700 78179 78182"
"P03quad_0x15","193638 193639 193640 193641 4427 4429"
"P03quad_0x5","193689 193690 193691 193692 193693 193694 193695 193699 4399 4405 78160 78162"
"P03quad_10x0","193610 193611 193612 193613 193614 193615 193616 193617 193618 4262 78222 78223 78224 78226 78227 78228 78229 78230 78234"
"P03quad_10x10","193487 193488 193489 193490 193491 78202 78204"
"P03quad_10x15","193643 193644 4286 78207 78208 78209"
"P03quad_10x5","193685 193686 78235"
"P03quad_15x0","193601 193602 193603 193604 193605 193606 193607 193608 193609 193676 193677 78238 78242 78243 78244"
"P03quad_15x10","193492 193493 193494 193495 193496 193497 193498 193499 193500 193649 4276 4304 50365 78201 78216 78220"
"P03quad_15x15","193645 193646 193647 193648 4288 4290 4292 4294 78211 78213 78214 78215"
"P03quad_15x5","193678 193679 193680 193681 193682 193683 193684 4314 4316 4320 78239 78240 78241"
"P03quad_5x0","193619 193620 193621 193622 193623 193658 78174 78175"
"P03quad_5x10","193478 193479 193480 193481 193482 193483 193484 193485 193486 4439 4445 78193 78196"
"P03quad_5x15","193642 4431 4433 4435 78186 78191 78192"
"P03quad_5x5","193687 193688 4451 4455 4457 4459 4461 78164 78168 78169"
"P04quad_0x0","193634 193635 193636 4263 4265 78247 78248 78252"
"P04quad_0x10","192934 192935 192936 78272 78273"
"P04quad_0x15","192950 192998 192999 4283 78275 78276"
"P04quad_0x5","192930 192931 192932 192933 4267 4271 4275 78249 78250 78253 78257 78271"
"P04quad_10x0","193625 193629 193631 193632 4116 78401 78402"
"P04quad_10x10","192939 192940 4130 78288 78289 78290 78291 78292"
"P04quad_10x15","192946 192947 193000 4134 4138 4140 78282 78283 78285 78459 78460"
"P04quad_10x5","192926 192927 193630 4120 4128 78260 78264"
"P04quad_15x0","192835 193628 4254 4256 78407"
"P04quad_15x10","192941 4242 78298"
"P04quad_15x15","192942 192943 192944 4232 4234 78293 78296 78471"
"P04quad_15x5","193626 4246 4250 4252 78404 78405"
"P04quad_5x0","193624 193633 193637 4303 4309 78266"
"P04quad_5x10","192937 192938 4279 4297 78287"
"P04quad_5x15","192948 192949 4289 4291 78277 78279 78280 78281"
"P04quad_5x5","192831 192929 4277 78258 78263"
"P05quad_0x0","192997 4222"
"P05quad_0x10","192989 192990 78430"
"P05quad_0x15","192975 4235 78304 78433 78434"
"P05quad_0x5","192991 78428"
"P05quad_10x0","192994 192995 78415"
"P05quad_10x10","192987 192988 78444 78445"
"P05quad_10x15","192976 192978 192980 192981 192982 78447 78448"
"P05quad_10x5","192992 3924 3926"
"P05quad_15x0","4150 78455 78469 78470"
"P05quad_15x10","192984 192985 192986 3956 3958"
"P05quad_15x15","192983 3944 3948 78452 78453"
"P05quad_15x5","192993 4142 4144 4146 4148 78454 78468"
"P05quad_5x0","192996 4255 4257 78416 78420"
"P05quad_5x10","78422 78423 78424 78438 78439 78441"
"P05quad_5x15","192977 192979 4213 4237 78435 78436"
"P05quad_5x5","4251 78412 78413 78425 78426"
"P06quad_0x0","192973 192974 4147 78301 78302 78303 78305 78306 78307 78308 78309 78310"
"P06quad_0x10","192957 192958 4167 78329 78330 78331"
"P06quad_0x15","193569 193570 4173 74377 78332 78333 78334 78335 78336 78338 78339"
"P06quad_0x5","192959 192960 4149 4153 4155 4157 78311 78313 78315 78316 78317"
"P06quad_10x0","3868 3870 3872"
"P06quad_10x10","192951 192953 3886 3890 78351 78354 78356 78357"
"P06quad_10x15","193574 78359"
"P06quad_10x5","192964 3874 78321 78366 78367 78368 78369"
"P06quad_15x0","192970 192971 78377 78379 78380"
"P06quad_15x10","3910 78370 78371"
"P06quad_15x15","193575 3902 78362 78363 78364 78365"
"P06quad_15x5","192965 192966 192967 192968 192969 78372 78373"
"P06quad_5x0","192972 4211 78324"
"P06quad_5x10","192954 192955 192956 4181 4191 4193 78325 78327"
"P06quad_5x15","192827 193571 193572 4177"
"P06quad_5x5","192961 192962 192963 4199 4201 78322 78323"
"P07quad_0x0","193566 193567 193568 3895 78337 78381 78382 78383 78384 78387 78398"
"P07quad_0x10","193594 193595 78399 78400"
"P07quad_0x15","193579 193580 3919 78473 78474 78476 78478"
"P07quad_0x5","193596 193597 193598 3899 3901 78389 78391"
"P07quad_10x0","193556 193557 193558 193559 193560 3896 78395"
"P07quad_10x10","193589 193590 3828 78490 78493 78494 78495 78496 78503"
"P07quad_10x15","3838 3840 3842 3844 78502 78504 78505 78508 78509 78510 78513 78514"
"P07quad_10x5","3820 78492 78529 78531 78532 78533 78534"
"P07quad_15x0","193555 3864 78537"
"P07quad_15x10","193584 193585 193586 193587 193588 3848 78520 78521 78523 78524 78525 78526 78527 78528"
"P07quad_15x15","193583 3850 78507 78516 78517 78519"
"P07quad_15x5","3824 3862 78535"
"P07quad_5x0","193561 193562 193563 193564 193565 3953 78341 78343 78392 78396 78397"
"P07quad_5x10","193591 193592 193593 3937 78487 78498 78499 78500"
"P07quad_5x15","193581 193582 3923 78481 78482 78483 78485"
"P07quad_5x5","193551 193552 193553 193554 193599 193600 3943 3945 3947 78390 78393 78394 78489"
"P08quad_0x0","193576 193578 78538 78540 78542"
"P08quad_0x10","3831 3833 3851 78558 78561"
"P08quad_0x15","193504 3839 3841 3845 3849 78562 78563 78564 78566 78567 78568"
"P08quad_0x5","192913 3819 3821 3823 78544 78545"
"P08quad_10x0","3738 3740 78623"
"P08quad_10x10","192918 192919 78593 78594 78595 78596 78599"
"P08quad_10x15","192832 3762 3766 3768 3770 78600 78602 78604"
"P08quad_10x5","192907 192908 192909 192910 192911 192912 3752 3756 78624 78625 78626 78627 78629 78630 78632 78633"
"P08quad_15x0","192902 192903 192904 3802 3804 78647 78650 78651 78652 78654 78655"
"P08quad_15x10","192920 192922 3780 3784 3788 3790 51084 78592 78618 78621 78622"
"P08quad_15x15","192921 192923 192925 3772 3776 3782 78605 78609 78610 78611 78613 78614"
"P08quad_15x5","192905 192906 3746 3796 3798 3800 78635 78637 78642 78643 78645 78646"
"P08quad_5x0","192901 193577 3887 3889 78552 78553 78554"
"P08quad_5x10","192914 192915 192916 192917 3867 78549 78555 78581 78582 78583 78584 78585 78587 78588"
"P08quad_5x15","193501 193502 193503 3853 3861 50366 78572 78573 78574 78577 78579"
"P08quad_5x5","3877"
"P09quad_0x0","194976 194977 194978 194979 194980 3753 3767 78656 78657 78658 78659 78660 78662 78663 78664 78665 78666 78676"
"P09quad_0x10","194956 194957 194958 78678"
"P09quad_0x15","193749 193750 78682 78683"
"P09quad_0x5","194959 194960 194961 3769 3777 78667 78668 78669 78679"
"P09quad_10x0","194975 3680 3682 3684 50321 78696 78697"
"P09quad_10x10","193760 193761 194952 197951 78686 78687"
"P09quad_10x15","193740 193741 193742 193743 193744 78689"
"P09quad_10x5","194965 194966 194967 194968 3696 3698 3700 3702 78699 78700 78702"
"P09quad_15x0","194974 3686 3688 3736 78705 78706 78707 78708 78709"
"P09quad_15x10","193757 193759 78695"
"P09quad_15x15","193755 193756 193758 3718 78691 78692 78693 78694"
"P09quad_15x5","194969 194970 194971 194972 194973 78703 78704"
"P09quad_5x0","3803 3807 78675 78677"
"P09quad_5x10","194954 194955 3797"
"P09quad_5x15","193745 193746 193747 3783 3785 3787 3791 3793 78684"
"P09quad_5x5","194962 194963 194964 78670 78671 78673 78674"
"P10quad_0x0","194950 194995 194996 194997 194998 194999 195000 3703 3707 78710"
"P10quad_0x10","194934 194936 194937 3719 3721 3725 78718 78719"
"P10quad_0x15","194916 194917 194918 194919 3729 78720"
"P10quad_0x5","194938 194939 194940 3717 78712"
"P10quad_10x0","194988 194989 194991 194992"
"P10quad_10x10","194931 194932 194933 194935"
"P10quad_10x15","194921 194922 78729"
"P10quad_10x5","194942 194943 78739"
"P10quad_15x0","194981 194982 194983 194984 194985 194986 194987 194990 3674 78741"
"P10quad_15x10","194927 194928 194929 194930 3626 3628 78736"
"P10quad_15x15","194923 194924 194925 194926 3656 3662 78730 78867"
"P10quad_15x5","194944 194945 194946 194947 194948 194949 78740"
"P10quad_5x0","194993 194994 78738"
"P10quad_5x10","3723 3745 78723 78724"
"P10quad_5x15","194920 3741 3743 78722 78779 78780"
"P10quad_5x5","194941 3747 78717"
"P11quad_0x0","193980 193983 193984 193985 193986 193987 193988 3471 3481 78743 78744 78784 78785"
"P11quad_0x10","194512 194513 194514 194515 194516 194517 194518 3489 3491 3493 3503 3505 3507 78753 78755 78759 78760 78761 78762 78789 78790 78824 78825"
"P11quad_0x15","194910 194911 194912 194913 194914 194915 3511 3515 78788 78791 78792 78794 78796 78797 78800"
"P11quad_0x5","194519 194520 194521 194522 3485 78748 78749 78750 78752 78756 78757 78765"
"P11quad_10x0","193995 193996 3350 3354 3356 3360 78778 78874 78876 78878 78879 78880"
"P11quad_10x10","194503 194504 194505 194506 194507 3378 78820 78849 78850 78852 78853 78854 78856 78857 78858"
"P11quad_10x15","194904 194905 3386 3388 3394 78810 78826 78827 78828 78859 78860 78861 78862"
"P11quad_10x5","194527 3366 3370 78771 78772 78773 78883 78886"
"P11quad_15x0","193997 193998 193999 194000 194533 3414 3422 78864 78865 78869 78870 78871 78894 78896 78897 78898"
"P11quad_15x10","194501 194502 194901 194902 194903 3376 3400 78839 78840 78841 78843 78846"
"P11quad_15x15","3398 78830 78831 78833 78837 78838"
"P11quad_15x5","194528 194529 194530 194531 194532 3408 78847 78887 78888 78889 78890 78891 78893"
"P11quad_5x0","193989 193990 193991 193992 193993 193994 3545 3557 78742 78776 78781 78782 78783"
"P11quad_5x10","193762 194508 194509 194510 194511 3529 3531 78767 78768 78815 78816 78818 78819 78822"
"P11quad_5x15","192828 194906 194907 194908 194909 3519 3521 78795 78802 78803 78807 78808 78809 78811 78812 78813 78814"
"P11quad_5x5","194523 194524 194525 194526 3541 3549 78763 78764 78766 78770 78774"
"P12quad_0x0","192517 192518 192519 192520 192521 3339 3341 78900 78901 78902 78905 78906"
"P12quad_0x10","193533 193534 3359 78939"
"P12quad_0x15","192840 192841 192842"
"P12quad_0x5","193531 193532"
"P12quad_10x0","192509 192510 192511 192512 192513 192514 3214 3216 3220 78806 78925 78926 78927 78969 78970 78971 78972 78973 78977"
"P12quad_10x10","193537 193538 78947 78951 78952 78953"
"P12quad_10x15","192848 192849 193547 193548 193549 193550 78942 78943 78944 78945 78946"
"P12quad_10x5","192501 193526 193527 78978 78979 78980"
"P12quad_15x0","192505 192506 192507 192508 78962 78963 78965 78966 78986 78987 78989 78991 78995"
"P12quad_15x10","193539 193540 193541 3244 78955 78958 78959"
"P12quad_15x15","193542 193543 193544 193545 193546 78956"
"P12quad_15x5","192502 192503 192504 3256 78960 78981 78982 78983 78984"
"P12quad_5x0","192515 192516 3403 3405 3407 78899 78929 78931 78932"
"P12quad_5x10","193535 193936 3373 3375 3377 3393 78919 78920 78950 98915"
"P12quad_5x15","192843 192844 192845 192846 192847 78937"
"P12quad_5x5","193528 193529 193530 78922 78923"
"P13quad_0x0","192590 192591 192592 192593 192594 3185 78996 78999 79001"
"P13quad_0x10","192562 192563 192564 192565 192566 192567 3201 79019 79021"
"P13quad_0x15","192157 192158 3217 3221 79022 79023 79024 79025"
"P13quad_0x5","192554 192555 192556 192557 192558 192559 192560 192561 79005 79006"
"P13quad_10x0","192578 192579 192580 192581 192582 192583 192584 3096 78941"
"P13quad_10x10","192135 192136 192137 192138 192139 192140 192141 3118"
"P13quad_10x15","192145 192146 192147 192148 79038 79039 79040"
"P13quad_10x5","186069 186070 186071 186072 186073 186074 186075 79048"
"P13quad_15x0","192159 192160 192161 192162 192576 192577 3146 3148 3150"
"P13quad_15x10","192142 79044 79045"
"P13quad_15x15","192143 192144 3132"
"P13quad_15x5","186065 186066 186067 186068 79051 79053"
"P13quad_5x0","192585 192586 192587 192588 192589 3255 78998"
"P13quad_5x10","192134 19251 192568 192569 192570 192573 192574 192575 3235 3239 79032 79035"
"P13quad_5x15","192149 192150 192151 192152 192153 192154 192155 192156 79029 79031"
"P13quad_5x5","192551 192552 192553 3205 3247 79003 79004 79010 79011 79014 79036"
"P14quad_0x0","194029 194030 194031 194032 194033 3075 3077 79056 79057 79066 79067 79068"
"P14quad_0x10","193751 193752 193753 193754 3085 3105"
"P14quad_0x15","186084 186085 186086 186087 3093 50386"
"P14quad_0x5","194013 194014 79058 79059 79061"
"P14quad_10x0","194016 194017 194018 194019 194020 194021 194022 194023 79041 79078 79096 79097"
"P14quad_10x10","194001 79073 79075"
"P14quad_10x15","186077 186079 186080 186081 186082 3018"
"P14quad_10x5","194005 194006 194007 194008 194009 194010 2996 79083 79084 79085"
"P14quad_15x0","194015 3042 79093 79094 79095"
"P14quad_15x10","194002 79077"
"P14quad_15x15","186076 186078 3022"
"P14quad_15x5","194003 194004 50367 79087 79088 79089 79090 79091"
"P14quad_5x0","194024 194025 194026 194027 194028 3121 79028 79079 79080 79081"
"P14quad_5x10","79071 79072"
"P14quad_5x15","186083"
"P14quad_5x5","194011 194012 2994 3115 79062 79063 79064 79082"
"P15quad_0x0","194093 194094 194095 194096 2975 2977 79098"
"P15quad_0x10","194075 194076 194077 194078 194079 197074 79104 79106 79113 79117"
"P15quad_0x15","194059 194060 194061 194062 194063 2953 79108 79109"
"P15quad_0x5","194080 2937 79116"
"P15quad_10x0","194091 194092 2842 2844 79143"
"P15quad_10x10","197073"
"P15quad_10x15","194068 194069 79122 79123 79125 79126"
"P15quad_10x5","194085 79136"
"P15quad_15x0","194089 194090"
"P15quad_15x10","194071 194072"
"P15quad_15x15","194070"
"P15quad_15x5","194086 194087 194088 79140"
"P15quad_5x0","79132"
"P15quad_5x10","194081 194082 79115 79118"
"P15quad_5x15","194064 194065 194066 2955 79111 79121"
"P15quad_5x5","194083 194084 79119"
