"subq","tags"
"A00quad_0x0","1 2 3 5 6 8 9 10 11 12 14 24699 17 18 22 23 24 25 27 29 32 33 34 35 37 38 39 40 79 50003 24700"
"A00quad_0x10","41 42 43 45 46 47 48 49 50002 52 53 55 57 58 59 61 91 92"
"A00quad_10x0","26 63 64 65 66 67 68 69 70 71 72 73 74 76 77 80 81 82 85 24693 24694 24695"
"A00quad_10x10","86 87 88 89 90 93 94 95 100 50005 201 202 203 50129 24697"
"A01quad_0x0","204 230 50006 229 205 207 209 210 214 215 216 218 219 247 243 244 208 220 221 223 224 227 225 245 222 248 20150001"
"A01quad_0x10","50007 258 259 234 50016 236 233 255 251 24692 20150004 239 240 241 242 50130 254 24691 249"
"A01quad_10x0","50011 268 20150003 265 270 266 269 232 213 274 275 273"
"A01quad_10x10","50010 24686 24688 271 24685 24689 277 280 283 285 24687 278 20150002 235"
"A02quad_0x0","310 317 318 328 311 24684 50017 298 300 20150007 293 294 292 24683 24679 24680 24681 20150006"
"A02quad_0x10","320 24674 20150009 24677 24675 324 322 24676 24678 303"
"A02quad_10x0","313 339 338 24670 334 331 332 335 343 330 24669 20150008 337 50023 326 374"
"A02quad_10x10","348 352 362 363 366 369 360 50022 24672 24673 50020 50021 357 358 24671 367 370 372 373 371"
"A03quad_0x0","378 382 380 383 24667 420 381 384 385 387 24666 391 393 396 397 24659 376 395 20150010 394 400 24664"
"A03quad_0x10","50027 412 408 411 413 415 416 403 406 418 50029 24651 24652 410 24658 417 402 50040 24650 20150012 24649 50238 24648 20150011"
"A03quad_10x0","50035 50033 407 422 426 388 50036 24662 424 428 429 433 390 435 437 440 441 50032 24657 439 24663 438 434"
"A03quad_10x10","455 456 451 50037 24654 457 24653 24656 442 446 444 414 445"
"A04quad_0x0","24645 24644 24643 469 471 474 482 475 24646 483 20150013 50042 463 50051 472 24636 24642 24637"
"A04quad_0x10","608 610 604 50047 50048 486 490 500 24631 24632 605 488 24629 487 494 50050 24633 489 495 498 24634 496"
"A04quad_10x0","24640 617 619 621 624 620 461 627 622 625 630 50045 20150017 20150016 24641 24639"
"A04quad_10x10","613 612 20150015 632 633 611 464 638 616 631 20150018 635 50046 24622 24625 24628 24624 636"
"A05quad_0x0","656 660 658 650 657 24616 655 24608 648 649 646 653 645 652"
"A05quad_0x10","662 20150014 24617 672 50056 659 24620 24619 666 699 671 674 664 20150021 676 663 696 668 667 670"
"A05quad_10x0","20150020 24614 907 685 692 693 684 24613 681 689 687 688 683 695 680"
"A05quad_10x10","906 50055 20150019 905 901 24611 677 903 904 902 700 24612 698 909 24610 916 914 697 678 915 912 908"
"A06quad_0x0","24601 944 50064 24722 933 921 922 50057 24708 918 20150023 934 20150024 24701 20150022 931 930 24607 24606 924 926"
"A06quad_0x10","947 948 955 50068 951 50066 50071 957 24604 20150026 20150025 24603 959 24602"
"A06quad_10x0","942 935 941 967 970 968 24721 971 24718 24719 936 24704 920 917 24720"
"A06quad_10x10","50061 975 973 976 20150028 974 24711 964 24705 980 978 965 24717 24707 963 24715 24714 20150027 24710 24716"
"A07quad_0x0","997 996 998 20150005 999 993 1705 995 1000 20150029 985 50073 24727 50074 984 986 991 24729 24728 1703 982"
"A07quad_0x10","20150031 20150030 24723 1730 1731 1732 1711 1728 50075 50076 1713 1701 1736 1733"
"A07quad_10x0","1767 990 989 1766 1768 1752 50079 24726 1765 1749 1751 1750 1706 1708 1757 1758 1754 1755 1753"
"A07quad_10x10","1770 1748 50078 1777 1774 24735 1747 24732 1778 24731 24733 1746 1742 1739 1744 1740"
"A08quad_0x0","1793 1814 1815 24736 1792 1808 50082 1779 1783 1801 1781 1807 1782 1784 1785"
"A08quad_0x10","1822 1818 1816 1820 1823 24740 20150033 1821 24738 1828 1819 1831 50085 20150034 1786 1832 24737 1789 1788"
"A08quad_10x0","1869 24750 24747 1809 1850 1847 20150032 1851 1849 1845 1840 24748 1841 1843 1848 1842"
"A08quad_10x10","24739 1867 24741 1865 1856 1835 24744 24743 1838 1863 1836 1862"
"A09quad_0x0","1874 1883 1873 24773 1876 1877 20150036 1908 1887 1890 1886 1889 24758 1909 24774 50089 20150035 1895 1892 1907 1894"
"A09quad_0x10","1919 1900 1920 1923 1899 1925 24749 1902 24742 1901 50092 50093 1928 1929 24755 1930 24752 1933 1905"
"A09quad_10x0","1882 1964 1963 1946 1949 1942 1950 1953 1951 1952 24761 24771 1911 1948 24770 24769 1960 1955 1959 1956 1954"
"A09quad_10x10","24763 1970 1918 1915 1917 1914 1916 24766 1976 1967 24759 24765 24753 1938 24756 1934 24754 24767 24757 1937 24751"
"A10quad_0x0","2013 1981 2012 2011 24775 1983 2007 1979 2009 1984 1980 2024 2025 2010 1985 1978 24792 2008 50097 24777 2026 50095 24776 2006 50100"
"A10quad_0x10","24780 2002 1998 2001 1997 50109 24778 1988 1999 1990 24779 50096 1994 2004 2003 2005 1989 50099 1992"
"A10quad_10x0","2016 2020 24785 24788 2018 24789 24786 50103 2034 50102 2032 2029 2031 24793 2037 24787 2028"
"A10quad_10x10","24782 2038 2040 24781 24783 2045 2044 50107 24791"
"A11quad_0x0","2074 2072 50112 2068 2076 50111 2078 24798 2067 2058 2093 2057 2065 2047 2048 2056 24800 2054 24802 2051 24801 24799"
"A11quad_0x10","50114 2137 2146 2149 2151 2153 2148 2145 2085 2147 2152 2138 2142 2135 24814 2083 2086 2144 2143 2092 2084 2081 24795 2154 2140 24796 2141 2139 2134 2091 24797"
"A11quad_10x0","2063 2096 2095 2113 2100 24803 2108 20150037 24804 24809 24808 24815 2060 24805 2110 24819 2104 2102"
"A11quad_10x10","2117 24811 2130 2167 2170 2164 2126 2162 2119 2123 2160 2116 2166 2120 2161 24816 2155 2132 2158 24817 2157"
"A12quad_0x0","2174 2172 2173 2176 2193 2175 24820 50115 20150038 2190 2203 2191 2179 2180 2201 2205 2188 2189 2185 2184"
"A12quad_0x10","20150039 2218 24824 50118 2215 50117 2220 2235 24825 2234 2207 2224 2227 24827 2221 2225 2232 2229"
"A12quad_10x0","2270 50119 2262 2263 2266 2269 2267 2274 2260 2271 2268 2280 2273 2282 2278 2284 2275 2283"
"A12quad_10x10","2214 24821 2211 2212 2255 2253 2240 2243 2244 2245 24822 2242 2246"
"A13quad_0x0","2314 2305 2307 2294 24831 2302 20150083 2318 2297 2304 20150090 24828 2300 2290 2288 2319 24818 2285 20150089 2320 20150082"
"A13quad_0x10","2317 2333 24835 20150085 20150084 50120 2337 24847 2331 2328 2326 2327 2323"
"A13quad_10x0","2311 24839 2309 2312 2292 2310 24849 24848 2373 24832 24834 2376 2377 2378 20150086 2384 2385"
"A13quad_10x10","24836 2350 2348 2354 2352 2351 20150088 24840 2356 2371 2335 2353 2336 2345 20150087 2369 2358 2361 2341 2374 2367 2340 2339 2338 2364 2362"
"A14quad_0x0","2409 20150095 2411 24854 20150094 2407 24855 2398 2404 24853 2394 20150091 50123 24856 2393 2419 2392 2391 2397 2433 2422 2431 24864 2412 2432 2405 2417 2416 24869 20150093 2415 20150092 2420"
"A14quad_0x10","2451 2453 2447 2448 2450 2456 2446 2449 24842 24852 2455 2454 2441 2440 24857 24841 2436 24868 24843 2463 50122 20150108 2461 2460 2464 2438 50121 2462 2459 20150106 20150107 24859 2437"
"A14quad_10x0","2402 2488 24845 2428 2486 2401 2429 2489 2498 20150097 20150098 2400 20150096 2497 50124 2496 2484 2499 20150100 2425 24846 24863 2482 2500 20150099 24865"
"A14quad_10x10","2443 2445 2470 2444 2478 2471 20150103 20150101 20150104 2479 24858 2468 2483 2442 20150102 2481 2477 24860 24844 24861 2475 20150105"
"A15quad_0x0","24888 24887 24895 20150121 24890 2544 2545 24882 24889 20150120 24881 2519 2515 2520 24894 2528 2518 2507 2524 24893 2502 2505 20150109 2503 2522 20150110"
"A15quad_0x10","2579 24892 2578 2561 24891 20150119 24866 2530 2537 2567 24872 2562 24871 2538 2550 24870 2558 2565 20150118 2571 2560 2566 2555 2559 2547 2552 2556 2575 2554 2548 2553 2574"
"A15quad_10x0","2508 5117 25022 24884 2542 2543 24883 5116 5120 5121 20150112 2541 2512 5112 24878 2511 5111 5110 5113 24885 5108 5119 2513 2516 20150111 20150114 20150113"
"A15quad_10x10","2589 2594 2587 2580 2595 24874 2586 24875 2583 2591 2581 2585 2592 24876 2582 20150117 2593 2546 24877 20150116 24879 5101 2600 5102 5106 24873 2598 24867 5103 5109 5105 20150115 5104 2597 5107"
"B00quad_0x0","101 102 103 104 105 20150042 20150103 109 25087 25086"
"B00quad_0x10","167 168 20150045 170 173 184 185 186 187 189 190 192 193 25089 197 199 183 25065 25066 25068 25088 182 25067 181 20150043"
"B00quad_10x0","119 125 122 124 126 116 118 134 135 136 137 139 127 128 142 143 144 145 20150040 147 140 141 114 25090 131 132 133 148 151 20150041"
"B00quad_10x10","162 165 155 157 212 25069 20150044 25064 25063 152 154"
"B01quad_0x0","25061 520 50221 50214 545 548 574 544 501 502 504 505 506 507 508 511 20150050 577 512 25083"
"B01quad_0x10","550 50225 569 570 571 573 590 578 579 575 589 581 583 585 515 20150049 584 25084 586 588"
"B01quad_10x0","25060 25081 25059 519 535 536 537 538 540 50222 591 526 527 528 530 531 532 541 539 543 20150048"
"B01quad_10x10","20150051 25057 20150046 552 564 566 567 20150047 561 563 565 558"
"B02quad_0x0","597 25051 1110 50231 1105 593 25054 1116 1101 25049 25055 598 599 1103 25050 25053 25056 1104"
"B02quad_0x10","1124 1174 25042 25047 1186 1125 1185 1167 1184 1168 1175 1176 1119 1183 1172 50229 1178 1180 1106 1171 1107 1120 1118 25044 25045 25046 50232"
"B02quad_10x0","1127 25037 1128 20150052 1130 1144 1131 25038 1134 1135 1113 1143 1139 1132 1145"
"B02quad_10x10","1141 1142 1153 1166 50233 1151 25041 1161 1165 1154 1156 1148 1147 1157 1146 1162 1160"
"B03quad_0x0","1187 1197 1196 1616 1191 1631 1188 1190 1194 50239 1193 1189 1192 1195 25026 50236 1601 25024 1198 25023"
"B03quad_0x10","1664 1660 1659 1662 1633 1658 50237 1652 1654 1657 25025 1649 1647 1646"
"B03quad_10x0","1617 25036 1619 1618 1626 1615 25032 50243 1609 1627 1614 1611 1610 1606 1604 1605 1602 1603"
"B03quad_10x10","1621 1645 50242 50241 1644 1643 1623 1642 25031 1641 1639 25028 1638 1634 1636 1635"
"B04quad_0x0","1005 1695 1690 1668 1669 1671 1675 1676 50247 1693 1688 1015 1692 1696 1672 1697 1687 1685 1689 1018 1677 1678 25018 20150059 1684 1023 1682 1683"
"B04quad_0x10","1003 1065 20150066 1082 1079 50245 25007 1012 50250 20150063 1008 1072 1013 20150064 20150065 1080 1699 1011 1009 25004 25006 1074 25005 1007 1067 1075 1006 25019"
"B04quad_10x0","1046 1032 1081 25033 1038 1044 1020 1039 1016 20150062 1034 1035 50244 25035 1031 25034 1030 1019 1076 25001 1029 20150061 1021 1024"
"B04quad_10x10","1053 1052 50252 1043 1058 1060 1063 1041 1040 50251 1055 25003 1059 1056 1050 1048 20150067"
"B05quad_0x0","1087 1098 1086 1100 23991 1096 1094 1090 1205 23998 23999 20150071 1093 20150068 23995 50261 50258 50262"
"B05quad_0x10","1252 1251 23992 1207 1250 1253 23994 1248 50257 24000 1262 50259 1261 1201 1258 1257 1255"
"B05quad_10x0","1211 1224 1226 1220 1219 25016 20150069 1217 25008"
"B05quad_10x10","1241 1233 1234 25012 25009 1237 1238 25014 1231 1236 20150072 1245 1232 25011 1239 25010 20150070 1242 1243 1240"
"B06quad_0x0","1278 23969 1274 1279 1276 1277 1283 1272 1281 1269 1282 1285 50268 1270 1287 1286 23981 1284 20150073 1268 20150074 1289 1265 1264 23982"
"B06quad_0x10","1290 1350 23983 1330 50266 1364 1363 1348 1358 1361 1357 20150075 1359 1354"
"B06quad_10x0","1305 1302 23990 23979 23978 1300 1313 1293 23988 1301 1314 23977 1308 1318 1316 1295 1299 1296 1315 1294 23997 1310"
"B06quad_10x10","23984 1328 1341 1324 23972 1323 1336 23971 1333 23973 1335 23985 1338 1337 1334 1347 1332 1346 1339 23986 1345 1342 1340"
"B07quad_0x0","1373 1372 23959 1369 1377 1386 23947 23954 23956 1378 23962 1389 50210 1390 1388 23961 23960 1392"
"B07quad_0x10","1451 20150079 1381 1437 1436 1440 1448 23951 1380 23950 23964 50208 1447 1442 1445 23955 23963 23952 23953 1441"
"B07quad_10x0","23970 1402 23976 1401 1405 1403 23975 1412 1400 1406 1404 20150076 23968 1415 50209 1399 1397 1414 23974 20150077 1408 1411"
"B07quad_10x10","1429 1427 1425 1428 1432 23948 23949 1426 1433 23967 1419 1420 20150078 1418 1438 1439"
"B08quad_0x0","1464 1482 1483 1460 50201 23958 1478 1459 1457 1479 1458 1455 1453"
"B08quad_0x10","1467 1469 1465 1531 20150080 1470 1466 1536 1532 1537 1472 1474 23945 1525 1533 1534 1535 50196 23931 23944 23943 50195 1542 1476 1540"
"B08quad_10x0","1503 1505 1496 23929 1485 1500 1507 1493 1494 1492 1488 1489 1491"
"B08quad_10x10","1527 1526 1523 1528 23930 1504 1521 1510 1515 1520 23942 50200 1513 1514 1508 23941 1512"
"B09quad_0x0","1559 23922 23933 1565 50193 1548 50192 1563 1544 20150196 1552 23934 1545 1549 1543"
"B09quad_0x10","1556 1558 9424 23923 20150195 9427 1555 9442 9425 20150194 20150191 1553 9422 20150197 9438 20150193 9435 20150192 9420 9421 50187"
"B09quad_10x0","1583 20150186 1585 1580 1576 1577 1582 1600 23935 1579 1584 1588 23927 1598 1568 23938 1591 1593 50190 1589 1590 20150187 23939 20150188 1569 50191 1571 9430 1594"
"B09quad_10x10","9405 9408 20150190 9404 9409 9416 23925 23926 9440 50189 23924 1596 9419 20150189 23937 9412 9418 1595 50188"
"B10quad_0x0","9447 9443 9446 23910 9473 23902 9456 9457 20150199 50181 23908 9455 23904 9450 9461 9467 23903 23909 23901 20150198 9463"
"B10quad_0x10","9477 9471 23907 9479 9476 23906 9469 9481 9475 9474 23905 9468 50182 50184 9480"
"B10quad_10x0","9501 9495 9492 9494 9503 9491 9488 9496 9506 9497 23911 50185 23913 23912 9489 9507 9484 9508 20150128 9511 9487 23914"
"B10quad_10x10","23917 9519 9526 9533 23916 9528 9522 9520 9525 9530 9516"
"B11quad_0x0","50174 9575 24997 50175 9573 9547 9549 50178 9566 24951 9584 9571 9545 9574 9579 9581 9576 9569 9577 24948 24957 9570 24952 24949"
"B11quad_0x10","9603 20150177 20150184 9595 9598 50176 9611 9615 9594 25000 9607 9586 20150178 9612 20150179 24953 9614 9590 9588"
"B11quad_10x0","9554 23921 23918 9538 9552 9551 9548 9553 23920 9559 9556 20150180 9542 24994 23919 9543 24955 24999 24956 24950"
"B11quad_10x10","9604 24945 9561 50172 9626 50171 9627 9618 24954 20150181 9565 24995 9628 20150182 9562 9620 9622 20150183"
"B12quad_0x0","9654 24984 50168 24982 9651 9656 9648 9657 9655 9634 9638 9641 9658 9633 9635 24979 9643 9639 20150161 9631 9652 20150176 50162 9646 50163 9632 20150174 50161 20150163 20150162 20150175"
"B12quad_0x10","24983 9659 9823 9660 9819 50159 9664 50167 20150173 9821 9818 9824 24978 9827 9829 9817 9828 9822 9832"
"B12quad_10x0","24987 24988 24985 50164 9687 24991 9692 9678 24993 24992 9679 9677 24990 9690 9672 20150164 20150165 9682 9669 9680 9685 24996 9676 9683 20150166 9674"
"B12quad_10x10","20150172 9802 9804 9700 9815 9698 9696 9816 20150169 9826 9806 9671 9814 50165 9809 9694 20150170 20150171 9813 9808 20150168"
"B13quad_0x0","9847 9703 24899 24896 24898 9846 24959 9837 50139 20150152 24960 9839 50148 24961 50149 24962 9845 50138 9849 20150154 20150153 24958"
"B13quad_0x10","9854 24963 9853 24970 50140 50141 9714 24964 9857 9855 9852 24900 9722 24965 9728 24966 9724 9723 9856 9718 9719 9720"
"B13quad_10x0","9889 20150156 9890 9885 50146 50152 9874 24973 9878 20150155 9869 50143 24980 9879 9881 9862 50150 9861 9867 24975 24974 9882 9892 20150157 9891 9876 9875 9863 9865 9866 9864"
"B13quad_10x10","9701 20150160 9895 24972 9899 9896 24968 50145 9900 9894 24971 9711 9707 50142 20150158 20150159 9713 9709 9708"
"B14quad_0x0","9735 9736 9746 9744 9738 20150144 9737 24920 9754 50147 20150139 9749 24923 9751 24929 24927 9747 9733 9732 9734 9730 24930 9731 24926 24925"
"B14quad_0x10","20150137 9799 20150141 20150138 9797 9901 9902 24922 9918 9908 20150142 9914 24932 9903 9917 9753 50134 9911 20150140 24935 9913 24924"
"B14quad_10x0","24943 20150143 50137 9761 9763 9772 9756 24942 24947 9773 24944 20150146 20150147 9774 9759 24928 9766 9765 9768 20150145 9758 9762 9767 9760"
"B14quad_10x10","24940 50136 20150151 24941 24937 9777 24939 9783 9789 9786 9785 9776 9784 24933 9793 9790 20150149 9780 24946 24934 20150150 9782 20150148"
"B15quad_0x0","9943 20150135 9949 20150122 9925 24901 9940 9947 9922 9923 9945 20150135 9924 9950 50127 9926"
"B15quad_0x10","24905 10014 24908 9955 9952 9954 9957 24907 9956 24904 9953 9960 9958 24903 20150133 10020 10007 20150127 10019 10021 10010 10018 24906"
"B15quad_10x0","20150126 9937 9936 24919 24918 20150124 24916 9976 9978 9969 9982 9981 9972 20150125 9975 9970 9971 9967 9980 9933 9979 24917 9973 20150123 9974"
"B15quad_10x10","9965 9991 24912 9994 24913 10006 9998 9988 20150134 10001 20150129 9961 20150132 24911 9984 9999 20150130 9996 20150131 10003 24914 9997 9983 9963 24910 24909"
"C00quad_0x0","3189 3190 20150307 20150306 3195 3192 3176 25091 3177 50272 20150300 3165 3173 3171 3170 3162 3169 3174 3172 3163 3167"
"C00quad_0x10","3227 3197 3226 3198 3224 3223 3193 25072 3196 50269 20150305 3194 3215 3199 3220 3213 3218 25093 3202 3201"
"C00quad_10x0","3183 3185 3267 3155 3160 3157 3181 3184 20150301 3187 3188 3180 3156 3256 3255 3179 25071 3253 3259 3263 3261 20150303 3251 3265 3254 3206 3264 20150302 3205"
"C00quad_10x10","3225 3238 20150304 3239 3234 3235 3237 3236 3233 3250 3242 3203 3207 3246 3245 3241 3240"
"C01quad_0x0","3281 25076 3295 3288 20150318 3293 3289 3286 3284 3297 3282 3291 3287 3299 3285 20150317 3305 50275 3296 3300 3301 20150308 3308 3302 3304"
"C01quad_0x10","25074 3322 3327 3329 25073 3326 3331 3323 3325 3330 20150313 3332 3321 50274 3319 3320 25075 3317 3312 20150315 20150316 20150314"
"C01quad_10x0","3365 3364 3276 3277 3362 25095 25079 3361 3358 20150319 25077 3274 25094 3278 25080 3368 3272 50277 25096 3307"
"C01quad_10x10","3336 3355 3337 3349 50278 3339 20150311 3357 20150312 3338 3350 25100 3351 3356 3352 25097 20150310 3343 3344 3346 20150309 3348 25098 3345"
"C02quad_0x0","50284 20150320 25139 3404 3408 3400 25138 25137 3397 3411 3406 3403 3388 3399 20150328 3390 3389 20150327 25136 3393 3402 50281 3385 3382 3383 25147 3386 3394"
"C02quad_0x10","20150325 3421 3416 50289 3417 3414 3420 3443 20150329 3442 3447 3448 25150 25152 25163 3430 3413 20150326 3428 3423 20150324"
"C02quad_10x0","25140 25145 3460 50286 25141 25143 50283 50282 3372 3375 20150321 3379 25142 3377 3380 3378 25146 25144 3381"
"C02quad_10x10","3456 3453 50287 3435 3452 3454 3451 20150323 3438 3439 3458 3441 3433 20150322 3432 50291 25149"
"C03quad_0x0","3471 50295 3470 3467 25172 50294 3468 3473 50310 25171 3490 3488 3479 3483 3500 20150331 20150336 3482 3485 20150335 3478 3480 20150354 20150352"
"C03quad_0x10","50309 3512 20150350 25170 3507 25167 20150348 3492 3496 3498 25168 25166 25169 3516 3514 25164 25165 20150351 3499 3525 3495 3527 3520 3521"
"C03quad_10x0","3566 3565 50293 3556 20150334 20150332 3475 3562 20150336 3570 3585 20150333 20150330 3581 3574 3557 20150337 3573 50296 3578 3571 3567 50297 3576"
"C03quad_10x10","3549 3546 50299 3547 25175 3541 20150349 3542 25174 3538 3539 25173 3545 50304 20150342 20150347 3536 3540 50302 3506 3532 3535 3537 3531 20150361 20150339 20150341 20150343 3529 20150344 20150346 20150345"
"C04quad_0x0","3604 3602 20150377 20150378 3600 3596 3610 20150357 3605 3592 20150360 3606 3609 3593 20150362 25185 20150356 20150358 25184 20150359"
"C04quad_0x10","50317 3625 25186 25187 20150372 3626 20150376 3611 3634 3624 3614 3612 3630 3632 3618 20150366 3629 3617 3623 3616 25183 3615"
"C04quad_10x0","50312 3599 25020 25156 3665 3664 3672 3666 3620 20150365 25157 3668 3667 50316 25155"
"C04quad_10x10","3651 50323 25158 25161 25160 3627 3647 20150373 20150371 3636 3619 20150375 20150367 3656 20150368 3662 3655 20150363 3642 3658 20150369 3663 20150374 20150370 25159 50320 20150364 50326 3659"
"C05quad_0x0","3701 3693 20150397 3697 3696 20150379 3690 20150380 3695 25179 3678 3688 20150385 20150381 3680 3676 3685 3686 25162 3692 20150399 3694 50327 3681"
"C05quad_0x10","25182 25181 25178 20150382 25154 3718 3716 3714 20150393 25177 3723 3704 20150398 20150394 20150392 20150383 3707 3708 3721 50340"
"C05quad_10x0","3750 25180 25192 25195 3687 20150386 50332 25193 50333 20150384"
"C05quad_10x10","20150389 3741 3744 3735 20150390 3743 3733 3736 3740 3727 3728 20150395 25190 20150387 20150396 50337 20150388 20150391 25189"
"C06quad_0x0","20150442 25199 20150421 3788 20150404 3754 20150419 25198 20150418 25200 3790 3787 3782 3785 3777 20150420 50343 25194 3759 3758 25197 3776 3760 3757 20150403 20150422 20150400 3805 50358 25101"
"C06quad_0x10","20150417 3786 50345 25108 50355 25111 25110 20150413 25109 3802 3799 50356 3807 50357 25107"
"C06quad_10x0","3832 3792 20150405 25120 25123 3767 3768 20150402 20150406 3771 20150401 25121 3772 3765 3766 25122 25104 50353 25188 25103"
"C06quad_10x10","3791 20150412 50349 50350 20150407 3827 25117 3817 3829 20150408 20150415 3795 3816 20150409 3828 25116 3796 25113 20150410 50354 3823 3794 25115 25112 3822 3818 20150416 3811 25118 20150414 20150411 25105"
"C07quad_0x0","25303 3842 3843 3841 25302 3872 3874 3869 25304 3871 20150434 3840 3846 3848 3877 25128 3873 3879 3881 3850 20150433 20150423 50361"
"C07quad_0x10","4214 4215 3889 3891 3892 20150428 3885 20150429 20150431 3896 4216 4218 3883 25301 3894 4217 4219 3886 3890 3887 50367 3882 4204 4212 4208 4202 4203 4209 4207 4201 25125 4220 4221 25127 4206 4210 25124"
"C07quad_10x0","25129 25307 25308 25126 25130 25131 4241 50364 20150425 4242 20150427 3862 3863 3852 20150430 25305 3858 3857 3859 25132 20150426 3855 3860 20150424"
"C07quad_10x10","50366 20150432 25133 4237 4236 25306 4231 4230 4233 25310 25309 4235 4234 4225 25311 25313 4232 4238 4226"
"C08quad_0x0","25135 4249 20150445 4254 4253 4251 25315 20150443 4280 4252 20150444 25134 25334 25316 4283 4275 25335 4282 4247"
"C08quad_0x10","4287 50372 4259 4261 4260 4288 50368 4291 4290 20150442"
"C08quad_10x0","25340 2716 20150435 25339 2717 20150436 25341 25320 2718 2771 2714 2712 2711 2713 20150437 2710 2715 25321 4272 2705 2709"
"C08quad_10x10","4271 20150438 4292 25319 25338 20150440 25337 4267 4269 25318 4293 4265 4295 25336 20150439 20150441 4297 2703"
"C09quad_0x0","20150450 2737 20150452 2738 2735 20150446 2736 50375 50374 25323 20150449 20150460 2742 25325 20150447 50385 20150448 25324 2743 2750 50384"
"C09quad_0x10","2770 20150459 2769 25344 2797 2780 20150461 2768 2772 2776 2775 2766 2779 50387 25327 25343 25326 50378 2782"
"C09quad_10x0","25347 2729 2726 2734 2725 2733 20150454 2727 2730 2723 2720 2763 25356 20150451 20150455 2722 50376 50383 50382"
"C09quad_10x10","2757 2756 25345 2791 2793 25346 25331 2755 25332 20150457 2790 2758 20150453 25330 2760 20150456 2792 50377 20150458 2789 2788 2761 2785 2783 50381 50380"
"C10quad_0x0","3943 3916 25353 20150463 3964 3929 20150472 3917 3920 20150462 3921 20150473 3928 20150471 3922 25350 25351 3926 3925 3937 3961 20150474 3923 3924 50392"
"C10quad_0x10","3972 3955 25354 3976 3950 3975 3973 3954 3956"
"C10quad_10x0","25348 20150464 25349 3906 3911 20150469 50388 3903 25362 2800 2799 3902 3910 20150466 50389 50394 3969 3907 25360"
"C10quad_10x10","20150467 3991 3990 3988 3978 3981 20150470 3983 3992 25357 50390 20150468 25359 25358 25355"
"C11quad_0x0","4135 4117 4110 4108 20150475 50395 4125 4105 4107 4118 4114 20150476 4103 25371 25370 4124 20150477 4121 4116 4119 25375 25374 20150499 25372 25373 4111"
"C11quad_0x10","4144 4139 4141 4138 25365 4146 20150496 4136 4152 4140 4148 20150495 4142 4147 20150498 4161 4149 20150497 20150493 50397 4155 4153 25364 20150494"
"C11quad_10x0","4000 20150479 3998 4195 20150482 4129 3997 20150480 25369 4191 4132 4131 4130 20150481 20150484 4160 20150478 20150483 25367 3999 25368 4102 4192 50399"
"C11quad_10x10","4188 20150491 4186 4174 4183 4190 4172 4175 20150488 4167 4169 4176 4182 20150492 4171 4181 4179 4180 4168 4165 20150490 4159 20150489 4173 4177 4178 20150487 4163 25366 20150485 4157 4156 20150486"
"C12quad_0x0","4323 50412 4326 4330 4324 20150518 4341 20150500 50402 20150501 4329 4327 4338 4333 4335 4332 4331"
"C12quad_0x10","4364 4365 4363 20150514 4360 4361 50405 4359 50410 4356 4357 4355 50404 20150513 20150517 4353 4370 20150516 25378 20150512 25377 20150519 25376 4369"
"C12quad_10x0","4410 25389 4313 4408 4409 4404 4314 4311 4411 50407 4310 4405 4318 4301 4305 4309 25388 4403 25385 4197 20150502 4307 25384 4304 4308 20150504 4306 4401 4397 20150503 4402 4396 4200 20150505 25387"
"C12quad_10x10","4386 50408 4384 4382 50406 20150507 25380 4383 4377 20150508 20150515 20150511 25383 4400 4348 25382 20150506 4395 4345 4394 25381 4393 4388 20150509 4373 20150510"
"C13quad_0x0","20150521 25395 4447 20150541 50415 4446 25396 25397 4427 20150542 20150540 4424 4444 4423 4443 50423 50435 20150522 4421 50434 4448 4434 4433 4429 4430 4435 50425"
"C13quad_0x10","25392 24408 4455 25390 20150533 4468 4470 4450 4466 25394 4451 4472 20150538 50427 24410 24409 50428 50433"
"C13quad_10x0","20150527 4417 25400 20150528 50417 20150526 4413 25399 4497 20150523 4505 50436 20150539 4503 50432 20150520 20150525 24401 4510 20150524 4438 4508 4474 4509"
"C13quad_10x10","20150535 20150536 4459 20150543 24413 20150529 4483 4491 20150531 4490 4489 20150537 4488 24412 20150534 20150530 4487 24411 50420 4441 24402 4478 4484 20150532 24405 50431 24403 4486 24407 24404"
"C14quad_0x0","24419 24422 24421 24418 24426 24427 4527 4523 4524 24414 4516 4514 20150556 24420 4531 24415 4532 20150544 4533 4535 4530 20150557 4529"
"C14quad_0x10","24425 24431 4553 4548 24423 4543 20150558 4558 4556 24417 4560 4538 20150555 4554 4537 20150554 24429 24430 24428 4539 4542 4565 4566"
"C14quad_10x0","4607 4608 24416 50441 50443 20150547 4522 24440 4519 24443 24439 4521 24441 20150546 20150548 24442 20150549"
"C14quad_10x10","20150550 4589 24437 4585 24434 50442 24435 4588 4591 4602 24433 4570 4590 4567 4561 24432 50444 20150553 4584 20150552 20150551 4593"
"C15quad_0x0","4639 4641 4635 4638 20150570 4637 4610 4634 4630 4627 24456 24452 4633 50448 4620 4636 4621 4615 24459 4626 20150559 4619 4618 4625 20150573"
"C15quad_0x10","4661 4644 4658 4660 4682 4659 24451 4648 4663 4675 4646 4679 4669 4657 20150567 4672 4673 4677 20150568 4678 4655 4666 20150571 4653 24458 4654 4667"
"C15quad_10x0","20150565 24461 4500 4807 4600 20150562 4597 20150560 4609 4804 20150563 4614 4612 24460 20150561 24457 24453 20150566 4623 4595 4594 24444 20150564 24445 4698"
"C15quad_10x10","4685 4683 4686 24462 4690 4684 4650 4691 4692 4696 4700 4697 24455 4699 4651"
"D00quad_0x0","10869 10871 10868 10867 20150578 10849 20150576 10865 10850 10848 26188 10853 10854 10898"
"D00quad_0x10","10911 10917 10916 26187 10939 20150577 10936 20150575 26197 10918 50462 10931 10915 10937 10932 10938 10942 10928"
"D00quad_10x0","10875 10881 10856 26184 10862 10879 20150580 20150579 10901 10883 10880 50466 10882 10857 10886 10884 10896 10897 10899"
"D00quad_10x10","10888 26196 10890 10891 10922 10924 26195 10909 50463 10889 10923 10921 10904 10913 26186 10887 10920 10893 20150574"
"D01quad_0x0","10946 26181 10958 10979 50468 26190 10948 50472 10980 20150589 10950 10947 10961 10949 10959 26183 20150590 26182"
"D01quad_0x10","26191 11014 11012 20150585 50476 50470 11015 20150584 11020 26192 11007 11009 20150581 26193 11005 20150586 20150588 11004 20150587 11006 10964"
"D01quad_10x0","10973 10977 10972 10976 10975 20150591 50474 10986 10951 20150583 10990 10968 10984 10989 50473 10954 10971 10987 10969"
"D01quad_10x10","20150582 26177 10983 26178 10994 10996 10992 26160 10995 10991 26179 11002"
"D02quad_0x0","11043 11047 11027 11030 11028 20150604 11044 11025 20150603 11034 11045 11035 20150605 11033 11026 11029 11037 11039 20150594 20150606 11041 26173 11036 11024 11051"
"D02quad_0x10","11050 50481 11103 11046 11113 11049 20150602 11110 26174 20150601 11102 11091 20150599 50489 11048 11112 11093 11098 11099 20150600 11118 11092 11117 11097 11116 11100"
"D02quad_10x0","20150592 26159 50486 20150593 20150595 11063 20150607 26172"
"D02quad_10x10","20150598 11077 11079 11081 11088 26175 11096 11083 11078 11053 26154 11072 20150596 11095 11070 11055 20150597 11074 11067 50484"
"D03quad_0x0","50504 11135 20150628 20150625 20150624 11150 20150629 11134 11136 11127 26165 20150626 11120 11133 26153 11129 26164 26156 50496 20150627 11124 50490"
"D03quad_0x10","26168 20150616 26170 11140 20150610 11137 20150623 20150613 11146 11142 50495 26167 11144 11218 20150622 20150611 20150612 26157 20150618 11219 11212 50492 11217 11224 11228 11215 11222 11220 26171 20150621 26169"
"D03quad_10x0","11163 11166 11153 11164 11160 50500 11186 50501 11178 11181 11156 26152 11176 20150608 11173 20150609 11180 11162 11182 11172 20150617 11155 11174 11170 11169 11168"
"D03quad_10x10","11207 11195 11202 26161 11193 26149 26148 26151 11205 20150620 20150615 50497 11204 11189 20150614 11196 26147 26146 26155 26145 11211 11201 11209 11200"
"D04quad_0x0","20150647 20150644 20150646 26138 11241 20150642 11236 26137 11233 11253 20150645 11240 26139 11234 26136 50517 50516 11232 11229"
"D04quad_0x10","20150641 50526 11306 20150640 20150639 11318 11327 11304 11299 20150637 23144 50507 11302 11303 11301 11323 11325 11254 11317 11314 11321 20150636 11326 11313 20150638 11312 11319 50518 11311 11309 11310 11308"
"D04quad_10x0","50513 11258 11245 11242 50523 11244 11255 50522 50509 11283 11281 20150631 11274 20150648 20150630 50521 26133 11243 26140 11269 11273 11278 11279 11272 26134 11277 20150632 11275 11271"
"D04quad_10x10","11287 11290 50510 50511 11291 11293 11292 11297 20150634 11259 11294 11285 11289 11260 26143 20150635 11298 11295 20150633 26142 11268 11296 50520 26141 20150643 11267 11315 11263"
"D05quad_0x0","20150662 11334 20150654 26123 11332 11337 20150658 11333 20150660 11356 26125 11355 11352 50529 11338 20150661 26129"
"D05quad_0x10","11419 20150654 11418 11350 11420 11422 11416 11415 50528 20150657"
"D05quad_10x0","26124 26126 11378 11364 11379 20150664 11390 11366 11376 11363 11386 20150650 11347 11387 11361 20150663 11362 26324 11358 11359 11385 26127 50534"
"D05quad_10x10","11396 11374 11383 20150651 20150655 11384 11380 20150656 11405 11392 11391 11382 20150653 11402 26131 26132 11375 11398 20150652 11409 11381 26128 11397 26130"
"D06quad_0x0","11436 50548 20150678 11430 11427 11438 11437 11434 11441 20150676 11433 26116 26122 11432 11440 20150677 50540 20150674"
"D06quad_0x10","11510 11508 11505 26112 50549 11506 11509 26120 11503 26119 26114 11513 20150670 11482 11501 11495 11498 11483 11496 26121 11499 11479 11497 50538 11481 20150673 11494 11500 50537 11492"
"D06quad_10x0","26106 11460 26107 11461 26118 11464 11459 20150666 11452 11447 11456 11446 20150679 11465 20150680 20150667 20150665 11453 11466 11451 50543"
"D06quad_10x10","11473 26111 11470 11471 26117 26110 20150671 11469 26113 11488 11489 11491 20150672 20150669 20150675 11484 11490 20150668"
"D07quad_0x0","26105 50550 20150689 26104 50557 26102 26101 11515 11516 20150688 11528 11529 25599 26103 11514 11524 25591 11521 11538 11525 50551 20150687 25596 11518 11535 25598"
"D07quad_0x10","11610 11607 25594 11547 11601 11600 11608 20150681 11594 11595 11597 11539 11602 11603 11599 11606 11605 20150684 20150686 50558"
"D07quad_10x0","20150696 11560 11575 25588 11553 11567 20150690 11558 11557 50565 50563 25590 11555 20150691 11559 11554 50560 11552 50559 11550"
"D07quad_10x10","11570 11568 11585 11574 11588 20150682 11586 20150683 20150685 11572 11579 11578 11581 11580 11582 25587 50566 11583 25589 11593 50562 11592 11590 50561 11598 11589"
"D08quad_0x0","20150711 25575 25574 11628 11614 11617 25579 25580 25578 11623 11613 20150710 20150712 11612 25577 25576 20150709 20150713 50577 25583 20150714"
"D08quad_0x10","20150699 20150705 11656 20150707 20150698 25582 20150702 11627 20150704 11655 20150706 11652 20150700 20150701 11653 25581 20150708 11645 11634 11651 11635 50576 11633"
"D08quad_10x0","11674 20150619 11671 50570 11672 11686 50571 11685 11676 11683 11678 11687 11643 11684 11688 11675 11691"
"D08quad_10x10","50569 50572 50573 11670 25584 20150703 11660 20150693 11664 11662 25585 11665 11663 25586 11639 20150697 11661 20150694 20150692 20150695"
"D09quad_0x0","11749 25571 11739 11750 11753 20150726 11736 11748 11735 20150725 11746 11745 11743 20150724 25572 11773 11741 11756 11761 11734 50579 11740 25573 11752"
"D09quad_0x10","20150720 11717 20150723 50600 50583 11769 11721 20150722 11763 11781 11767 11718 11778 11771 11777 50582 11780"
"D09quad_10x0","11712 11709 11708 11706 11704 11713 11697 11694 50588 11695 20150727 50589 50593"
"D09quad_10x10","20150716 20150721 20150717 11722 20150715 11723 50584 11783 20150718 25570 11725 11727 20150714 11731 11733 11724 11728 11730"
"D10quad_0x0","25557 11791 25559 50601 11795 11792 20150734 11805 11806 20150732 20150730 11808 25558 11786 11802 11809 25560 20150733 20150731 11785 11800 11801 11797"
"D10quad_0x10","11850 11843 11841 11842 11851 50602 11845 11840 11847 11812 11813 25562 20150729"
"D10quad_10x0","50605 50604 11816 25546 11796 25549 11788 25547 25548 20150735 25545 11820 20150736 25567 11824 11823 11821 11825 11819"
"D10quad_10x10","11848 25543 25566 50603 25563 25564 11838 11832 11829 11828 11833 25542 25565 20150728 11831 11834 11827 25544 11830"
"D11quad_0x0","20150743 50609 11859 25556 25552 20150745 11857 25536 11862 11858 11867 11872 11860 11879 20150744 11870 25553 11866 11871 11878 11869"
"D11quad_0x10","50611 25551 11927 11926 11924 11940 11925 25550 11936 11930 20150742 11888 11939 50610 11884 11942 25535 11933 11929 11935 11934 11937"
"D11quad_10x0","25554 25555 11899 11898 11891 25537 20150737 11901 11897 11941 11896 20150738 20150741 11892 11890 11900 11877 50616 11903 25538 11880 50614 25539"
"D11quad_10x10","11883 11923 25534 11922 11905 11916 11913 11920 11908 11918 11915 20150740 20150739 11909"
"D12quad_0x0","11970 11947 11992 11990 20150753 11943 11957 11988 11968 11944 11946 11963 11954 25521 11961 11945 11955 11959 20150752 11953 50624 11950 20150754 11958 50625 11949 25510 11951"
"D12quad_0x10","11995 14161 14163 14162 11994 11948 50621 14158 20150764 14165 14166 14155 11965 25528 14157 14150 14169 14167 25522 11966 14170 20150765 14149 14154 14151 20150763 14168 14145 14156 11993 20150751 14137 14143 14144"
"D12quad_10x0","14119 11977 11974 11979 14118 14115 14116 14117 14171 20150755 50617 20150756 11983 14111 11991 12000 11987 11986 11999 14104 20150746 11984 25530"
"D12quad_10x10","20150750 14120 25527 25525 14127 14140 14123 14128 14126 25524 25523 14121 14124 25526 14133 20150748 14134 14107 14122 14129 25531 14130 14139 14125 20150747 14109 14106 14138 20150749 11998 14141 50622"
"D13quad_0x0","14193 14178 14180 14190 14173 14194 20150795 25501 14185 14176 14188 50628 14183 14174 14212 25505 14177 14184 20150804 25506 25503"
"D13quad_0x10","14276 20150806 25515 14272 14279 14275 14278 14239 20150805 14283 50627 25514 14277 25513 14287 14289 14236 25507 24500 14285"
"D13quad_10x0","25512 25518 14227 20150801 14221 14229 14220 14203 14280 20150802 25511 20150803 14196 20150800 14205 20150799 50638 14218 25519 14219 50631 14214 14208 50630 25520"
"D13quad_10x10","20150796 14245 20150797 14255 25516 14268 25509 14244 20150798 14258 14259 14249 14247 14265 14243 14260 14246 25517 14248 14252 14230 14263 25508 14264 50633"
"D14quad_0x0","14332 20150790 14311 14327 14309 14331 14310 14312 14329 14318 20150791 14313 14333 14307 50459 14297 20150787 20150789 14308 14317 14296 24490 24489 14323 14299 20150788 14334 24488 14322 14301 14300 14315 20150786"
"D14quad_0x10","14425 14417 14424 24495 14414 14416 20150793 20150794 14340 20150777 14413 20150792 14344 14419 20150778 24481 14339 14337 24494 14421 24496 20150776 14433 14402 14426"
"D14quad_10x0","20150784 14367 14366 14345 14348 14371 14350 24491 14370 20150783 24492 14347 20150785 14365 14324 14373 14319 14359 20150782 14352 14376 14374 14363 14354 14358 14372 14356 14375"
"D14quad_10x10","24493 14382 14411 14381 14395 14342 14380 14394 20150779 14405 14349 14396 14412 20150780 14383 14387 20150781 14391 14341 24482 24498 14403 14400 14389 14388 14404 14407"
"D15quad_0x0","24449 14456 24447 14448 14449 24446 20150774 14460 24465 20150773 14465 20150772 24448 20150766 14464 14444 50450 14468 14466 24463 14459 24464 14440 14458 50452 14445 14467 24466 50451 14442 14461"
"D15quad_0x10","14652 24474 14640 20150775 14635 24469 14487 24473 14639 14452 24468 24471 14643 20150769 14651 24450 14637 24467 14647 14636 14642 24475 14645"
"D15quad_10x0","14477 14476 14478 14500 14495 14472 20150770 14474 14493 14498 14469 14485 50454 24486 20150771 20150768 14601 14451 14499 14482 24485 14479 24487"
"D15quad_10x10","14613 14612 50456 14625 14491 20150757 24480 24470 50455 24477 20150760 24484 20150767 14620 20150761 14617 14623 14624 24478 14605 20150759 24476 14616 50453 20150758 14629 24479 20150762"
"E00quad_0x0","4739 4740 4741 20150817 4761 26303 20150807 4759 4748 4746 20150812 26316 20150819 4742 4754 4749 4752 4753 26317 4747 20150820 4750 4760"
"E00quad_0x10","4778 4774 4776 4771 4777 4780 4768 4795 4770 20150816 20150818 4794 26305 4781 4793 26318 4791 4792 4785 50670 4783 4784 20150815 4790 4789 4786 4788"
"E00quad_10x0","4026 4025 26306 4024 26319 4758 4012 4021 4018 4017 4019 20150811 4015 26307 4020 20150808"
"E00quad_10x10","20150809 4772 4005 4002 4765 4007 4766 4800 4763 4797 4799 4764 20150813 4010 20150810 20150814"
"E01quad_0x0","4914 4917 20150822 4913 4936 20150821 4937 4916 4028 4935 4059 4945 50673 4920 4938 4921 4952 50675 4919 4933 20150823 4951 4940 4941 4932 4096 4060 4939 4929 4926 4930 4950 4942 20150834 20150833"
"E01quad_0x10","4906 4911 4912 4909 4904 4908 4902 4903 4901 20150832 26308 20150831 26309 4095"
"E01quad_10x0","4049 4045 4047 4042 4048 4041 4036 4040 4050 20150827 4039 4052 4038 4051 4055 4037 4035 4030 4058 20150825 4069 50672 20150824"
"E01quad_10x10","4080 4084 4076 4077 4079 4085 4087 4073 4082 4083 4086 4075 4078 20150828 4074 4070 20150829 20150826 26312 4071 4063 4072 26310 4062 20150830 26311 4094 4093"
"E02quad_0x0","20150835 20150845 4997 4959 26326 4957 4992 4958 4966 20150844 4991 4964 4988 4990 4963 26314 26313 5003"
"E02quad_0x10","50683 5016 20150843 5014 26327 5015 5018 26328 5011 5009 5010 5007 5002"
"E02quad_10x0","20150839 5047 5046 20150836 4967 5001 26320 4971 26323 4972 4987 26322 4981 20150838 4978 4973 4983 20150837 4982 4977 4976"
"E02quad_10x10","5024 26333 26329 20150841 5023 5020 5022 26331 5021 5026 5027 5040 20150842 5032 5042 5005 5029 20150840 5037 5004 5036 5035"
"E03quad_0x0","5054 5052 5053 5050 5055 5051 20150856 50685 20150853 26338 26337 26340 5060 20150842 5059 50689 26339 5064 5082 5079 5058 5081 5070 5068 20150857 20150847 20150858 5075 5071 20150855 5074"
"E03quad_0x10","5209 5094 5089 5208 5090 20150852 5207 50687 5204 5201 26335 5202 5211 5092 26336 26334 5084 50686 5095 5100 5212 5098 5096 5213 5215 5214"
"E03quad_10x0","5246 20150848 5255 26346 5254 5263 26345 5242 26344 5247 5257 5252 5253 5261 20150854 5066 20150849 5248 5065 5250 50688 5249 26342 20150846 5062 5258 26341 5264"
"E03quad_10x10","26347 5241 5238 20150850 5093 5232 5239 5236 5227 26351 5099 5237 5226 5235 5224 20150851 5216 5219 5221 26349 5230 5229 26350"
"E04quad_0x0","5306 26353 5270 5312 20150874 26352 5277 5266 5267 50693 5273 5274 5276 5271 5283 5269 5309 5292 5282 5268"
"E04quad_0x10","26358 5345 20150873 26357 5339 5344 5318 5347 26359 5315 5320 5316 50692 5313 5314 5350 20150870 5308 5351 50691 5324 5348 5323 20150871 5325 5327 5326"
"E04quad_10x0","26354 5299 5387 5298 20150865 5288 5300 5304 20150861 20150862 20150859 5285 20150863 5295 20150860 5291 50690 5379 20150855"
"E04quad_10x10","26360 26362 26356 5334 5361 20150871 5333 5356 5355 5364 5375 20150866 5363 20150869 5367 5368 5373 5377 5331 5357 5359 5369 5370 20150868"
"E05quad_0x0","5392 20150649 5391 26366 5416 26365 5393 5414 5418 20150875 26373 5417 26367 5398 5395 26374 5397 20150886 50700 50699"
"E05quad_0x10","20150880 5427 5425 5421 20150881 50695 26364 5432 5435 5422 5419 5436 5430 5433"
"E05quad_10x0","5485 5484 5483 5406 5482 5481 5480 26368 5410 26377 20150875 20150878 26376 5411 26375 26378 5471 5474 50702 20150877 5478 5479 5408 5473"
"E05quad_10x10","5455 26363 26369 5464 5461 5451 20150882 5450 20150879 5465 5462 5449 5460 5458 50696 5457 5448 5447 20150883 5463 5446 5459 5456 20150884 5475 5444 5476 5429 5443 20150885 5428 5466 5467"
"E06quad_0x0","5524 5488 5525 5521 5526 5522 5520 26380 5489 5494 20150887 5495 5530 5490 5493 26379 5531 5491 20150897 50705 50706 5512 5515 5496 5516 5514 20150896 5498"
"E06quad_0x10","5553 5536 5546 5554 5533 5534 20150895 20150898 5549 5551 50709 5545 5529 5527 5532 5548 5541 5544 5538 5543"
"E06quad_10x0","5581 20150888 20150889 5578 20150891 5587 5579 5585 5508 5584 5580 5507 50707 5501 5583 20150890 5502 26387 26385 26384 26383 26382 26386"
"E06quad_10x10","20150892 5556 20150893 5555 20150894 26396 5570 26370 5568 5560 5569 5561 26391 5558 5566 26389 26390 5563 26392 5559 26388"
"E07quad_0x0","26394 20150900 5590 25702 25701 26393 26397 5804 5803 5593 20150899 5596 5595 5591 5594"
"E07quad_0x10","50710 5862 26399 5860 26398 20150909 20150908 5859 5807 5854 5857 5811 5808 20150907 5852 5853"
"E07quad_10x0","5831 25706 50712 26400 5600 5828 5598 5822 5826 5832 5817 20150901 5801 5599 5813 5812 5815 5816 5814"
"E07quad_10x10","5834 25704 25705 5835 20150903 26371 5848 5842 5846 5841 5847 20150905 20150906 5843 20150902 5851 20150904"
"E08quad_0x0","20150922 5902 5878 25709 5864 5871 20150923 20150921 25708 5870 5874 5875 5869 5866"
"E08quad_0x10","5927 5925 5923 5926 5921 5924 5922 50717 5918 5919 5928 5915 5917 20150920 5913 5903 5907 50716 5905 25710 5904 5909 50722"
"E08quad_10x0","5892 5881 5890 5896 5889 5894 5885 20150912 5893 5879 25723 5891 20150913 5895 5898 5880 5882 20150910 50719 20150911 5897 25718 25717 25728"
"E08quad_10x10","5920 5946 5929 5935 5931 5945 5930 25722 20150918 5943 5934 20150919 20150916 25715 25716 5947 20150914 25721 20150917 5932 20150915 5949 50721 5933"
"E09quad_0x0","5961 5962 5956 5960 5975 50726 25732 5977 5955 5957 5958 25731 5978 5950 20150924 5973 25733 25730 50724 5951 5952 5953"
"E09quad_0x10","20150936 6125 6139 6134 20150937 5982 6141 20150938 6126 25729 6130 20150939 6131 20150934 6138 6136 25727 6137 20150935 6135 25724 5980 5986 6142 25725"
"E09quad_10x0","25736 5964 25735 20150928 25737 50727 25726 20150927 5963 5966 5989 5972 5968 25734 5987 20150926 5998 20150925 5983 5997 5993 5990"
"E09quad_10x10","6106 6102 20150933 25740 6101 6118 6103 6107 6108 6111 6117 20150930 20150929 20150932 6110 6113 6148 20150931 6150 6116 6147 6149 5991 6152"
"E10quad_0x0","20150941 6169 6171 6161 25744 20150951 6159 50737 6160 20150952 25743 25741 20150942 25745 25742 6156 20150940 6153 20150950"
"E10quad_0x10","6023 6017 6020 6019 6175 6011 6014 6012 6010 6018 6013 25750 6026 6025 20150948 25751 50730 6177 20150953"
"E10quad_10x0","6015 6163 50735 20150943 6182 50734 6188 6197 6180 25748 6191 6195 25747 6190 25746 6194 6184 6199 6200"
"E10quad_10x10","6003 6030 20150947 20150946 50731 20150949 6040 6031 6038 6037 6002 6001 20150945 6035 20150944"
"E11quad_0x0","6061 50748 20150971 6057 6064 6044 6060 20150972 20150973 20150970 20150954 6065 20150956 25755 25754 20150955"
"E11quad_0x10","20150967 20150968 20150964 20150969 6082 25752 6079 50749 6077 6080 20150966 6078 20150965 6087"
"E11quad_10x0","50746 50743 6220 20150959 6045 20150957 6214 20150960 6210 25760 25756 6053 6054 6212 6050 20150958 25758 6205 25757 6049 6048"
"E11quad_10x10","50744 6100 25753 6084 20150961 20150963 25762 6096 25759 6092 25764 20150962 6091 25763 6095 6098 25761 6093 6201 6099"
"E12quad_0x0","6223 6228 6232 50752 6225 20150975 20150988 50751 50750 6242 6229 6230 6235 6231 20150974 25770 25768 6238 6239 25777 25767"
"E12quad_0x10","6255 20150985 6259 6265 50755 25781 6254 20150986 6268 20150982 6256 25780 6253 6269 20150987 25779 6252 25778 25772 25774"
"E12quad_10x0","50753 20150977 6311 6312 6296 6301 20150976 6305 25785 6309 6310 6300 6306 25786 6304 25769 6308 6294 20150980 20150978 25783 6307 6302 6303 20150979"
"E12quad_10x10","50756 50757 6272 20150981 6284 25773 20150983 20150984 6247 6281 6278 6285 6289 6290 6291 6270 6248 25782 6283 6287 6288"
"E13quad_0x0","25797 6336 25796 6348 20150989 6327 6355 6408 6341 6412 20151002 6338 6347 50663 6415 25789 6346 50650 25787 6340 6335 6394 6337 20151003 6349 20151004 6414 25788 6344"
"E13quad_0x10","25799 20150994 6402 6407 20151001 6409 6387 6406 25784 6416 50652 50653 20151000 6396 50666 6397 6392 50668"
"E13quad_10x0","26502 6323 26503 25791 20150995 20150990 25792 6316 6330 6317 26505 6359 25795 20150991 6356 6319 6328 25790 6331 6333 25793 25794 26507 20150993 26506 50658 26508 6332 20150994 50655 50659 20150992"
"E13quad_10x10","6366 20150996 6363 26504 20150997 6370 26513 6361 6371 20150998 26510 6386 6376 6384 26509 26511 6379 6378 50664 6390 26512"
"E14quad_0x0","50645 20151007 6422 20151023 20151008 6421 20151005 6442 6437 6441 20151022 20151011 6434 6425 6430 6436 20151006 6423 6424 26523 6435 26525"
"E14quad_0x10","6466 6471 6465 50648 6474 6476 6463 50643 20151021 50649 20151020 6450 6477 6456 6473 6457 6449 6478 26520 20151019 6448 26528 26521 6447 26522"
"E14quad_10x0","6518 6510 20151013 6468 50646 6520 20151015 20151009 20151016 20151014 20151010 6507 6506 20151012 26533 6503 6504 6511 26514 6508"
"E14quad_10x10","20151018 6480 50639 6485 6495 26530 6484 6491 6486 6494 6492 26531 26532 6479 26516 26519 26518 6501 26529 26515 26517 6500 6499 6498"
"E15quad_0x0","4869 20151027 4871 4737 26540 4856 4868 4864 4872 4870 4855 4858 26543 4857 4861 4851 4854 4846 4853 20151038 4849 4859 4866 20151039 4845 4850"
"E15quad_0x10","20151034 4818 4816 26539 20151032 26538 26537 26541 26535 50640 4815 4830 20151036 26536 4828 4825 4831 4824 4844 4823 26542 4842 4843 4837 26527 4839 4834 4840"
"E15quad_10x0","4821 26546 4876 4882 20151024 4877 4878 26544 4892 20151028 26548 26545 4884 26551 4893 4702 4887 4890 4883 4896 4894 4889 4895 4888"
"E15quad_10x10","20151031 4813 4715 4713 4718 4716 4724 4735 26550 4714 4835 4731 4730 4729 26549 26554 26553 26552 4708 20151030 4734 4833 4726 4900 4899"
"F00quad_0x0","14694 54279 14697 14673 54270 14695 20151047 20151041 50779 14711 54271 14693 14709 50786 20151048 14706 14710 14691 14696 14690 14717"
"F00quad_0x10","14702 14701 14703 54280 54278 14734 14736 20151045 14714 14713 14704 14739 14730 20151046 14712 50780 14733 14737 14738"
"F00quad_10x0","14656 14655 14659 50785 14658 14672 14668 14674 14678 20151040 14661 14670 50782 54273 14679 14676 14675 14669 14660 14662"
"F00quad_10x10","54277 20151044 54274 14732 14698 14728 14731 20151043 14665 14725 14723 14727 14689 14664 50784 14663 14721 14686 14684 20151042 14719 14722 14682 14683"
"F01quad_0x0","14748 14745 54276 20151049 14746 14741 14784 14776 14747 51176 14783 14782 50787 14753 14781 14779 14777 14780"
"F01quad_0x10","14767 54285 14759 14762 14769 14765 14763 14771 50795 20151057 54286 14773 14760 14770 20151056 14817 14775 14821 14816 14804 14815 14774 20151058 20151055 14820 50789"
"F01quad_10x0","14752 14750 14790 20151052 14791 54275 14751 20151050 20151051 54283 50790 54281 54282 14754 20151053"
"F01quad_10x10","14799 14803 14800 14798 54284 14801 14796 14811 14813 14797 14795 14757 14755 14810 14756 14812 14807 14806 14814 20151054"
"F02quad_0x0","14833 20151065 14829 50797 51172 14828 20151064 14836 14830 54287 14834 20151059 14827 14826 20151063 14824 14825 51166 14822"
"F02quad_0x10","14879 14880 14845 14878 20151061 14875 14874 14837 14870 20151060 14839"
"F02quad_10x0","14861 54290 54288 14846 14856 14855 14860 54289 14858 14862 14863"
"F02quad_10x10","54292 54291 14873 14850 14848 14868 14872 14852 14866 14865 14851 14853"
"F03quad_0x0","14882 50807 50799 14884 14901 52527 14888 14887 14917 14885 14918 20151077 14886 14893 14883 14915 14898 20151080 20151079"
"F03quad_0x10","14907 14948 14911 20151078 20151074 14957 14905 52529 14950 20151075 14909 14903 14902 14910 14951 14912 14954 14906 20151076 52525"
"F03quad_10x0","14932 50805 14924 14928 50803 50806 14897 54297 14927 14958 54296 14933 14923 20151066 20151068 14894 20151070 54295 14929 14955 20151073 14896 14892 14930 20151067 14920 54293"
"F03quad_10x10","50804 50802 14937 14943 54298 14934 52528 52530 14940 14942 14936 14947 54299 14935 14946 14939 54300 14945 14944 20151072 20151069 20151071"
"F04quad_0x0","20151083 20151088 14964 20151082 14963 14962 20151093 14967 14977 14979 14974 14976 20151084 52507 20151081 14980"
"F04quad_0x10","14037 14041 52516 20151091 52517 14042 14046 52513 52514 14026 20151090 14045 14040 14025 14023 14983 14024 50808 14020 14982 14021 14033 14984 52515 14035 14034 20151089"
"F04quad_10x0","14999 14968 14001 50813 20151086 52523 14987 14988 14043 14998 20151085 14006 52521 14995 14993 14970 14997"
"F04quad_10x10","20151092 14028 14010 14991 54483 20151087 14990 14013 52519 14011 14014 14004 14015 52518 14017 52520 14005 14031"
"F05quad_0x0","14059 20151095 14058 14062 14049 14074 14071 14052 50814 14064 14070 14072 14057 52511 14073 52510"
"F05quad_0x10","14521 52504 14068 14533 50815 14534 14538 14069 14531 14529 14539 14528 14537 52506 14536 14527 14535"
"F05quad_10x0","14054 14053 14093 14080 14088 50816 14078 14091 14089 14063 14086 14090 14084 52509 52508 14055 52503 14079 14083 14081 14082"
"F05quad_10x10","52533 14516 14095 14522 14515 14510 14065 50818 14511 14066 14501 50817 14512 14100 20151094 14099 14098 14504 52502"
"F06quad_0x0","14551 20151096 14564 14570 14550 52536 20151109 52535 14548 14563 50819 14547 14567 14541 14568 14543 20151110 14544 14542"
"F06quad_0x10","12021 14553 12024 12022 52546 14562 14560 52544 52545 20151107 12020 12017 14559 20151108 14561 14558 50821 14557 14555 12010"
"F06quad_10x0","14592 14591 14589 14584 50827 14586 20151101 52537 20151097 20151098 14573 14585 50823 14578 14575 14556 14594 14581 20151099 20150100 14576"
"F06quad_10x10","14600 12008 14598 20151105 12001 52538 52551 14599 12006 52539 52553 12012 20151106 12016 14596 52540 20151104 50824 20151102 52542 52541 12013 12011 20151103 14572 12009"
"F07quad_0x0","50829 52559 12035 12025 12028 12032 52548 20151111 52558 12033 20151118 50838"
"F07quad_0x10","12049 12090 12047 12048 12037 52560 12046 12099 12098 12042 50831 12097 12092 20151117"
"F07quad_10x0","12074 12060 12073 20151113 12050 20151112 12070 12072 52554 52557 50833 12031 52555 50837 12076"
"F07quad_10x10","52547 20151114 50834 12039 12061 52556 12081 12084 12066 12095 12067 12080 12085 12064 20151115 12079"
"F08quad_0x0","50846 12123 12103 50848 12119 52564 12115 12101 20151120 52563 12100 20151131 20151119 50847 52580 12124 12126 50854 12125"
"F08quad_0x10","12183 12186 52567 12182 12178 12181 12122 12177 52565 12175 12185 52566 52569 12172 20151130 12174 50853 20151129"
"F08quad_10x0","20151121 12113 20151123 12152 12114 50840 51106 12133 12149 12144 20151124 52577 52581 52579 12134 12128 12132 12145 20151122 52578 12130 12111 20151125"
"F08quad_10x10","52573 12169 52574 12168 52572 12137 12170 12138 20151127 52570 12143 12166 20151126 12142 52575 12164 12163 12159 12153 12171 12154"
"F09quad_0x0","12196 12206 12205 12210 20151148 12188 12192 20151145 20151133 52593 50866 20151136 52595 20151146 12194 12193 12217 52594 12201 50875 52592 50859 20151134 50868 12204 12202 12212 20151132"
"F09quad_0x10","12230 12282 54489 12225 12279 20151144 12280 12272 12275 50865 12283 12273 50867 12234 12278 12277 12276 52596 12274 12213 50864 12271"
"F09quad_10x0","20151137 52586 20151138 50870 52589 12246 12257 50869 12254 50861 12244 12243 12242 20151139 12241 12255 12239 12247 12219 12218 12253 12199 52591 12198"
"F09quad_10x10","12269 12264 20151143 20151140 12222 50862 12267 50871 12262 52584 52585 12268 52582 12270 20151141 20151142 12252"
"F10quad_0x0","54303 12309 12314 50887 50886 12284 12304 12285 20151147 12299 12308 54302 12307 12301 12293 50877 12292 12303 12300"
"F10quad_0x10","12313 50889 20151159 20151157 12367 12361 12365 12312 12316 12366 12311 12363 12353 12362 54304 12315 12360 12355 12359 54309 20151158 12356 54306 54304 54307 54308"
"F10quad_10x0","52599 12322 12325 52600 12327 20151151 12318 52598 12290 20151149 20151152 12326 20151150 12286 12333 50884 54482 12331 12332 12328 50883 50882 50879 12330"
"F10quad_10x10","50891 20151154 54311 20151156 12350 12340 12342 20151155 20151153 12334 12337 12336 12345 12335 12338 12341 54313 12351 12346 12344 12352 50880 12343 12347"
"F11quad_0x0","54318 20151204 12369 54319 12417 12425 20151206 12418 54317 12382 12424 12372 12379 12423 50902 12380 54320 12376 54316 50893 12377 20151215"
"F11quad_0x10","50892 12465 20151214 12464 12404 54330 12463 12402 12405 12462 50901 12416 20151212 12415 12413 12412 54322 12408 12407 12410 20151213"
"F11quad_10x0","12426 20151207 12396 12383 54314 12388 12435 20151210 12384 12434 12394 12433 12392 20151205 12427 20151208 12430 12429 12436 54324 50903 12389 12390 12386 12385"
"F11quad_10x10","12453 12455 12451 12400 12456 12450 12397 54325 20151211 12454 12448 12445 12457 50896 12439 12447 12460 50897 50895 12449 54323 12444 12442 12440 12441 12443 20151209"
"F12quad_0x0","12470 12491 20151216 12469 20151231 20151230 12478 20151217 54340 20151229 12476 12477 12475 12474 54333 50905"
"F12quad_0x10","12484 12536 20151226 12481 12532 54334 12480 54337 12522 12526 12485"
"F12quad_10x0","20151224 20151219 12507 12496 12488 20151218 12489 54329 12494 12490 12516 50908 50913 12515 12500 54327 54328 12498 12499 50910 54326 12497 12493 12495"
"F12quad_10x10","12508 12509 12506 12505 12527 20151228 12523 12530 12504 20151227 12528 20151222 20151221 20151225 54338 20151223 12525 12520 12513 20151220 12519 12510 12511 50907 12524"
"F13quad_0x0","12550 12546 12554 12541 50915 12543 12571 54347 12558 54348 12542 12537 54346 12539 12538"
"F13quad_0x10","54371 54370 20151201 12641 50916 12564 12572 12563 12639 54352 12566 20151200 54351 20151185 54351 12570 54369 12629 12567 20151203"
"F13quad_10x0","12590 54343 54345 12585 12588 54359 12586 12587 12579 12584 12583 54342 50923 54344 12580 12581 20151191 12593 20151190 12592 12573"
"F13quad_10x10","20151196 12604 12606 12598 12605 12603 12617 12600 54367 12602 12597 54362 12596 20151193 54365 12610 54364 12611 54356 54357 50920 12624 54361 50919 12623 12609 54358 12620 20151198 12578 12575 12576 12614 54354 12574"
"F14quad_0x0","12644 12649 12687 50940 12647 12645 12648 26576 12653 12696 20151173 12650 20151175 26574 26572 12695 26566 26573 12692 12694 26577 26568 20151174 26575 12689"
"F14quad_0x10","20151184 50939 12737 12684 12679 26579 12673 50938 20151172 12677 12734 20151171 26585 26567 26569 12675 26578 12672 12745 12671"
"F14quad_10x0","12685 26595 12704 26596 26605 26604 50935 12702 26590 12707 50936 20151178 12700 20151177 20151176 12698 26597 26602 12658 20151199 12705 26583 26599 26600 26598"
"F14quad_10x10","26570 26594 26580 50943 26587 12726 50933 26588 12711 12712 12719 12729 20151082 26586 26581 26571 12730 26584 26592 26582 12715 12716 12724 20151179 20151183 12714 12713 20151180"
"F15quad_0x0","12753 12748 12747 50768 12752 20151164 50761 20151160 12795 50769 12792 50772 26559 12794 26555"
"F15quad_0x10","12836 12784 12785 12783 12842 26562 50771 20151169 12779 26561 20151170 12778 50762 50770 12841 12781 26563 12847 12832 12833 12777 12774 12776 12845 12846 12843 26560 12844 50773 12839 12838 12837"
"F15quad_10x0","12803 20151162 20151161 12817 12801 12760 12764 12807 12750 12798 12820 12821 26556 20151163 50764 50767 20151165 26557 12808 12761 12813 12812 12809 12819"
"F15quad_10x10","26565 20151168 26564 26558 12769 20151167 12767 12835 12828 12766 12772 50774 12822 20151166 12825 50777 50776 12829 50775"
"G00quad_0x0","6549 6547 6550 6533 20151241 6538 6526 20151232 54410 6539 6528 6527 6541 6536 6537 6529"
"G00quad_0x10","6553 6546 54397 6544 20151239 20151240 54401"
"G00quad_10x0","20151233 6582 54412 6572 6535 6590 6589 54413 6576 20151235 54411 6588 6574 20151234 6586 6585 6584 6583 6578"
"G00quad_10x10","6554 54425 54421 54422 54423 20151237 54428 54419 6570 6571 6561 20151238 6563 54414 6567 6562 6560 20151236 54427 6564"
"G01quad_0x0","6607 6611 6615 20151251 6597 6604 6600 6595 6591 6616 6613 6601 6593 54366 6598 6596 54470 20151242"
"G01quad_0x10","6618 6619 51051 20151250 6620 6629 6622 51599 6621 6628 6617 51597 54471 6631 51600 54475 6627 6624 54473 54477"
"G01quad_10x0","6608 6609 54449 6674 6603 54431 6669 6602 54450 54432 6667 6665 6663 20151243 6660 6668 6666 20151247 54455 54454 6664 54453"
"G01quad_10x10","6645 6637 51595 6643 6646 6641 20151245 6638 6639 6635 6636 51594 6642 6648 51598 6670 20151246 6650 20151248 6634 20151249 20151244 6652 6653 6649 6651 54398 6657"
"G02quad_0x0","20151266 6691 6687 20151252 6685 51585 6684 6692 20151269 6689 6678 20151267 6681 6693 6677"
"G02quad_0x10","20151270 7003 7005 7004 6698 7007 7006 6695 20151263 51047 6696 51579 6694 20151271 20151254"
"G02quad_10x0","51592 51591 51588 20151260 7039 51590 7020 51589 51586 51593 20151255 7037 6682 51048 7022 6680 20151257 51295 20151256 20151253 7035 7033 7026"
"G02quad_10x10","20151265 20151259 7002 7019 20151261 20151262 20151264 20151258 7008 7016 7017 51580 7018 7012 7023 7015 7014 7025 51578"
"G03quad_0x0","51040 7045 7044 7041 7046 7053 51490 51042 7047 51041 7062 7050 51037 20151272 7048 7051 51035 7066 7052 7063 7049 7069 7064 20151275 7065"
"G03quad_0x10","20151282 20151281 7084 7086 51496 51495 7085 20151278 20151284 20151283 51499 51577 7090 7071 7078 20151280 7091 7073 20151279 7089 51574 7092 7095"
"G03quad_10x0","7040 6814 51487 6819 20151274 6816 7060 51489 6815 6813 20151277 6807 7054 6805 7055 6809 7056 6811 6822"
"G03quad_10x10","51488 6803 20151276 51498 51493 7077 20151273 51494 7099 6801 51044 7096"
"G04quad_0x0","51486 20151285 51484 20151290 20151287 6840 6830 51492 20151302 20151300 6826 6825 6839 6828 6823 6833 20151301 51485 20151286"
"G04quad_0x10","6844 51482 51054 51479 6865 51480 6854 6855 6845 51481 6863 6852 51476 51475 51473 6860 51474 20151299 6850 6853 6859 6849 6858 6856 51478 6851 6857"
"G04quad_10x0","6894 6891 20151288 6893 6883 6884 51467 20151293 51459 51460 6889 6885 51462 6892 6896 51461 20151292 6899 6886 51055 20151294 6897 20151291 6898 20151289"
"G04quad_10x10","6875 20151297 51470 6867 51483 6872 6869 51468 6878 6871 6877 20151295 6866 20151296 6881 51469 6874 6847 51466 6868 20151298 6843 51472 51464 6880 51471 51465"
"G05quad_0x0","51061 51058 6706 6704 6708 6721 6718 6702 6701 6703 20151303 51450 20151308 6717 51457 51456 6707 6705 6714 6713 51455 6715 6710 51454 51453 51452"
"G05quad_0x10","6777 6775 6774 51448 6773 6778 6769 51445 6768 6766 51449 51447 6767 6770 6726 6762 6764 6771"
"G05quad_10x0","51441 51057 6731 51451 6743 6742 6732 6741 6736 6729 6740 20151305 6733"
"G05quad_10x10","6747 6754 6748 6758 6755 6757 6745 6759 6750 6746 6751 20151304 20151306 20151307 51444 51443 6761 6763 51442"
"G06quad_0x0","20151309 51429 6915 51427 6902 6914 6795 6784 6901 6788 6916 6796 20151305 6790 6787 6797 51062 6798 20151316 51430 6799"
"G06quad_0x10","6907 6969 6911 6971 6906 20151314 6968 6965 6913 6910 6966 6960 6908 6909 20151313 6963 51065 6959 51066 51064 51424 51423 20151312 6962 51425 51422"
"G06quad_10x0","51428 51414 51415 6928 51069 51411 6919 6927 51413 6922 6935 6920 6934 20151210 6936 20151311 6933 6932 6925 6938 6794 51416"
"G06quad_10x10","51421 51418 6948 6951 51417 6955 6957 6943 6912 6954 6945 51067 6949 20151317 6940 6942 51426 6946 6947 6939 6956 51068 6944 6950 6958 51419"
"G07quad_0x0","6978 6981 6992 20151318 20151329 6973 6990 6975 6977 51405 6974 6991 51406 6972 6979 6989 6993 6988 51404 6987 51403"
"G07quad_0x10","7136 6985 6996 6995 20151326 20151328 7131 7128 7129 20151327 7132 6994 20151319 7130 51070 51402"
"G07quad_10x0","51410 7105 7000 6983 7114 6999 6997 6998 20151320 7113 51604 7110 7109 7108 20151321 7112 7101 51601 7115 6976 7106 7102 51407 20151322 7118 7116 7117"
"G07quad_10x10","20151323 7126 51610 51607 51606 51609 7124 51611 7122 20151324 51608 51614 51603 7120 51612 20151325 51613"
"G08quad_0x0","7138 7140 20151342 7139 7166 7162 20151341 7150 7154 51620 7141 7142 51623 7151 7153 20151330 51619 51621 51618 7158 51615 7156 51616"
"G08quad_0x10","7213 51628 20151339 51636 20151340 20151337 51627 7168 51622 51630 7211 51631 7215 51632 51638 51626 51624 51634 51637 20151338 7219 7218 7193 51625 7208 51629"
"G08quad_10x0","7173 20151335 7169 20151331 7175 7170 20151334 51652 7181 7179 7164 20151336 7192 51651 20151333 7178 20151332 51647 51646 51650 7182 7183 7185 7184"
"G08quad_10x10","51642 7191 7190 7187 7188 51645 51640 7189 7200 7197 7186 7201 7206 7198"
"G09quad_0x0","20151345 20151356 20151344 7221 20151358 7235 51663 51655 51656 51657 51660 7238 7229 7228 51664 51662 7226 7225 20151341 51659 20151357 20151343 51661 7246 7223"
"G09quad_0x10","51668 51096 51667 51669 7254 20151353 7242 51673 51672 51671 7243 7241 20151352 7256 51097 7258 20151347 51666 7247"
"G09quad_10x0","51680 51681 20151351 51685 20151349 7263 20151354 20151355 7284 51684 20151348 20151350 7288 7252 51683 7249 7251 7282 7233 7286 51682 7239"
"G09quad_10x10","51679 7269 51678 7273 51676 7280 51675 51677 7277 51674 7272 7279 7281 7274 7278"
"G10quad_0x0","20151375 20151373 20151359 7321 7319 7315 20151376 7318 51686 7324 51692 20151360 20151370 7320 20151377 20151361 20151378 7306 7304 50952 20151365 51691 7308 51687 7347 7307 7342"
"G10quad_0x10","20151374 20151372 7322 7327 7326 7349 7351 51695 20151371 7334 7339 51693 7337 50950 7353 7346 7336 7332 7328 7330 7341"
"G10quad_10x0","51701 20151362 7377 51707 7400 7392 20151364 7398 20151363 51702 7311 51689 7399 7386 51688 51705 7390 7391 7389 7396 7387 50955 7394 51706"
"G10quad_10x10","7376 7354 51700 7379 7360 7363 7359 51704 20151366 51699 7358 7371 50953 7367 7380 51703 51697 7385 20151367"
"G11quad_0x0","7422 20151387 7416 7415 20151392 7418 7420 7412 20151388 7431 7432 20151391 7409 20151390 51716 51712 7401 20151393 51715 7407 20151379 51713 51711 51710 7403"
"G11quad_0x10","7425 20151386 7484 7505 20151385 7426 7526 7506 50958 20151389 7508 20151388 7504 7501 7424 7405 7518 7517 7521 7510 7513 7502 7525 7524 7509 7511 7515 7519 7522 7520 7514"
"G11quad_10x0","7449 7454 7430 7457 7455 7450 7459 7438 7434 7451 20151381 7458 7443 7429 7427 7435 7442 20151380 51714 7439 51717 7446"
"G11quad_10x10","7495 7460 7492 7487 7493 7496 7480 20151383 7483 7490 20151382 7499 7486 7498 7476 7497 7470 7468 7473 7463 7462 7471 7464 7469 7477 7466 7478"
"G12quad_0x0","7554 7550 7566 7546 7551 7527 7540 51722 7543 20151437 7532 20151429 7567 7534 7545 7530 7539 7538"
"G12quad_0x10","7564 51721 7557 7562 20151436 7563 51720 7558 7608 7565 51718 7606 7610 7609 7607"
"G12quad_10x0","7585 51726 7586 7581 7579 51724 7582 7544 7578 7574 7575 20151430 7576 7572 7580 7577"
"G12quad_10x10","20151435 7590 20151433 7588 7597 7595 7569 20151434 7601 7600 20151431 20151432 7603 7594 7598 7605 7592"
"G13quad_0x0","51728 7632 7636 7637 7627 7619 7644 7628 7654 7639 51731 20151418 7638 7629 7621 20151419 7640 7653"
"G13quad_0x10","7735 51727 7737 20151426 7717 7738 20151427 7727 7710 7712 7709 51730 7655 51729 7718"
"G13quad_10x0","7661 20151423 7662 7672 7664 20151421 7665 7666 7660 20151422 7671 7647 20151420 7656 7669"
"G13quad_10x10","20151424 7689 20151428 7707 7688 7677 7706 7686 51735 20151425 51733 7697 7694 51734 7693 7699 7702 7682 51737 7683 7701 51732"
"G14quad_0x0","7770 7782 7780 7779 20151405 20151417 7763 7764 20151416 7773 7772 7775 7759 7761 7753 7745 7750 51739 51738 7741 20151415 7751 7765"
"G14quad_0x10","7837 7787 7867 7786 7844 7866 7843 7785 7849 7840 7838 7839 7858 51741 51742 20151414 51743 7846"
"G14quad_10x0","50963 20151408 20151407 20151406 20151409 20151410 20151411 7794 7816 7804 7795 51748 51740 7810 7802 7811 7796 7800 7820 7747"
"G14quad_10x10","7857 50973 20151412 7834 50964 7797 7833 7856 7835 7829 7864 7854 7831 51747 7853 7825 20151413 51746 7851 7860 7826 51745 7824 7798"
"G15quad_0x0","51771 51773 7872 7874 20151404 51767 50945 7871 7892 7901 7887 50949 7882 7891 7898 20151394 7889 51756 7890 7877 7894 7880 7885 7886 7893 7879 51769"
"G15quad_0x10","20151402 7928 7917 7921 7916 7911 7909 7940 7929 7931 7924 20151403 7937 7934 7926 51755 7927 51751 7939 51749 50947 7923 51753 51752 51754"
"G15quad_10x0","7979 7980 7978 7977 51768 51762 7986 7984 51765 20151397 51764 7985 7981 7904 7878 51776 20151395 51774 7905 7903 7988 51763 7994 20151306 51760"
"G15quad_10x10","7957 51772 7950 7959 51783 7952 20151399 7949 7955 20151401 51777 7970 51778 7946 20151400 7966 7943 51761 51758 7944 51786 51759 20151398 51775 7960 7932 51757"
"H00quad_0x0","12867 12865 12864 20151438 12866 52157 52156 51025 20151441 12869 12858 20151439 52151 12868 52155 52154 52153 12872 12870 20151454 12871 52158 52159"
"H00quad_0x10","12886 20151453 12884 20151451 52146 20151450 12881 52144 12877 12885 12882 12874 52141 52145 52142 52143 12875 52150 52140 52147 52148 20151452"
"H00quad_10x0","12860 52139 12859 12855 12852 12853 20151443 20151442 12861 20151440 12849 52149 52161"
"H00quad_10x10","12893 12892 20151446 20151445 20151447 20151444 12896 20151457 12894 12889 12895 20151449 20151448 52138 52160"
"H01quad_0x0","20151456 12933 20151471 20151455 12938 52082 12932 20151470 12934 52080 52134 20151469 12916 12917 20151466 20151468 20151467"
"H01quad_0x10","12958 12956 12959 12953 12942 12943 12955 12948 12941 12951 12947 51027 52077 20151462 52075 12957 12940 12961 12949 12946 20151464 20151465 12944 20151463"
"H01quad_10x0","20151459 12898 52083 12909 52085 12899 12930 12922 12908 12910 12911 20151458 12907 52094 12903 12904 12902 20151460"
"H01quad_10x10","12966 12965 12967 52079 52084 12929 12923 52081 52088 51029 12964 52090 52086 12925 12928 12962 20151461 12924 12963"
"H02quad_0x0","52116 20151477 13020 12990 13022 52118 52125 52127 52123 52121 13023 20151474 12997 20151473 12999 12996 20151475 20151472 20151476 12994"
"H02quad_0x10","13039 52137 52131 13038 52135 13010 13009 13037 52129 20151483 13019 13003 13005 20151484 13018 13016 13007 13014 13017 13001"
"H02quad_10x0","12970 12983 12979 12975 12982 52132 12976 12978 52136"
"H02quad_10x10","13031 13029 20151482 13030 13028 52120 13026 20151479 12989 13027 52122 13036 12987 12988 52124 13033 12986 13035 52126 12985 20151481 52128 20151480 13032"
"H03quad_0x0","52109 52103 13041 13068 13051 13103 52104 20151487 20151485 52102 13049 13050 13042 13044 52108 52105 13043 13047 52106"
"H03quad_0x10","52110 20151497 52111 13095 13099 13106 13093 13057 13094 13104 13054 13105 13056 13098 13101 13102 13096 20151495 13097 13100"
"H03quad_10x0","52114 52119 20151489 20151491 13058 13071 20151499 13065 13066 13069 13080 13060 13059 20151488 13062 13063 52117 13072 13075 13061 13073 13077 20151490 13074"
"H03quad_10x10","20151493 52113 13086 52101 13085 13088 13091 52112 13090 20151492 20151494 20151486 52115 13084 13083 13089"
"H04quad_0x0","13110 13111 13119 13137 13112 13115 13113 13126 20151506 13124 13118 13123 13125 20151507 13120 13121"
"H04quad_0x10","13167 13168 20151508 51034 13179 52061 13177 52054 20151504 13133 52062 52055 20151505 13135 52056"
"H04quad_10x0","13157 13147 13139 13148 52066 52069 13150 13149 13145 52065 13142 52063 13144 13141 20151498 20151500 13140 13143"
"H04quad_10x10","52070 52071 52072 13155 13166 13153 13165 13164 51033 20151503 52073 13161 13163 52074 20151501 20151499 20151502"
"H05quad_0x0","52045 13180 52040 13243 13205 52046 13184 13186 13181 51018 13182 13188 13187 52041 52049 13185 52042"
"H05quad_0x10","13242 13194 13237 13197 13198 13245 13196 13189 13249 13192 13191 13248 13239 52053 13244 13241 13250"
"H05quad_10x0","51022 13218 13216 13212 13229 13210 13217 51023 13214 52043 52057 52058 13228 51021 13213 13227 13209 52044"
"H05quad_10x10","52059 13234 13223 13238 13221 13220 20151516 51020"
"H06quad_0x0","52029 13274 52027 52036 13253 52031 52033 52028 52032 13258 13255 13282 20151522 13256 13270 13260 13257 13259"
"H06quad_0x10","52023 13273 13312 20151529 13322 52024 52025 52030 13278 13309 13323 13326 52026 13325 20151527 13318 13324 13269"
"H06quad_10x0","52037 13289 52035 52034 13290 13288 13267 13285 13287 51017 20151525 13291 13268 13266 20151523"
"H06quad_10x10","13308 13297 13298 13303 13301 52047 13300 13296 13293 20151528 13306 13307 13294 20151526 13304 13302 52050 13315 52039 13316 20151524 13314 51015"
"H07quad_0x0","13339 13334 13335 13360 13336 52002 13356 13343 20151530 13333 13359 20151541 52003 13330 52006 52004 51012"
"H07quad_0x10","13399 20151538 52010 13398 13397 51008 20151532 52007 13345 13401 13344 20151540 13402 51007 13405"
"H07quad_10x0","13353 52017 13361 13376 20151533 13363 52018 20151531 13375 52020 52019 13367 13357 13358 13365 20151539 13364 20151534"
"H07quad_10x10","13379 52011 13391 13378 52014 13386 52015 51009 13351 13392 13387 13390 13395 51010 52001 20151536 20151537 13393 13380 13394 20151535 52012 13372"
"H08quad_0x0","13429 51003 51899 13426 13445 20151542 13432 13430 13443 13442 51005 13428 13413 13414 20151563 13408 20151544"
"H08quad_0x10","13439 20151555 13434 13503 20151558 13437 13436 13496 51878 13500 51880 20151556 13433 51874 13490 20151559 13507 20151554 13497 20151562 51876 13491 20151553 20151552 13508 13498 20151557 20151560"
"H08quad_10x0","13452 51894 13424 13451 13419 13453 51898 13421 51900 20151561 13468 13423 13462 13417 51897 13463 13466 13457 51896 13416 13418 13458 13420 20151545 13506 13470 13456 20151543 20151546 13422"
"H08quad_10x10","13484 13478 13479 20151550 13477 13483 13480 20151549 20151551 13472 20151548 13504 13471 13476 51884 13460 20151547"
"H09quad_0x0","51892 51889 20151577 51887 51890 13535 13538 51885 13539 13511 51888 51886 20151576 13518 13534 13536 13519 13509 20151575 13537 13521 13510 13517 13520"
"H09quad_0x10","13575 13584 51891 13585 51234 20151572 13578 13587 13586 20151574 13582 51895 20151573 20151565"
"H09quad_10x0","13527 13541 51856 13580 13528 51860 13529 13540 13522 13561 13526 13553 13551 51868 13552 13544 51858 20151566 13523 13581 13547 13549 13525 20151564 13546"
"H09quad_10x10","51877 51875 13570 20151568 51237 13569 13554 13564 51873 13571 13559 13565 20151570 51871 51869 20151571 20151569 20151567 51881 51879"
"H10quad_0x0","20151591 20151580 20151593 13623 13591 13614 13622 13613 13595 51848 51853 13592 20151594 13590 13612 13624 13615 13611 51851 20151578 13610 51859"
"H10quad_0x10","13669 20151581 51001 51850 13667 13679 50993 13670 13665 13680 51866 13654 51852 13676 13675 13653 13677 51862 51863 51861 13651 13681 13678"
"H10quad_10x0","20151592 13601 20151579 13633 20151584 13606 20151583 51867 13599 13603 13605 13602 13625 13604 13627 20151582 13598 13607"
"H10quad_10x10","13664 13641 20151589 20151590 13639 13662 20151585 20151588 13637 51854 13638 13659 13642 50997 13657 51865 20151586 13658 13635 20151587 13644 13649 13634 13646 13647"
"H11quad_0x0","51834 13713 50989 13695 13721 20151596 13714 13693 13691 20151595 13694 51823 13687 13701 13683 51847 51845 13699 13702 13696"
"H11quad_0x10","13715 13719 51836 20151605 13768 13716 13718 13759 20151604 13772 51843 13763 13765 13720 20151603 13770"
"H11quad_10x0","51840 13745 13729 20151597 13744 20151598 20151599 13742 13726 20151600 13739 13740 13731"
"H11quad_10x10","51838 13707 51835 13737 20151601 13752 51844 13706 51839 51842 13755 13736 13757 13705 13733 13749 20151602 51100"
"H12quad_0x0","13786 20151650 13779 51825 20151651 20151649 13777 13775 13776"
"H12quad_0x10","8034 13784 8031 20151640 8024 8035 8033 8023"
"H12quad_10x0","20151647 51828 20151648 13792 20151644 51826 51824 8006 8005 8004 8002 20151646 8003 51821 8001 20151639"
"H12quad_10x10","8007 51830 13797 20151642 51829 8010 20151643 51832 8009 8011 13795 8012 20151641 20151645 8015 13799 8016"
"H13quad_0x0","8053 8055 51817 8056 8108 50987 8042 8059 8046 51813 8057 8066 8063 8045 8041 8064 8067 8044 50982 8043 8037 20151637 8069 8068 8038"
"H13quad_0x10","51819 51820 8109 8061 20151638 51815 8127 8137 8124 8131 8125 8130 8114 50983 8116 8136 8135 8117 8119 8134 8113"
"H13quad_10x0","8050 8049 51818 51816 8080 8079 8047 8051 20151635 8081 20151636 8078 51814 20151634 8076 8075 8077 50984 8120 8071"
"H13quad_10x10","8103 8102 8098 8094 8097 8092 8104 8099 8106 8105 8100 8083 8086 8107 20151633 8085 8082 8084 50985 8087 8089 8090"
"H14quad_0x0","8151 50978 50977 20151630 8187 8146 20151629 8145 8189 8188 8143 8182 20151628 8158 51811 20151627 51810 8141 8178 8183 8138 8181 8177 8180"
"H14quad_0x10","8244 51807 8233 8243 51809 51808 8173 20151632 8162 20151619 8167 8247 8245 51805 8238 8170 8165 8166 8240 8239 8168 8237 8241 8234 8236 20151631 8171 8235 20151618"
"H14quad_10x0","8206 8153 20151625 8207 8147 8194 20151624 8190 8149 8148 8193 8204 8191 50975 8197 8159 8195 8198 8196 8202 8200 51802 20151626 8199 20151623"
"H14quad_10x10","50976 8217 8223 8214 8210 8216 51804 8220 8228 50972 8224 8213 8226 8211 20151621 20151622 8231 8209 20151620 8230 8157 8156"
"H15quad_0x0","8257 8253 8249 8403 8259 8248 8260 8258 8404 20151615 8256 20151613 8264 8265 20151614 20151616 8402 50968 8300 51790 8406 8267"
"H15quad_0x10","8294 8295 8291 8274 8280 8292 8279 50966 20151617 8456 51792 8275 8290 20151607 8457 8273 8286 20151606 8283 8458 8282 8284 8281"
"H15quad_10x0","8422 20151610 51799 51800 51797 8420 8426 8418 8417 8419 8427 8438 8416 8425 8424 50965 50969 8429 8414 8413 8266 8436 8437 51795 51785 8412 8410"
"H15quad_10x10","8449 8269 20151618 51798 8455 8441 50970 20151611 8446 51794 8439 51796 20151612 8443 8450 8434 51791 51789 8442 8452 20151609"
"I00quad_0x0","808 807 809 803 52175 52176 20151667 804 840 20151663 52171 20151667 52170 20151652"
"I00quad_0x10","811 20151660 20151662 819 20151665 20151664 813 818 20151666 20151661 52178"
"I00quad_10x0","7998 843 842 20151653 844 52169 52165 51071 20151654 52167 52168"
"I00quad_10x10","20151659 835 836 52164 821 52163 831 829 832 833 20151658 828 834 830 824 837 20151655 827 825 20151656 20151657"
"I01quad_0x0","854 855 849 853 852 847 848 851 846 878 879 875 882 889 876 885 52191 20151680 20151678 881"
"I01quad_0x10","8615 899 20151679 8612 895 8604 900 20151676 897 8613 20151677 8609 896 8614 892 8601 8611 8606 891 20151675 890 8603 20151674 8616 52188 52190 20151673 52187"
"I01quad_10x0","856 865 52179 859 861 8648 20151681 20151669 863 52174 52181 8644 20151671 8642 52180 864 866"
"I01quad_10x10","8626 8625 8624 20151672 8621 8619 8636 52186 52185 8632 8628 8637 8633 8631 893 8630 8638 8627 8618 20151670 8639"
"I02quad_0x0","8673 8670 8671 8669 8672 8650 8651 8652 8666 52204 20151691 52214 8678 52203 52202 8649 52201 8667 51072 20151690"
"I02quad_0x10","8676 8698 8688 8686 8694 20151684 20151689 20151688 8687 8700 52208 8684 8902 8695 8699 8693 8691 52207 52205 52206 20151687 8690 51073"
"I02quad_10x0","8657 8658 20151682 8656 8653 8659 8660 20151683 8665 8654 8662 20151693 8921 8929 8927 52216 8922 8924 8925 8664 8926"
"I02quad_10x10","20151685 8903 8680 8918 8683 8914 8912 52215 8915 52212 8905 8908 52209 8910 8911 52213 8919 20151686 8906 20151705 8917 52210 8916 8920"
"I03quad_0x0","8935 8934 8940 20151704 8941 20151700 8939 8946 20151703 20151702 8933 20151701 8938 8937"
"I03quad_0x10","8944 8945 8965 8964 20151697 20151698 54372 8943 8966 8942 8975 8962 8960 20151699"
"I03quad_10x0","201517064 8991 8956 8992 8948 8955 8952 8976 8950 20151694 20151695 8989 8949 8957"
"I03quad_10x10","8984 8970 54379 8977 8982 8980 8983 8971 8979 54377 8968 8985 20151696 54381 8974 54376 8972 8973 8988 54380 54378"
"I04quad_0x0","8999 52197 8997 9017 8995 9018 52193 20151622 9001 9006 9021 9002 52192 9003 51074 20151723 9005"
"I04quad_0x10","9034 20151721 9035 9033 54374 54375 9032 52194 9019 9029 9043 9041 20151720 9040 51075"
"I04quad_10x0","52199 52196 9016 9024 20151724 9027 9058 9014 9012 20151708 20151709 20151714 9061 9007 20151711 9011 51076 9010 9008 20151710 9009"
"I04quad_10x10","20151707 9026 9059 9051 9050 20151713 9048 9047 20151715 20151712 9025 9057 20151717 20151719 20151718 9054 20151716"
"I05quad_0x0","9089 9087 9068 9096 9086 9083 51077 9094 9097 9070 9085 9084 9092 9074 52218 9091 9090 52221 20151732 9071"
"I05quad_0x10","52227 9112 9106 9104 20151729 9109 9100 20151728 52225 52224 9111 9101 9105 51078 9138 52226 9103 52223 9102"
"I05quad_10x0","9075 52237 9076 20151725 52219 9108 52233 52232 9148 9146 9147 9079 9073 9140 9149 9144 9081 52238 9150 20151733 9145 52236 9141 52220 9077 9142 9143"
"I05quad_10x10","9126 52230 20151727 9124 52231 9133 20151726 9119 52229 9122 52234 9129 9132 9121 9131 20151730 52235 9118 20151734 9117 20151731 9114 9116 9128 9136"
"I06quad_0x0","9190 9181 9184 52241 9169 9180 52243 9179 51084 9170 20151746 52242 9183 9178 52239 20151751 9174 9173 9175 20151750 20151745 9172 9191 9194 9171 9182"
"I06quad_0x10","9209 20151742 20151743 9201 52249 52244 52247 20151744 9206 9205 9198 20151741 51080 20151739 9197 9211 9199 9200 9213 9214 9212 9192 9215 9195"
"I06quad_10x0","9164 20151748 9161 9239 9162 9243 9244 20151757 9238 20151752 20151735 9242 20151756 9188 52252 9240 9158 20151736 52255 20151755 9187 51083 52257 20151754 20151753 9155"
"I06quad_10x10","9226 9225 9228 52250 52251 9236 52246 9222 9221 52248 9232 20151737 20151738 20151740 9223 9230 9229 9159 9235"
"I07quad_0x0","52254 9261 52262 9262 52260 52256 52261 52258 51090 9265 52267 20151768 52269"
"I07quad_0x10","52278 52264 51087 9275 52277 20151766 52276 52272 9277 52270 9278 20151767 9280 9268 9269"
"I07quad_10x0","52263 9249 9257 51089 20151759 9309 20151758 9255 9259 20151769 9256 20151763 20151770 9304 20151771 9250 9245 9251 9310 9302 52275 52265 9308 9272"
"I07quad_10x10","9297 9294 9295 20151761 52279 9293 9292 9307 9300 9286 52273 20151764 20151765 52282 52268 9281 51088 52266 9288 20151760 9285 52271 52281 9284 20151762 9287"
"I08quad_0x0","9347 9346 9345 9341 9340 52294 9330 52296 9329 20151775 20151779 52292 9316 9315 9317 20151777 20151776 52298 52300 20151778"
"I08quad_0x10","52289 9343 20151773 9355 9359 9344 9351 20151774 51995 9361 51993 51997"
"I08quad_10x0","52290 20151781 52288 52295 20151782 9328 9389 9327 9388 9323 9383 20151780 52283 9384 9385 9325 9322 9382 9387 9326 52297 20151772"
"I08quad_10x10","52291 9371 9367 9368 9370 9386 9369 9379 9373 9381 9372 9375 52284 9376 9380 9363"
"I09quad_0x0","15086 15075 15080 15073 15079 20151792 15083 15017 20151793 15078 15069 15015 15070 20151788 15014 15016"
"I09quad_0x10","15064 15063 15053 20151789 15060 15065 20151785 15062 51987 51985 15054 20151790 15061 15056 15041 15066 15055 20151787 20151786 20151791 15043"
"I09quad_10x0","9392 9400 9394 9391 51989 9396 15009 15048 15003 15006 51990 15005 20151795 15011 15012 51996 15001 20151794"
"I09quad_10x10","15028 15026 15029 20151784 15027 51981 15040 15033 51977 15035 51983 15038 51979 20151783 15019 15022 15025 15024 15023 15021"
"I10quad_0x0","15093 15094 15120 15102 15117 15090 20151854 15099 20151853 15119 20151855 15087 51961"
"I10quad_0x10","51978 15144 20151844 15138 15145 15139 15142 20151845 15135 15134 15151 20151846 15132"
"I10quad_10x0","15191 20151851 15184 15192 51980 20151850 15183 15188 15189 20151852 15116 15103 15193 15190 15127 51973 15112 15113 15111 15194 15110 15114 15107 15123 15115 15109"
"I10quad_10x10","20151849 15174 51984 15158 15166 51986 15162 15163 15176 15160 15173 15182 15164 15175 15156 15130 15131 15154 15171 15172 15157 20151848 20151847 15180 15181 15169"
"I11quad_0x0","15200 51969 51968 15234 15207 15197 15203 15205 15227 15228 15219 15229 20151864 51972 15233 15222 15220"
"I11quad_0x10","15241 15254 15242 20151858 20151856 15243 15259 51976 20151859 20151863 15257 15244 51971 20151862 15250 20151860 15247 15249 15256 15230 15255 15245 15248 20151861 15231"
"I11quad_10x0","15279 51966 15283 15210 15214 15281 15212 15275 15278 51963 15218 15211 15216"
"I11quad_10x10","15261 15262 15235 15239 15260 15237 51964 15236 51962 15270 51960 51959 15277 15265 15267 15266 15272 15263 20151857"
"I12quad_0x0","15312 20151838 15303 51945 20151841 15310 15307 20151834 15299 15309 15314 20151839 51937 15296 15306 15308 20151840 20151841 51939 15313 15305 15297"
"I12quad_0x10","15335 15333 15332 51935 15324 15334 15329 15331 15338 15327 15328 20151843 15321 15323 15325 15319 15336 15340 15295 15317 15342 15318 20151830"
"I12quad_10x0","15293 15288 51101 20151833 51943 20151836 15364 15363 51941 51949 20151835 15359 15362 51947 20151837"
"I12quad_10x10","15347 51957 15348 51951 15345 15346 20151831 15350 15349 15344 15356 15351 51955 20151832 15353 15354 51953 15357 15355 15352"
"I13quad_0x0","15376 15371 15374 15399 15398 15372 15367 51952 15370 15369 15365 20151828 20151827 20151829 51956"
"I13quad_0x10","15422 15401 15400 15418 15420 15395 15421 51944 51948 15402 15408 15409 51928 51942 15419 15405 15396 15423 15394 15407 15428 15427 15393 51946 51958 20151816 15424"
"I13quad_10x0","20151823 15381 15382 20151825 15384 20151822 51933 51931 15377 15457 15385 20151826 15455 51923 15389 15386 51917 20151824"
"I13quad_10x10","51929 20151820 15414 51925 15444 20151819 15437 15438 15453 15431 15411 15432 15436 15434 20151821 15454 15450 51921 15447 51105 15435 51913 15445 15443 15449 15441 15446 15440 15439 15442"
"I14quad_0x0","51930 51924 15460 20151817 15482 15464 20151815 15492 15486 15484 15483"
"I14quad_0x10","15517 15514 15511 15509 15499 15508 51910 15518 15521 51908 15500 15519 51918 15498 20151818 51914 51912 51916"
"I14quad_10x0","15472 15475 15473 15466 15467 15471 51920 15504 15469 20151814 15474 15545 15477 51932 15544 15476"
"I14quad_10x10","15506 15524 15507 15540 15541 51938 15535 15538 15539 15525 15523 15537 20151811 15526 15534 15532 51934 51954 51922 15547 15542 51108 20151812 51936 15528 51950 15546"
"I15quad_0x0","52308 52309 15655 15565 20151809 15656 15620 15563 20151804 20151807 52315 52306 52311 15651 15622 20151801 15652 20151810 15646 15642 52307 20151808 15643 15641 15640"
"I15quad_0x10","52302 52305 15617 52304 20151800 15596 15591 15613 15619 15594 15623 15633 20151797 15615 15612 15616 15587 15630 20151799 15628 15614 15627 15590 15599 15629 15625 15588 15618 15626 20151796"
"I15quad_10x0","20151806 15559 15551 51907 51905 15552 20151805 51903 20151802 20151803 51906"
"I15quad_10x10","15609 15579 52303 52301 15577 15576 15607 15574 15578 51902 15602 15585 15603 15604 51901 15584 20151798 15605 15598 15601 15586"
"J00quad_0x0","8471 8470 8469 20151886 8473 8481 8477 20151898 8476 8474"
"J00quad_0x10","8483 8484 20151894 51163 8524 20151897 8520 8482 8521 8519 52627 20151896"
"J00quad_10x0","8498 8500 8496 20151887 52632 8495 20151895 8488 20151892 8494 8491 52634 20151888 8486 8489 8490"
"J00quad_10x10","8501 52633 20151890 20151889 8522 8510 52631 8506 8504 52630 8502 8516 20151891 8515 52629 20151893"
"J01quad_0x0","20151917 8538 51161 8542 8543 8539 20151901 8536 52613 8528 52610 52612 20151918 20151899 8549 20151916 20151900"
"J01quad_0x10","8582 8581 8580 8541 20151914 52615 8583 20151912 20151906 20151905 8574 52614 20151913 20151915 8576 8571 52616 8570 8573 8572"
"J01quad_10x0","20151908 8561 20151903 20151907 8558 8562 51162 20151909 8550 20151902 20151904 52611"
"J01quad_10x10","52624 52621 20151911 8563 52620 52618 52625 52617 52619 20151910 52626 8568 8569 8548"
"J02quad_0x0","20151919 8600 8585 8594 20151920 52494 52492 52491 8593 8586 20151934 52493 8588 8587 8590 8592 8591"
"J02quad_0x10","52498 52500 51158 52497 8349 8335 20151932 52499 20151930 20151933 8348 8351 8346 8338 8352 8343 8331 8344 8332 8345 20151931"
"J02quad_10x0","52496 20151925 52609 20151924 8305 8315 8316 20151923 8314 8303 51159 52608 52607 8310 20151921 20151922 52604 52605 8307 20151926 52603"
"J02quad_10x10","8333 8334 8340 8324 52602 20151928 8329 52601 8319 8328 8326 8325 20151927 8327 8317"
"J03quad_0x0","8354 8356 8370 8368 20151935 20151948 52487 8364 8355 8353 20151947 52488"
"J03quad_0x10","20151946 51157 8399 20151936 8396 52484 51156 8366 8395 8707 8711 20151942 20151941 20151940 20151945 52485 8706 8703"
"J03quad_10x0","8373 8375 8374 8372 8384 8361 8371 8381 52490 52489 8382 8377"
"J03quad_10x10","8391 8390 8398 8388 8389 8393 20151938 8392 8385 20151939 8386 8387 52486 8397 8702 20151943 8701 20151937 8394"
"J04quad_0x0","8714 20151949 8716 8740 20151950 20151961 51154 8713 8712 52476 52474 8724 8725 8718 8719"
"J04quad_0x10","51153 8773 8780 20151960 20151959 52475 8776 8779 8783 8784 8727 8775 20151963 52480 20151957 52471 8730 8782 20151956 20151958 8777 8726 52478 52473"
"J04quad_10x0","8745 8744 8743 51155 8741 20151953 8749 52481 52483 20151951 8733 8750 20141952"
"J04quad_10x10","8752 20151954 8754 8758 8755 20151955 51152 8768 52482 52479 8737 8766 8765 52477 8767 8760 8751 8764 8732 8772 8738"
"J05quad_0x0","8800 8801 8798 8795 20151962 8799 20151979 20151973 51147 52456 20151980 20151977 52458 52454 20151978"
"J05quad_0x10","8818 8820 8821 8822 20151975 52462 8811 52463 52459 8810 51145 52464 20151974 52461 52455 20151965 52466 52460 51146 8872 8874 8875 52457 8871 20151976"
"J05quad_10x0","52453 8836 8803 52451 20151964 8808 8807 51148 8832 8827 20151966 8839 8824 8828 8826 8825 8829 8805 8806 8833 20151969 8804 8834"
"J05quad_10x10","8845 8856 8843 20151971 8846 8855 8853 20151967 8866 8854 8849 8865 20151970 51149 52467 20151972 8852 20151968 8864 52470 52465 8848 52468 8869 8870 52472 8867 8868"
"J06quad_0x0","8893 8896 8897 19014 8894 19026 19024 8884 19015 8887 52442 52440 52439 8885 8882 51140 52441 8879 19018"
"J06quad_0x10","51138 8899 19003 19004 52438 20151984 52437 52436 8890 51143 20151985 19062 19001 19063 19002"
"J06quad_10x0","19021 19029 19027 19020 52450 20151981 52448 19046 52443 52446 19045 20151982 19037 19032 19035 51141 19038 19033 19030 19036"
"J06quad_10x10","52449 19007 52452 19054 19052 19051 52445 19010 19049 19050 20151983 19055 19047 51142 52447 19040"
"J07quad_0x0","52427 19107 19106 19110 19108 20151988 19112 52426 51135 20151989 19104 19099 19101 52424 19074 20151987 19081 19079 19071 20151998 52428 19100 51137 19115 20151986 20151996 19068 19069 19067"
"J07quad_0x10","19091 19095 19094 19089 19090 19096 20151995 19083 19156 19157 19159 52432 19085 19086 19087 51134 52429 19098 20151994 19158 20151997 52430"
"J07quad_10x0","19111 20151991 19109 52425 19105 19121 52433 19120 19144 19149 19119 19117 19143 19125 20151990 19146 19142"
"J07quad_10x10","20151993 20151992 19127 19137 19135 52434 19141 51133 19136 19132 19130"
"J08quad_0x0","19165 19167 19182 19160 19176 19177 19196 51132 19178 19194 19188 20151999 20152009 19174 19179 19183 52413"
"J08quad_0x10","19252 19251 19168 19248 19173 52419 19256 51131 19170 52417 19247 19169 20152008 52410 52412"
"J08quad_10x0","19237 19207 19200 19238 52420 20152001 19202 19203 52422 20152002 19209 19206 19239 19199 20152003 19231 19236 19211 19214 19186 19187 19217 19212 52411"
"J08quad_10x10","19243 20152005 20152006 20152004 52418 19240 51130 19241 19225 20152007 19246 19244 19227 19245 52416 19224 52421 52423 19219 19221 19223"
"J09quad_0x0","20152018 51127 19266 19262 19265 19281 19257 19267 19280 52381 19288 19290 52379 19264 19272 52380 19289 20152017 52382 52383 52384 19270 19269 52388 52386"
"J09quad_0x10","20152014 51126 52395 20152015 52394 19327 19277 19315 20152016 19335 19326 19319 19320 19276 20152013 19317 19332 52392 19329 19278 19275 52391 19331 52399 19316 52396"
"J09quad_10x0","19297 19295 52405 19296 19303 51128 19284 19293 19292 19283 19298 19286 20152010 52385 19291 19302 19300 19301 19299 52403 52407"
"J09quad_10x10","51125 52406 20152012 19322 19324 20152011 19309 19321 19308 19307 52404 51129 52401 52400 52402 52389 19312 52398 19313 52408"
"J10quad_0x0","20152020 20152030 19339 19340 20152022 20152019 19361 52372 51122 19357 19380 19377 19362 19360 19356 20152021 19376 19378 20152029"
"J10quad_0x10","19430 19365 19429 19352 19363 19364 52373 19432 19351 19344 20152028 19366 19350 19346 20152023 15166 19353 19342 19345 52374"
"J10quad_10x0","19420 19390 51120 19384 19394 19392 51124 19387 19419 19418 19388 19393 19391 19421 19381 19373 19424 19398 52375 52377 52370 19396 19375"
"J10quad_10x10","19369 19399 51123 19404 19408 19370 19414 19427 19428 19368 20152024 19407 19426 19416 19415 52378 20152026 19412 19371 52371 19405 19406 52376 20152025 19413 19410"
"J11quad_0x0","19433 19464 19434 19447 52358 19472 19467 19468 52360 19439 20152037 20152032 19446 20152031 19466 52362 19441 19445 19442 19443"
"J11quad_0x10","19522 19451 19518 19449 19450 19512 20152036 19517 20152035 19523 19520 19511 52359 51119 19510 19458 19455 19521 19454 19453 19452 19457"
"J11quad_10x0","19463 52361 52365 52366 19478 19477 19465 52355 19462 19474 19483 19486 19487 52369 20152033 19482"
"J11quad_10x10","19495 52363 19508 52357 19461 19506 19494 19493 20152034 19492 19503 19504 19501 19497 19491 19499 19502 19496"
"J12quad_0x0","52346 52343 52350 52345 19534 19572 19568 52347 52349 19536 19526 19533 19565 19567 19532 19530 19566 19573 19571 19529 19575 19564"
"J12quad_0x10","19548 52354 52352 19549 51114 19626 19543 51115 19545 19542 19624 19631 19547 19629 19540 19623 19628 19541 19627 19625"
"J12quad_10x0","20152067 19589 19588 19584 20152064 19585 19581 19587 19595 20152065 51117 19590 19559 19580 19583 19560 19562 19576 19594 19592 19591 19578 20152066"
"J12quad_10x10","20152068 52353 19599 19550 19619 51118 19603 19598 19618 19551 20152070 19615 20152069 19553 19611 19620"
"J13quad_0x0","19632 19633 19647 19644 52334 19690 19646 19645 52333 19683 19641 19642 19694 19688 19640 19643 19638 19684 19651 19685 20152073 19637 19639"
"J13quad_0x10","52338 19665 52339 52336 19659 19660 19738 52337 51112 19653 19657 19661 19664 20152052 19658 19737 19663 19652 19656 19666 19667 19736 19668"
"J13quad_10x0","52341 51111 19700 19711 19710 19701 19691 20152071 19698 19702 19709 19716 19703 19705 19713 19706 20152075 19697 19695"
"J13quad_10x10","51113 19730 52340 52344 19671 20152077 19726 52342 19723 20152076 20152078 19672 20152074 19678 19679 19732 19673 19722 19676 19719 20152072 19735 19720 19733 19675 19734 19721"
"J14quad_0x0","19746 19745 19743 19793 19744 19785 20151875 19742 19784 19792 20151877 19783 19755 19748 19794 52330 20151874 19781"
"J14quad_0x10","19761 19773 19752 19758 19772 20151876 52328 19751 19757 19759 19750 19766 19754 19769 19828 19764 19762 52323 19770 19826 19763 19768 52326 52327 52325"
"J14quad_10x0","19800 19801 19799 19803 19802 19798 20151872 19790 19795 19797 19804 20151867 19788 20151873 19778 19780 20151869 19779"
"J14quad_10x10","19818 19774 19805 20151870 20151866 19814 19819 19817 19775 19813 19807 19777 19809 52331 19816 20151868 52329 19811 19810 20151871 19808 19776 19823 19825 19822 19821 19824"
"J15quad_0x0","19883 19878 19881 19887 19889 52314 19886 19839 19831 19882 19836 19841 19844 19829 52316 19885 19838 19832 19834 52320 52319 19835"
"J15quad_0x10","19866 19864 19880 19865 19934 19863 19933 19850 19853 19935 19861 19854 51110 19860 52318 19852 19858 52312 20151885 52310 52317 19870"
"J15quad_10x0","19897 19906 20151879 19830 19893 19877 19896 19895 19904 19907 20151884 19891 19900 19914 19903 19899 19901 19915"
"J15quad_10x10","19910 19930 20151882 19924 19926 20151880 19867 19928 19918 19876 19921 20151881 19913 19917 19874 19919 19925 19872 19920 19871 19869 19912 19922 19873 52321 19916"
"K00quad_0x0","15664 20152038 52646 52647 52644 20152039"
"K00quad_0x10","52649 15686 20152046 52648 15674 15685 15682 20152047 15680 15681 20152041 20152048 20152043 20152045"
"K00quad_10x0","15665 52645 15669 52640 15667 15668 15660 15666 20152044 20152040 15675 51167 52643"
"K00quad_10x10","20152042 15672 15677 15679 15678 15677 15673 52642 52635 52637 52638"
"K01quad_0x0","15711 15710 15714 15712 15718 15715 15802 15691 15719 15696 15716 15720 52654 52656 15692 15694 52655 15690 15693 52653"
"K01quad_0x10","52658 15728 52660 20152051 52659 15721 20152058 52657 20152059 51168 20152049 15723 15745 15731 15739"
"K01quad_10x0","52651 52651 52662 51169 52652 52663 15707 15706 15704 20152057"
"K01quad_10x10","15750 15748 52666 52665 15751 20152050 52664 51170 20152060 20152061 20152063 20152062"
"K02quad_0x0","15769 15764 51178 51177 20152090 15767 20152053 15763 52671 51176 20152054 20152056 20152079 52678 15782 51171 20152055 15774 15781 15780"
"K02quad_0x10","15808 20152084 15776 15809 51172 20152081 20152083 15775 15820 15817 15819 15816 52681 52680 20152080"
"K02quad_10x0","20152091 20152095 15761 20152096 15762 15759 52672 51175 20152087 20152088 52677 15787 51174 15755 15785 15784 15754 15756 52676 52674 52675"
"K02quad_10x10","20152094 52670 20152093 52668 15807 20152092 20152089 52669 20152086 52667 15795 51173 15792 15794 15793 15788 20152085 52679"
"K03quad_0x0","20152170 52684 20152181 20152174 20152175 15839 20152176 52686 20152097 20152171 15841 20152169 15840 15824"
"K03quad_0x10","20152173 15849 15850 51181 52682 20152185 15848 20152098 20152172"
"K03quad_10x0","15836 52687 20152187 52689 15833 52685 20152180 15831 20152186 20152099 20152179 20152177 20152160 20152178"
"K03quad_10x10","20152188 15862 20152161 15861 20152191 20152162 52690"
"K04quad_0x0","15906 15905 52700 15881 52699 52701 51184 20152163 15890 15893 52697 15900 15884 15899 15888 15882 15889 52696 15896 15887 15886"
"K04quad_0x10","15920 15922 15923 15916 20152195 20152190 15918 52698 52694 20152194 20152192 20152193 52691 15914 52693 52692 15912 15907"
"K04quad_10x0","15866 15880 52703 20152189 15919 15873 15878 15875 15876 15872 15867 52704 15868 51182"
"K04quad_10x10","20152164 52708 15924 20152165 15927 15930 15934 15928 15929 52707 15943 20152168 52706 15932 52705 15935 15941 15939 15942 51183 15937 15938 15936"
"K05quad_0x0","15967 20152167 15981 15964 15965 15978 15963 15985 20152166 15975 15960 52726 52725 15992 15961 52724 15968 15969"
"K05quad_0x10","16005 15986 16003 16004 15999 16006 16000 15988 15990 15994 51185 15998 16008 15996 20152197 52717 52721 52723 15997"
"K05quad_10x0","52713 15980 20152196 20152147 20152146 51187 52710 15955 15944 15952 52711 52712"
"K05quad_10x10","52714 20152150 16016 16017 20152151 52715 15948 16018 20152134 16013 16014 20152148 20152149 52720 52719 16020 16028 20152138 16032 16037 20152133 16025 16036 16024 16030 16021 52716 16038"
"K06quad_0x0","16050 16116 16049 16102 52738 16093 51199 16044 52739 16043 52737 52732 16046 16092 16095 16097 16105 51194 52735 16087 52734 16094 16090 16091 52736 16088"
"K06quad_0x10","20152137 51191 16111 16101 52741 52740 20152135 16110 51198 16109 16106 16107 16104 16074"
"K06quad_10x0","16052 16051 16112 16057 16055 20152154 20152153 16113 51200 16060 51195 16059 16040 52731 20152152 16042"
"K06quad_10x10","16069 51203 16065 20152155 51190 52730 16079 16082 20152136 52733 51205 51189 16076"
"K07quad_0x0","52744 20152129 51213 51217 51224 52750 16133 16128 51219 51220 20152130 51209 16132 51218 51221 16123 52749 16130 51203 20152131 20152157 16126 51204 16125 51205 16129 51222 20152158"
"K07quad_0x10","16173 16171 16168 20152159 16164 16163 52748 16166"
"K07quad_10x0","52743 20152156 16155 16154 16145"
"K07quad_10x10","16157 16161 16158 16159 16156 16149 16160 16152 16143"
"K08quad_0x0","16209 16176 16207 51225 16175 16196 16206 52764 16195 16198 16181 20152101 16193 16194 16202 20152100 52765 16215 20152102 51227 52763 16199 16201 16174"
"K08quad_0x10","16229 52757 20152105 52760 20152104 16210 20152103 52756 16241 52755 16246 16248 52754 16242 16245"
"K08quad_10x0","20152111 16222 16225 16228 16219 16233 16220 16268 52752 16223 16216 16188 16232 16218 52766 16183 16217 52767 52769"
"K08quad_10x10","16257 16236 52759 16237 16259 16239 16262 16258 16260 16238 52753 16256 16240 16263 16265"
"K09quad_0x0","16301 51232 16305 16299 16296 16297 16331 16302 16303 16334 52790 16333 16332 20152106 52772 52788 52789"
"K09quad_0x10","16311 16310 16316 52785 20152113 52791 16317 16324 52780 52782 16321 16323 16329 52786 52787 16337 52784 16328 16336 52783"
"K09quad_10x0","16276 16283 16284 16272 16277 16275 16270 16294 16271 16281 16269 20152112 16282 52771 16280 52775 16273 16307 52770"
"K09quad_10x10","16287 16288 16312 52778 16314 16289 16290 52777 16306 52773 52776 16292 16293 52779 52774"
"K10quad_0x0","20152107 16341 16353 52802 20152108 16338 20152109 16354"
"K10quad_0x10","16360 16350 16351 16349 16358 52803 16359 16357 16362 16356 16363 16413 16419 16417 16415 16416"
"K10quad_10x0","16374 20152116 16389 52800 16378 16390 20152114 16394 16388 16385 16376 16392 52798 16372 16393 51238 20152115 16381 16384 16379 16380"
"K10quad_10x10","52794 20152110 16407 52793 16367 16402 16369 20152117 16364 52792 16403 16401 16420 16406 16408 16399 16411 16397 16410 16398"
"K11quad_0x0","16455 16454 20152144 16452 52818 16443 16435 20152143 16438 16439 16431 16432 16433 51240 51244 16441 20152145"
"K11quad_0x10","52821 16473 52819 16468 16450 16470 16451 16474 52816 16478 16476 20152142"
"K11quad_10x0","16425 16424 16485 16428 16429 16427 16488 16487 16426 16453 52810 16430 20152118 16456 52808 16482 52809"
"K11quad_10x10","51243 52817 16499 16489 16498 16457 16458 52815 16464 16463 51242 16497 52813 16465 16462 52812 52814 16491"
"K12quad_0x0","52831 16546 20152119 16512 16544 20152141 16519 16521 52829 16530 16510 16526 16515 16550 16604 16516 16517 16542 16518 16522 16523"
"K12quad_0x10","52834 16562 16561 52833 16527 16554 16564 16565 16566 16528 20152140 16567 16553 16568 16529 16557 16552 16556 16558 16534 16555"
"K12quad_10x0","16508 16507 52830 52837 16509 20152124 20152122 16560 16592 16598 20152123 20152121 16559"
"K12quad_10x10","16593 16595 52824 16575 52828 16577 16537 52825 52822 52820 51245 16584 16574 16597 20152120 16591 16583 16585 16590 20152126 20152125 16581 16539 16579"
"K13quad_0x0","16609 16625 16624 16619 16610 16607 16621 20152139 16615 16608 16611 16613 16631 16634 16606 16616 16617 16627 16605 16612"
"K13quad_0x10","16706 16715 16714 16716 16717 16711 16713 16636 20152205 51246 16702 16707 16708 52842 52844 51247 16701 16674 16720 16721 16719"
"K13quad_10x0","16647 20152127 16644 16661 52839 16646 16648 16665 20152128 16653 16658 16663 16668 16669 16650 16649 20152201 52835 16656 16657 16662 16660 16666 16667 16659 52836 16671"
"K13quad_10x10","16675 16686 16683 16687 52843 16682 16672 16684 16693 16695 16698 16681 52840 52838"
"K14quad_0x0","16907 16725 20152132 16729 16732 52855 16914 16916 16908 16905 16722 52857 16724 16910 16912 20152234 52854 16911 16909"
"K14quad_0x10","16784 16786 52851 16800 16902 52859 16789 16795 16798 16785 52858 16790 16903 16778 52856 16797 16793 16783 16791 52849 16796 16901"
"K14quad_10x0","16770 16735 16740 20152236 16743 16744 16754 16734 16751 16746 16752 16742 16739 52853 16733 16747 16748 16749 20152235 52852 16737 52850"
"K14quad_10x10","16775 16759 16779 16757 16769 16766 52846 16767 16763 16765 52848 16762"
"K15quad_0x0","16949 16931 16948 16932 16928 16950 16934 16927 16946 52871 16947 16926 16954 16944 16918 52866 16940 16937 16922 16924 16923 16941 16939 16952 16953 16938 16951 16920"
"K15quad_0x10","16971 16982 20152212 16978 16974 16975 52865 52869 16986 16972 16970 16987 16960 16963 52867 51252 16961 16962 16965 16967 16964 16959"
"K15quad_10x0","17027 16933 16981 17030 17031 17032 17017 17040 17022 17034 17039 17041 17042 17016 17020 16929 17037 17035 17021 17036 20152237 16956"
"K15quad_10x10","16999 17000 17015 17026 16994 17025 17014 52864 17013 16996 20152238 17012 17007 16991 16997 16985 17004 17011 52860 52863 16990 16958 17002 17009 16988 16989 17001"
"L00quad_0x0","19939 19943 53122 19941 19944 53118 19945"
"L00quad_0x10","53117 19954 53119 19955 19956"
"L00quad_10x0","53112 53110 19961 19946 19959"
"L00quad_10x10","19966 19964 19965 53113 53111 53115 19967 19963"
"L01quad_0x0","19989 53101 53102 19972 53100 20012 19982 19986 19977 19978 19981 19975 53099"
"L01quad_0x10","20001 20003 19990 20026 19993 19994 20024 19991 53105 19996 53104"
"L01quad_10x0","19974 20013 20005 20007 20011 20010 20008 20009"
"L01quad_10x10","20004 20019 53106 20015 20020 20023 53107"
"L02quad_0x0","20028 20033 20036 20030 20031 53087 20034"
"L02quad_0x10","20042 20071 20043 20044 20047"
"L02quad_10x0","20059 20062 20060 20053 20055 53095 53094 20054 20061 20064"
"L02quad_10x10","20074 53098 53088 20076 20075 20070 20067 20068 20051 20078 53097 20050 20049"
"L03quad_0x0","20087 53091 20100 20128 20084 20093 20085 20090 20094 53086 20129 53093 20096"
"L03quad_0x10","53085 20122 53084 20158 20113 53081 53083 20106 53082 20114 20117 20102 20103 53078 20108 20110 53080 20118 20120 20104 20115"
"L03quad_10x0","20139 53074 53076 20136 20126 53075 20135 20125 53073 53077 20134 20132 20130 20133 51268 20131"
"L03quad_10x10","20156 20154 20119 20157 20141 20153 20155 20151 20145 20146 20147 20143"
"L04quad_0x0","20178 20221 20175 20220 20219 20217 20222 20216 20169 20218 20164 53059 20183 20185 53058 20172 20176 20161 20167 53056 53055 20171 20184"
"L04quad_0x10","20212 20207 20195 20196 20192 20213 53062 53063 20198 20189 20190 20205 20186 20188 20204 20197 20203 20200"
"L04quad_10x0","20228 20231 20223 20242 20234 20225 20233 53057 53071 53070 20238 20240 20264 53072 20268 20239 20263"
"L04quad_10x10","53068 53065 53069 20257 20255 20243 20262 53066 20244 53064 20252 20246 20253"
"L05quad_0x0","20286 20282 20327 20272 20275 20276 20281 20284 53024 53025 20288 20271 20287 53030 20274 20285 20290"
"L05quad_0x10","20300 20315 20314 53047 20381 20317 20321 20312 20294 20295 20297 20309 20319 20306 53035 53039 20311 20308 20303 53044 53038 20293 53037 20307 53041 20305 53042 53036 53043"
"L05quad_10x0","20333 20346 20340 20330 20332 20326 20324 20343 20342 20348 20341 53053 20323 20339 20344 20334 20352 53054 53051 20349 20328 53052 20359 20353"
"L05quad_10x10","20366 20376 20377 20372 20365 20369 20370 20373 20374 20363 20364 20367 53049 20355 53045 53050 20320"
"L06quad_0x0","20385 53009 20431 53018 53017 20388 53015 20382 20390 20393 20389 20433 20435 53012 53013 53014 20432 51260"
"L06quad_0x10","20402 20484 20401 20413 20418 20416 20417 53020 20428 20483 20426 20429 20415 20399 20419 20411 20395 20430 20412 20408 20403 20423 20424 20409 20406"
"L06quad_10x0","20469 20468 20439 20470 53023 20471 53022 20438 20443 53027 20436 20441 20444"
"L06quad_10x10","53029 20455 20456 20467 20479 53019 20445 20481 20457 20472 20475 53028 20463 20473 20459"
"L07quad_0x0","20490 20493 20715 20485 20486 20702 20714 20498 20709 51259 52998 20701 20706 20708 52996 20495 20496 20711"
"L07quad_0x10","20775 20730 20729 20723 20716 20779 20725 20717 20777 20720 20721 20718"
"L07quad_10x0","20749 53007 20751 20740 53003 53008 20742 20748 20750 20747 20739 20741 20743 20728 20738 20745 53006 20761"
"L07quad_10x10","53005 20733 20772 53002 53001 20764 20771 53000 20768 20735 20736 20765 52999 20763"
"L08quad_0x0","20792 20784 20785 20791 20782 20789 52982 52983 20822 20794 20828 20786 20821 20823 20825 52984 52981"
"L08quad_0x10","20870 20803 20805 20797 20806 20795 20804 20869 20871 20799 52986 20875 20798 20872 52987"
"L08quad_10x0","20831 20832 20829 20847 20849 20850 20826 20833 20842 20836 52994 20838 20841 20815 20845 20820 20840 20818 20860"
"L08quad_10x10","20851 52988 52993 20813 52990 52991 20854 20866 20855 20856 20859 52992 20852 20810 20858"
"L09quad_0x0","52965 52963 20889 20885 20887 20892 20886 20883 20898 21021 52962 52969 20893 20882 20890 20876 20897 52958 52960"
"L09quad_0x10","21058 52970 21057 21056 21015 21067 21055 21060 21061 51258 21008 52968 21005 21009 21010 21014 21007 21065 21006 21062 21064"
"L09quad_10x0","21036 52977 21037 21023 21033 21034 52980 21031 21027 21032 21028 21025"
"L09quad_10x10","21052 52972 21050 21038 21045 52978 21048 21049 21053 21054 21016 21017 21039 21046 21047 52975 21042 21041"
"L10quad_0x0","52950 21074 21116 21117 52948 52955 21070 21113 21073 21075 21068 21088 21114 21069 21071 21087 21076 21072 21078 21077 21086"
"L10quad_0x10","21102 21103 52952 21090 21153 21094 21097 21101 21091 21152 21089 21096 21099 21151 21095 21085 21080 21084 21083 21082"
"L10quad_10x0","21123 52951 21121 21109 21110 51257 21130 21122 52945 52947 21124 21129 21127"
"L10quad_10x10","52953 21107 21140 52949 21145 21146 21139 21141 52954 21147 21137 21138 21142 21150 52957 21135"
"L11quad_0x0","52936 21168 21170 52938 21164 21155 21154 21175 21160 21182 21181 21161 21165 21180 21157 21163 21184 21178 21177"
"L11quad_0x10","21190 21251 21193 21189 21252 52940 21188 21250 52942 52937 21196 21197"
"L11quad_10x0","52943 21171 21212 21228 21227 21213 21230 21218 21211 21222 21224 21214 21221 21219"
"L11quad_10x10","52939 21246 21241 21242 52946 21237 21243 21245 21199 21203 21236 21238 52944 21205 21240 21249 21202 21233 21201 20152213 21234 21208 21200 21207"
"L12quad_0x0","21264 21256 21257 21262 21265 21255 21260 52922 21307 52919 21306 21266 52921 21267 52915 21305 21304 21273"
"L12quad_0x10","21293 21279 21290 21280 52923 21292 21297 21286 21288 21289 21277 21296 21282 21298 52917 52920 52924 21278 21359 52925 21274 21275 21357"
"L12quad_10x0","21331 21311 52932 21310 21313 52930 21314 21335"
"L12quad_10x10","52928 52927 21344 21300 21302 21301 21342 21303 21340 21341 21345 21299 21352 21354 21355 21353"
"L13quad_0x0","21363 21368 52907 21382 21362 21364 21375 21361 21373 21374 21360 21610 52904 21369 21371 52903 21372 21370"
"L13quad_0x10","21659 21663 21655 21658 21378 21669 21392 21657 21394 21395 21397 21380 21661 21384 21386 52909 21390 21393 21662 20152247 21665 20152248 21388 52908 21387"
"L13quad_10x0","21625 52913 21611 52914 21619 21620 21626 20152202 21624 21609 21616 21614 21606 52905 21621 21632 21623 21628 20152204 21631 21622 21630 21613 21629 20152203"
"L13quad_10x10","21644 21654 21643 52912 21648 21640 21650 21652 21653 21641 21645 21639 21638 21646 21647 21636 21634 21637"
"L14quad_0x0","21676 21691 52893 21677 21674 21689 21690 21564 21692 21671 21672 21673 21561 52890 21699 21682 20152246 21685 21684 21683"
"L14quad_0x10","20152243 21507 21506 21508 52894 20152244 21700 52892 21503 21504 21514 21505 20152245 21513 21698 21502 21501 21537"
"L14quad_10x0","52897 21565 52899 21559 20152206 21560 21566 21551 20152207 52900 52901 21558 21542 21556 21557 21544 21554 21555 21553"
"L14quad_10x10","21520 21521 21523 21519 21533 21516 21522 21524 21526 21529 21532 21527 21517 21515 21528 21530 21546 21548 21525 52898 21547"
"L15quad_0x0","21582 20152240 20152242 21589 21575 51253 21568 21578 52868 51255 21573 21577 52875 20152241 52877 52873"
"L15quad_0x10","21708 21713 21704 21584 21711 52878 52879 21709 21600 21702 21706 21746 21701 21599 21705 52872 21597 52876 21594 21592 21593 52874"
"L15quad_10x0","21738 21739 20152210 21742 21743 21745 21732 21736 21741 21731 21735 20152208 20152209 21591 52887 21733"
"L15quad_10x10","20152211 52884 52881 21718 21723 21716 21717 21720 52883 52880 52886 21726 52888 21730"
"M00quad_0x0","53130 17050 17047 17048 17045 17054 53125 17062 17057 17058 17059"
"M00quad_0x10","17070 17068 17071 17069 17067 17065 17060 53129 17061 51262"
"M00quad_10x0","53126 17095 51264 17101 17100 51265 17096"
"M00quad_10x10","17087 17073 17074 17093 17083 17086 17085 17092 17075 17079 17082 17084 17089 17077"
"M01quad_0x0","17120 17105 17107 17119 17114 17104 20152215 17106 17102 17103 17112 17111 17110"
"M01quad_0x10","17123 17135 17134 17124 53135 17136 17130 20152214 17126 17127 53133"
"M01quad_10x0","17139 17158 17118 17160 17116 17115 17141 17156 53136 17159"
"M01quad_10x10","17153 53140 17144 53139 17149 17143 17147"
"M02quad_0x0","17162 17166 17186 17165 17163 53149 17181 17164 17184 17183 17175 17174"
"M02quad_0x10","17170 17169 17171 17168 17206 17205 17177 17176 53151 20152216 17202 51269 17200 17201"
"M02quad_10x0","17187 53150 17227 17180 17179 53146 53148 17238 53145 17233 17191 17240 53147 53144 17228 17188 17190"
"M02quad_10x10","17207 17208 17224 17211 53142 17212 51270 17218 17220 17221 17214 53141 17196 51271 17219 17194 17217 17225 17215 17197"
"M03quad_0x0","17260 17272 53180 17270 17271 17241 17263 17264 17267 17243 53177 17265 17266 17246 17245 17247 17248"
"M03quad_0x10","17275 53168 53173 17282 17280 17283 17284 17281 17278 17285 17289 17279"
"M03quad_10x0","17311 53160 17310 53159 53161 17273 17252 17313 17257 17258 17314 53163 17251 17250 17254 17255"
"M03quad_10x10","53156 53174 53172 17303 17307 53167 17305 17299 17300 53165 53164 53169 17293 17291 53175"
"M04quad_0x0","51279 17334 17320 51281 17323 20152217 17321 53191 17338"
"M04quad_0x10","17346 17349 17359 51276 17352 17347 17358 17350 17353 51277 17343 17341 17356 53192 17340"
"M04quad_10x0","17329 17376 17327 17381 17382 53184 17328 17380 17330 53189 17326 17379"
"M04quad_10x10","53187 17345 17365 17364 17369 17366 17367 53185 53186 17374 17371"
"M05quad_0x0","17412 17403 17384 17413 17414 17383 17385 17386 53213 17388"
"M05quad_0x10","17424 17410 17411 17437 53209 17422 53211 17435 17432 17433 17434 17426 17436 17441 17442 17439 17430 17429 17425"
"M05quad_10x0","17401 53199 53194 17420 53198 17467 17398 20152218 17419 17464 53200 17396 17393 17394"
"M05quad_10x10","17458 17454 17457 17451 17456 17449 53202 17448 17460 51274 17462 17463 53204 53205"
"M06quad_0x0","17495 53214 17498 17492 17483 17497 17477 17482 17481 17499 17504 17505 17479 17516 17487 17500 17488 53218 17484"
"M06quad_0x10","51282 17528 17517 17527 17511 17524 17531 53221 17525 17521 17520 17502 17523 17514"
"M06quad_10x0","17468 17474 17472 17555 17556 17557 53212 17554 17475 17551 17506 17469 17545 17549 17553 17476 17552 53217 17473"
"M06quad_10x10","17542 17540 17541 17539 17533 17512 17537 17536 17535 17548"
"M07quad_0x0","17570 17584 17591 17581 17579 17558 17590 17571 17563 17587 17589 17572 17573 53230 17562 17578 53223 17567 17574 17576 17566 17564 17575"
"M07quad_0x10","53232 53233 17609 17608 17621 17611 17620 17610 17617"
"M07quad_10x0","17592 17603 17593 17601 17646 17605 17643 17647 17602 17596 17597 17648 53227 17650 17594 17595 17607 53229 17559 53228 17649"
"M07quad_10x10","17627 17636 17623 17632 51287 53225 17631 17629 17635 17637 53222 53224 17639 17634"
"M08quad_0x0","17674 17675 17673 17676 17677 17672 53242 17671 17685 17681 17688 17668 17687 17670 17683 17669"
"M08quad_0x10","53244 17696 17694 17692 53251 17690 17689 53253 53252 53248 17702 17699 17698 17697 17704 53246"
"M08quad_10x0","17724 17666 17657 17655 17658 17682 17654 17662 17660 17656 17665 17706 17663 17664"
"M08quad_10x10","53245 17709 53239 17722 53237 17711 53236 53238 17719 17708 53241 17716 17718 17707 53243 17720 53247"
"M09quad_0x0","17740 53268 17764 17753 17733 17765 17736 53269 17738 20152219 17763 53267 17755 17766 17737 51289 53266 17741 17745 17746 17744 17743"
"M09quad_0x10","53271 17778 53260 17777 17767 53270 17762 17779 17776 17773 17769 17772"
"M09quad_10x0","16801 17727 17800 17729 17728 17725 17799 16803 17730 17748 17751 17752 51290 17757 16804 16805 16806 17747 53265 17756 51291 53263 17770 16807 17731"
"M09quad_10x10","17797 17758 17781 17794 17759 53264 17788 17791 17782 53261 53262 53257 17784 17783 17786 17787"
"M10quad_0x0","20152221 20152220 16818 53282 53280 53279 16834 16826 16830 16832 16831 16819 16825 16828 16827 16821 16824"
"M10quad_0x10","16860 16861 16864 16845 16862 16846 16848 16849 16850 16842 16843 53278 16856 53276 16851 53277 16853 51308 53275"
"M10quad_10x0","16883 53286 16838 16839 16815 16835 16837 16886 16813 16814 16816 16885 16887 16810 16836 16808 16870 16809"
"M10quad_10x10","16866 53285 53283 16881 53284 16880 16879 16855 16878 16873 16874 16876 16872 53289 16867"
"M11quad_0x0","18016 16896 16895 16897 18015 18017 16894 16891 16893 16890 18024 18023 18020"
"M11quad_0x10","18036 18032 18029 53295 18035 18025 18033 53293 18028 18026 18027 18030 18031"
"M11quad_10x0","53302 53299 16899 18011 53297 18010 18001 18034 53296 53300 18002 18013 18003 18008 18005 18007"
"M11quad_10x10","18038 18037 18041 18047 18049 53291 53312 53314 18009 53308 53313 18052 53292 53306 53303 18051 53305"
"M12quad_0x0","18063 18064 18062 18061 18059 18060 18077 53321 18069 18071 18073 18068 18072 18066"
"M12quad_0x10","18104 18105 18082 18096 18106 18092 18094 18098 18097 18103 18095 18101 53315 18093 53316 18107 18078 53319 53317 18108 18084 18087 18083"
"M12quad_10x0","18145 53326 18147 18148 18136 18056 18139 18141 18142 18144 18055 53329 18140 18058 18053 18081 53324 18057 18074 53327"
"M12quad_10x10","18117 18130 18127 18111 18125 18122 18126 18135 18091 53332 18116 18124 18128 18118 18134 18090 53331 18112 18113 18089 18120"
"M13quad_0x0","18180 18181 18157 18160 18153 18156 18161 18154 18177 18186 53342 18179 20152224"
"M13quad_0x10","18190 18309 18310 18189 20152222 18302 53341 18187 18198 18191 18193 18194 18313 18317 18303 18304 18305 18199 18183 18314 18184 18318 18306 18319"
"M13quad_10x0","53337 53335 53334 53336 18162 18182 20152223 18200 18347 18172 18163 18167 18164 18171 18345 18173 18333 18168 18169 18349"
"M13quad_10x10","18334 18321 18340 18344 18329 18338 18342 53339 53340 18339 18326 18335 18325 18337 18332 18331 18323 18324 18322"
"M14quad_0x0","18395 18396 18371 18359 18362 18354 18397 18367 18369 18361 18366 18355 18360 18357 18368 18358 51300 18399 18363 18365 18351"
"M14quad_0x10","18720 53355 18723 18702 18704 53356 18722 18707 18724 51301 18706 53351 18709 18728 18711 18727"
"M14quad_10x0","18393 18391 18373 53346 18703 18376 18389 18374 18375 18394 18372 18377 18386 18378 18383 18384 18381"
"M14quad_10x10","18718 18388 18738 53349 18387 18730 53345 18739 18735 18736 18737 18715 18717 18742 18714 18745 18712 18744"
"M15quad_0x0","18759 18763 18771 18792 18769 18767 18765 18760 18761 18764 18776 18772 18768 18775 18774"
"M15quad_0x10","23210 23207 23206 18795 18789 23208 18788 18797 18793 23203 53367 18796 18799 23205 51299 18785 18787 53366 53365 53361 53364"
"M15quad_10x0","18747 18751 18750 18746 18757 18755 53362 53363 18782 18777 18780"
"M15quad_10x10","23214 23222 23212 23223 23215 23220 23219 23224 23216 23218 18784"
"N00quad_0x0","21747 21762 21750 21759 21751 21754 53597 21765 21758 21748 21761 21763 21760 53596"
"N00quad_0x10","21795 53593 53595 21797 20504 21799 20502 53592 53588 20503 53591 53589 21770 21767 21769 21768 53594"
"N00quad_10x0","21757 21752 21753 21779 21777 21773 21774 21778"
"N00quad_10x10","21786 21785 21794 21792 21784 21790 21787 21788 21783"
"N01quad_0x0","20528 20529 20506 53574 20539 20513 20512 20508 20516 20517 53573 53572 20511 20510 20507"
"N01quad_0x10","20534 20576 20538 20541 20575 20578 20536 20581 20535 20540 20542 53584 53576 53583 20580 53578 20573 53577"
"N01quad_10x0","20521 20519 20551 20522 20524 20525 20530 20531 20518 20546 20532 20533 20523"
"N01quad_10x10","20553 20567 20568 53582 53580 20569 20555 53581 20556 53579 20558 20559 20560 20571 20564 20563 20562"
"N02quad_0x0","20583 20589 53565 20586 20598 53564 20152226 20585 20590 53567 20593 20595 20588 20591 53568 20611 20612 20614"
"N02quad_0x10","20654 20653 53559 53560 53556 20655 53557 20656 20651 53566 20608 20600 20649 20601 20646 20609 20647 53561 20610"
"N02quad_10x0","20618 20629 20626 20630 20620 20615 20622 20628 20624 20617 20621 20619 20152225 53569 53571"
"N02quad_10x10","20642 20640 53558 20599 20634 20637 20633 20641 20605 20635 20604 20632 20639 20636 53570"
"N03quad_0x0","20679 53543 20676 20669 20664 20668 53542 20663 20657 20673 53540 20667 20665 53537 53538 20661 20658 20660"
"N03quad_0x10","20680 20914 53546 53545 20916 53547"
"N03quad_10x0","20670 20692 20691 20689 53549 20682 20695 20693 20697 20671 20683 20700 20696 20686 20687 53539 20672"
"N03quad_10x10","20903 20904 20913 20915 20901 53553 53550 20902 20911 20909 20906 20908 53554 53552 20905 20910 53551"
"N04quad_0x0","20940 20937 20941 20920 20935 53534 53531 20944 20945 20932 53533 53532 53529 20931 20943 20930 20921 20919 20929"
"N04quad_0x10","20952 20977 20979 20953 20978 20954 20997 53530 20957 20946 20998 20950 53526 20948 20999 53527"
"N04quad_10x0","20967 20965 20924 20925 20968 20926 20961 20963 20923 20928 20960 20927"
"N04quad_10x10","20986 20984 20987 53535 20982 20969 20989 20980 20981 20970 20988 51318 53528 20971 20973 20959 20991 20992 20993 20975"
"N05quad_0x0","21425 21434 21419 21424 21000 53515 53516 21416 21438 21423 21412 21421 21422 21406 21408 21410 21411 53517 21417 21402 53514 21407 21414 21415 21405 21403"
"N05quad_0x10","21492 21486 21491 21495 21497 21489 21493 21465 21496 21480 21482 21484 21485 53520 21483 21481 21498 21499 53518"
"N05quad_10x0","21442 21448 21440 21446 21462 21443 21432 21435 21450 21441 21459 21802 21457 21458 21455 21433 21452 21454 53525 21427 21453"
"N05quad_10x10","21463 21476 21472 21470 21471 21473 21460 21487 53524 53522 53523 21477"
"N06quad_0x0","21815 53501 21805 53503 21810 21812 21814 21816 21807 21808 21818 21806 21823 21822 21819 21817"
"N06quad_0x10","21826 21875 21874 21883 21882 21873 21876 21879 21878 53499 53500 21872 20152227 53505 21827 21830 21831 21869 21870 21871 21829 21867"
"N06quad_10x0","53513 21843 21842 21844 21845 21833 21838 21839 21836 21841 21832 21820 21835"
"N06quad_10x10","21856 21863 21855 21865 21864 21861 21860 53512 21858 21852 21853 53508 21854 53506 21849 21850 53511 53509"
"N07quad_0x0","21898 21904 21920 21935 21908 21921 21896 21899 21885 21886 21887 21901 21902 21903 21890 21889 21892 53489 21895 21910 21894 21893"
"N07quad_0x10","21924 21923 21964 21911 21915 21918 51288 21913 21914 21917 53490 21965 21966"
"N07quad_10x0","21938 53496 53495 53497 21930 21929 21932 21948 21937 21931 21943 21946 53498 21944 21941 21942 21953 21954 21951 21952"
"N07quad_10x10","21927 53494 21959 21926 21958 21962 21963 53491 53492 21956 21957 21955"
"N08quad_0x0","53484 22103 21981 21968 21980 21969 53479 21972 21973 21974 53480 53481 21976 21975 22107 22106 22105"
"N08quad_0x10","22138 22137 21986 53482 21987 21983 21984 21985 22134 21988 51298 22133"
"N08quad_10x0","22101 22116 20152228 21998 22113 22114 22115 22119 22118 22110 22112 22109 53487 53488 22108"
"N08quad_10x10","53485 22122 21995 22120 21989 22123 22124 21990 21996 22128 53486 22126 22127 21994 22135 22129 22131 21992"
"N09quad_0x0","22165 22170 22162 53468 53470 22168 22144 22146 22148 22141 22142 53473 22154"
"N09quad_0x10","22177 22236 22235 22234 22175 22173 22171 22179 22238 22174 22172 22182 22178 22184 53469 22232 51296"
"N09quad_10x0","22204 22151 22205 22203 22206 22153 22156 22157 53474 22152 22158 22159 22200 22194 22207 22199 22195 22198 22197"
"N09quad_10x10","53477 22211 22212 22216 22189 22213 22214 22186 22187 22188 22210 53475 53476 22226 22227 22228 22229 22218 22225 22224 22220 22221 22223 22222"
"N10quad_0x0","22296 22239 22252 22251 22254 22260 22257 22274 22293 22250 22240 22242 22259 53459 22248 22243 22245 22275 22244 22246"
"N10quad_0x10","22261 22339 53462 53463 53461 22340 22341 22271 22262 22263 22264 22265 22273 22336 22329 22333 22330 22267 22268 22269 22332 22334"
"N10quad_10x0","22297 22303 22282 22304 22298 22302 53467 22277 22283 22285 22278 22288 22290 22291 53466 22284 22287"
"N10quad_10x10","22309 22308 22305 22306 22323 22325 22326 22301 22311 22314 22319 22320 22315 22316 22317 22328"
"N11quad_0x0","22363 22343 22344 22351 22352 22354 22355 22348 53445 22342 22364 22349 53444 22374 53443 22350 53449 53448"
"N11quad_0x10","22386 22383 22373 22390 22434 22372 22370 22431 22384 22388 22433 22432 53458 22389 22365 22375 22381 53454 22377 22379 53452"
"N11quad_10x0","22392 22395 22405 22407 22409 22357 22358 22361 22408 22396 22398 22399 22356 51307 22360 22401"
"N11quad_10x10","22416 53460 22430 22368 22412 22413 22418 22420 22366 22429 53455 22426 22411 22414 22415 22428 22421 22425"
"N12quad_0x0","22439 22438 22437 22436 53425 22435 22446 22440 22441 22448 22442 22443 22444 22451"
"N12quad_0x10","53428 53430 22459 22462 22460 22510 22511 22509 22461 20152229 22506 22458 22508 22498 22497 22457 22505 22507 22454 22456 22502 22503 22500 22501"
"N12quad_10x0","22474 53441 22471 53436 53440 22450 22452 22470 22467 22468 22453 22466 22465"
"N12quad_10x10","22476 53429 22480 53431 53437 53439 22484 22483 22494 22495 22479 53432 22492 53433 22496 22485 22489 22491 22493 22487 22488"
"N13quad_0x0","22513 22515 22531 22512 22528 22530 22517 22524 22525 22518 53408 53402 53403 53404"
"N13quad_0x10","20152230 22534 53417 53411 22586 22533 22538 22539 22599 22587 22535 22536 22591 22593 22596 22598 22600 22543 22603 22537 53409 53410 22540 22592 22594 22601 53407 53412 22606 22604 22589 22605"
"N13quad_10x0","22558 22553 22555 22556 22559 22554 53420 22551 22552 22549 22566 22521 22548 22564 22522 22523 22560 22562 22563"
"N13quad_10x10","53421 53418 22573 22570 22571 22583 22569 22574 53419 22581 22582 22584 22541 22576 53405 22568 22575 22577 22579 22546 22544 22545 22547 53415"
"N14quad_0x0","22614 22615 22631 53390 22612 22618 22616 22617 22610 22611 53389 22609 53391 53388 22619 22607"
"N14quad_0x10","22627 22629 22628 22630 22639 22637 22686 22644 22643 22638 22626 53393 22634 22642 22685 22682 22636"
"N14quad_10x0","22648 22647 22646 22625 22649 22622 22620 22624 22621 22651 53400 53399 22655 22654"
"N14quad_10x10","22665 22662 22661 22671 22670 22673 22660 22669 53396 22674 51303 22668 53392 22659 22675 22667 22657 22678 22676 53398 22680 22681 22679"
"N15quad_0x0","53371 53372 53374 22687 22719 22724 22690 22691 22727 22720 22721 53370 53377 22702 22729 22692 22694 22730 22697 22698 22696"
"N15quad_0x10","22705 22706 22707 22718 22714 53381 22715 22704 22710 22712 53376 53379 22701 53378 22699 22700 22752 22713 22751"
"N15quad_10x0","22736 22737 22723 22735 22726 22740 22733 53369 22747 22748 22745 53385 22738 22739 22743 22742 53387"
"N15quad_10x10","20152231 22762 22717 22760 22750 22759 22761 22764 22757 22758 20152232 22749 53382 22772 22774 22756 22755 53384 22768 22769 22754 22771 22770 53386"
"O00quad_0x0","51314 23037 23039 23040 23041 23035 53604 23038 23051"
"O00quad_0x10","23043 23055 23056 23059 53602 23054 23046 23066 23052 23069 23063 23061 23067 23064 23065"
"O00quad_10x0","23086 23084 53606 53607 23032 53605 23033 23034 23088 23087"
"O00quad_10x10","23082 53609 53610 23071 23077 23078 23070 23072 23074 23075 23076"
"O01quad_0x0","22996 22988 22989 22968 53618 22970 22987 22986 22976"
"O01quad_0x10","23000 22993 17904 17911 17912 53617 17906 17905 17901 22978 17903"
"O01quad_10x0","22957 22955 22963 22953 22965 22952 22973 22974 53615 22966 22977 53614"
"O01quad_10x10","17915 17916 17920 22983 17913 22984 17919 17914 22980 17917 22979"
"O02quad_0x0","18801 23096 53627 23097 23098 23099 18804 53628 18809 18807 23100 18806"
"O02quad_0x10","53630 18817 53629 18823 18818 18822 18819 18829 53622 18825 18824 18827"
"O02quad_10x0","18845 18846 23092 18855 18821 23093 18852 18848 18850 23091 18849 53625 23089"
"O02quad_10x10","18838 18843 18836 18832 18834 53621 18833 18820 53623 18830"
"O03quad_0x0","17960 17953 53634 17956 17952 17959 17951 17955 17963 17958 17967 17965 17962 17934 17947"
"O03quad_0x10","17972 17973 17968 53640 17974 53639 17979 53638 17976 17948"
"O03quad_10x0","17930 17921 20152233 17926 17937 17925 53632 17933 53633 17929 17935"
"O03quad_10x10","17985 51317 17995 17993 17984 17940 17994 17981 17983 17982 17950 17943 53635 17986 17989 17988 17987 17945"
"O04quad_0x0","18872 18873 53652 18871 18887 18869 18867 18877 53644 18866 18880 18863 18865"
"O04quad_0x10","18631 53642 18607 18630 18626 53650 18633 18605 53643 18878 18634 18632 18882 18879"
"O04quad_10x0","18857 18858 18860 18890 53654 18859 18888 18889 18900 18884 18883"
"O04quad_10x10","18609 18614 18610 18892 53657 18611 18620 18624 18612 53656 53659 18616 18895 53649 53648 18897 53658 18898 18896 18617 18615 18602"
"O05quad_0x0","53670 53664 18216 53669 18232 53665 18233 18231 18229 53667 18221 53668 18227 18225 18226"
"O05quad_0x10","18235 18241 53671 18242 18243 53684 18246 18237 18254 18247 18252 18251 18248 18234"
"O05quad_10x0","53660 17999 18215 17997 18203 18205 53661 53662 18208 18201 18220"
"O05quad_10x10","53681 18261 53679 53680 53678 18210 18262 18259 18239 18256 18207 18245 18211 53674 53673"
"O06quad_0x0","18673 18662 18661 18643 18652 18672 53688 18656 18645 18659 18653 18655 18649 53686 18650 53685 18931 18651 18648 53697 18647"
"O06quad_0x10","18667 18685 18669 18666 53693 53689 53691 18668 18664 18665 53690 18687 18670 18689 18688 18690"
"O06quad_10x0","18675 18635 18680 18915 18678 18638 20152234 18916 18917 18924 18679 53696 18910 20152235 18923 18922 18929 18928 18926 18637 18920"
"O06quad_10x10","18903 18901 18700 18904 18699 18697 18913 18698 18694 18695 18907 18908 18693"
"O07quad_0x0","18299 18415 18414 18297 18295 18300 18404 53711 18292 18293 18294 53709 18412 53712 18291 18403 18401"
"O07quad_0x10","18433 18434 18428 18436 18437 18432 18409 53705 18430 53706 18406 18410 18407 18408"
"O07quad_10x0","18280 18270 53700 18264 18266 18271 18269 53699 18272 53702 18289 18276 18277 18268 18275 53704"
"O07quad_10x10","18282 18284 18286 18416 18285 18420 18288 18424 18422 18426 53703 18423"
"O08quad_0x0","18947 18940 18944 18957 18954 18939 18956 18955 18960 18953 53720 18938"
"O08quad_0x10","53714 18984 18983 18969 18978 18980 18970 18974 18977 18976 18973 18975"
"O08quad_10x0","53716 23803 18966 23801 18936 23802 18964 23804 19000 18963 18932 18933 18999 18967 23807 23806 23805 18972 23808"
"O08quad_10x10","18997 53713 18985 18988 18990 18996 18994 18968 18993"
"O09quad_0x0","18479 18474 53724 18473 18475 53735 53734"
"O09quad_0x10","53730 53729 18483 18514 18495 18492 18477 18476 18488 18491 18490 18494 18493 53733 18500 18487 18501"
"O09quad_10x0","18478 18454 18449 18448 18441 18455 18459 18461 53723 18451 18456 18442 18452 53725 18445"
"O09quad_10x10","18466 18512 18506 18464 18508 18504 18499 53726 18463 18511 18503 18502"
"O10quad_0x0","23837 23831 23832 23836 23813 23815 23816 23817 23819 23820 23829 23838 23840"
"O10quad_0x10","53736 53737 23842 23846 23847 23852 23855 23857 23858 23860 23861 23862 23866 23867"
"O10quad_10x0","24006 24005 24007 24003 23898 24001 23825 23826 23827 23828 53742 23848 23849 23850"
"O10quad_10x10","23882 23897 23865 23870 23871 23873 23874 23875 23876 23878 23879 23880 20152236 23883 23884 23886 23887 23888 23889 23890 23891 23894 23895 23896"
"O11quad_0x0","18560 18571 18572 18561 18562 18564 18574 18570 18524 20152237 53752 20152238 18567 53744 18575 18579 18580 18576 18566 53751 18577"
"O11quad_0x10","18555 53748 18554 18594 18589 18553 23503 18585 18595 18600 23502 18597 18596 18590 18591"
"O11quad_10x0","18522 18538 18521 18537 18534 18519 18535 18515 18536 18518 53745 18530 18516 18531 18525 18526 18528 18523"
"O11quad_10x10","18539 23513 18540 18542 23504 23517 23512 18543 18541 23510 23511 23509 23508 18544 18549 18545 18548"
"O12quad_0x0","23008 23007 23013 23005 23002 23011 23012 23001 23496 23498 23499 23500 23014 23468 23469 23471 23494 23492 23493 53761 53762"
"O12quad_0x10","23021 53755 23019 23020 53754 23022 23017 23018 23023 23025 53757 53759 53756 23436 23440 23441 23437 23439"
"O12quad_10x0","23461 23484 23485 23480 23477 23497 23455 23459 23475 23462 53764 23472 23473 23476 53766 53767 23458 23488 23486"
"O12quad_10x10","23447 23454 23446 23432 53768 53770 53771 23431 23448 23449 23457 23442 23430 23422 23434 23421 23435 23444 23453 23423 23425"
"O13quad_0x0","22904 22871 22874 22872 22870 22887 22876 22865 22866 22868 22902 22901 22886 53775 22880 22878 53781 22882 22898"
"O13quad_0x10","20152239 22950 22949 22951 22948 53783 22946 22883"
"O13quad_10x0","22923 22922 22918 22917 22920 22906 22907 22916 53776 22911 22908 22909 53773 22912 22913 53774 22897 22896"
"O13quad_10x10","22925 22938 22926 22927 22933 22939 22936 22940 53777 22928 22932 22888 22937 22891 22892 22943 22930 53780 22889 22895 22894"
"O14quad_0x0","23243 23244 51310 53792 23236 23238 23239 23240 23401 23235 53789 23229 23230 23231 23232 23233 23234 23248 23246 23247 23254"
"O14quad_0x10","51312 23245 23263 23256 23258 23259 23260 23261 53788 53790 23270 23271 23272 23251 23252 23253 23267 23264 23268 23269"
"O14quad_10x0","53795 53793 53794 23404 23410 23411 23402 23408 23409 53784 23412 23413 23415 23417 23418 53796 23286 23287"
"O14quad_10x10","53799 23289 23292 23293 23295 23296 23297 23298 23299 20152240 23278 23280 23283 23284 23285 23273 23276 23275 23277"
"O15quad_0x0","22858 22857 22845 22795 22859 22860 22847 22846 22798 22799 22801 22862 22863 22864 22849 22851"
"O15quad_0x10","22781 22780 53809 22782 22779 22777 22783 22775 22776 53810 53811 22784 22790 22791 22793 22788 22808 22786 22787 22785"
"O15quad_10x0","22794 22841 22843 53800 53805 53803 22855 22805 22830 22832 53801 53802 22839 22842 22804 22838 22831 22833 22834"
"O15quad_10x10","22824 22825 22826 22822 53807 53808 20152241 22807 22820 53806 22818 22819 22806 22809 22817 22810 22814 22812 22815"
"Z00quad_0x0","10078 10077 10089 10034 10033 10035 10064 10054 10059 10065 10060 10056 10057 10058 10063 10069 54269 10072 54265 54268 10053"
"Z00quad_0x10","10095 10088 10082 10087 51326 10079 10085 10067 10086 10081 10100 10076 10103 10101"
"Z00quad_10x0","10036 10032 10027 10025 10023 51327 10037 10026 10043 10040"
"Z00quad_10x10","10099 10097 10098 10114 10106 10104 10102 10045 54260 10113 10048 10108"
"Z01quad_0x0","10122 10173 10179 10118 54258 10162 10117 10130 10182 10157 10158 10155 10161 10126 54259 10123 54246 10163 10164 10168"
"Z01quad_0x10","54257 10174 10175 10176 54250 54252 10171 10192 54256 54253 54254 54249 10169 10185 10189 10183"
"Z01quad_10x0","10136 54244 10133 10115 10116 10137 10144 10119 10147 54247 10145"
"Z01quad_10x10","10200 10194 10196 10198 54248 10306 10195 10150"
"Z02quad_0x0","54239 54238 54262 10383 10380 54241 10356 10345 10347 54233 10362 10359 10379 10348 10326"
"Z02quad_0x10","10375 10373 10372 10369 10368 10371 54231 10366 10367 10376 10378 10377"
"Z02quad_10x0","10318 10338 10319 10332 54216 10317 10315 54219 10334 54220 10314 54221 10316 10322 10311 10324 10313 54218 10308 20152242 20152243"
"Z02quad_10x10","10388 54224 10393 10333 54223 10387 54222 10386 10342 54225 54229 54227"
"Z03quad_0x0","10235 10399 10246 10232 51328 10264 10229 10233 10228 10225 10223 10242 10208 54215 10256 10206 10231 10224 10294 10292 10204"
"Z03quad_0x10","54208 10271 10263 10270 10260 10258 10240 10262 10257 10253 10274 10241 10254 51329 10275 10266 10255 54213 10269 10276"
"Z03quad_10x0","10247 10396 54201 10395 10214 54203 54099 10207 10210"
"Z03quad_10x10","10273 54210 54207 10291 10285 54205 10284 10282 10287 10249 54211 10279 10281 10250 10211 10277"
"Z04quad_0x0","10434 10433 10432 10431 10435 10483 10501 10453 10467 10411 10418 10502 10441 10452 10445 54078 10406 10451 10439 20152244 10482 10444 10299 10454 10460 10403 10297 10402 10457"
"Z04quad_0x10","10470 10464 10465 10477 54091 10487 10476 54096 54093 10472 54097 10488 10473 54095 10478"
"Z04quad_10x0","54081 54082 54080 10409 10408 10405 54076 10296 10410 54083 10420 54075 54084"
"Z04quad_10x10","10489 10492 10490 54090 464 54086 10426 10494 10425 10424 10497 10423 54087 10422"
"Z05quad_0x0","10571 54052 10575 54070 10569 10568 54074 10570 54051 54055 10525 10529 10522 10537 54053 10545"
"Z05quad_0x10","10566 10556 10550 54067 10551 10554 54068 54063 54066 10549 10552 10563 54069"
"Z05quad_10x0","10578 54054 54056 10506 10517 10515 54045 10521 51330 10516 54047 20152245 10547 54046 10514 54042 10513"
"Z05quad_10x10","10577 10579 54064 10576 54061 54048 51331 54059 54060"
"Z06quad_0x0","54037 10619 54040 10615 10622 10595 10618 10617 10596 10614 54039 10620 10626 10623 10656 10629 51333 10657 10664 10628 54035 51332"
"Z06quad_0x10","10643 10641 10633 10639 10646 10631 10630 10642 10648 10645 54034 54033 10651 10640"
"Z06quad_10x0","10588 10590 10606 10591 54020 10584 10583 10589 10603 54022 10586"
"Z06quad_10x10","10654 54021 10611 54026 10659 10661 10601 54027 54029 10609 54032 54025 10663 10600 10602 10599 10662"
"Z07quad_0x0","10708 10701 10696 10684 54006 10706 10695 10700 10702 10704 54004 10697 10705 10694 10693 10673 10736 20152248"
"Z07quad_0x10","10714 10715 10712 20152246 10722 10731 10717 54011 10716 10724 54018 54010 10720 10721 10725 10719"
"Z07quad_10x0","54019 10681 54003 10686 10671 10670 10680 54200 20152247 10692 10667"
"Z07quad_10x10","54013 54014 54012 10678 10677 54015 10727 10741 10729 10728 10676 10737 10738 10687 10739 10688 54009"
"Z08quad_0x0","10793 10751 10754 54197 10791 10752 10753 54196 10789 10792 10784 10786 10785 10797 10783 10787"
"Z08quad_0x10","54195 10805 54192 10804 54190 54191 54193 54189 10798 10818 10815 10802 10816 10800"
"Z08quad_10x0","10779 10750 10780 10757 10747 10777 54178 10762 10761 10755 10760 54179 10744 20152249 10758 10776 54177 10745 54180 54181"
"Z08quad_10x10","10839 10771 10837 10842 10825 10772 54186 10823 10765 54183 10826 10836 10822 10770 10768 54187 10766 10833"
"Z09quad_0x0","3048 3041 3046 3043 3047 3055 3138 3077 3054 3050 3112 3095 3084 3076 3056 3123 54175 3051 3070 3066 3116 3094 3087 3060 54172 3061 54174 3058 3107 54171 3057 3104"
"Z09quad_0x10","3092 3101 3086 54161 3118 3085 3093 3113 3080 3089 3075 3079 3100 3083 54165 3110 3109 3097 3106 3103 54170 3119"
"Z09quad_10x0","54155 54159 3145 54157 3151 54153 54156 54158 3146"
"Z09quad_10x10","3134 3135 3130 3124 3143 54167 3125 3122 3120"
"Z10quad_0x0","54148 54149 3020 3028 3024 2966 2981 3019 2969 2972 54136 2940 2945 54137 3029 2953 2955 54150 2943 2952"
"Z10quad_0x10","54147 2970 2974"
"Z10quad_10x0","3017 3022 54143 3023 3010 3016 3025 2938 51324 3015 2941 54135 54140 3008 2975 3007 3005 54133 3003 3032"
"Z10quad_10x10","2996 2986 54146 54145 54138 2993 3012 2998 2990 2992 20152250 3000 54144"
"Z11quad_0x0","2878 2919 2873 2864 2865 2924 20152251 20152252 2935 54132 2867 2877 2876 2872 2857 2860 2853 2850 2898"
"Z11quad_0x10","2888 2885 2883 2866 2892 2881 54130 54129 2897 54128 2852 2869 54124 54126 2894 54123 54127 54125"
"Z11quad_10x0","2843 2928 2930 54101 2933 2844 2934 54102 51323 54111 54108 2845"
"Z11quad_10x10","2915 2906 54110 2916 2908 2911 2917 54113 2921 54109 2903 2899 2912 54122 54119 54114 54118"
"Z12quad_0x0","53918 2629 2841 2661 53913 2634 2636 2840 2659 2641 2824 2679 53919 2802 2815 2666 53916 2651 2647 51322 2650 53914 2643 2649"
"Z12quad_0x10","2683 53910 2691 53912 2674 2693 2680 2692 2690 2663 2686 2676 2677 2670 2665 2667"
"Z12quad_10x0","53906 2631 2630 2832 2838 2837 2839 2836 2834 53900 2626 2833 2685 53905 2627 53901"
"Z12quad_10x10","2669 2821 53907 53909 53908 2700 2696 2819 2817 2807 2814 2813 2809 2805"
"Z13quad_0x0","5730 5736 5724 5734 5722 53877 5728 5726 5721 5729 53894 5732 53889 5733 5767 53893 5755 5743 53895 53897 5744 5745"
"Z13quad_0x10","5782 53885 53884 5758 5783 5757 53886 5771 5780 5774 5779 5759 5776 5770 5760 53888 53891 5761"
"Z13quad_10x0","5741 5737 5738 5785 53875 2611 2615 2605 2608 2625 2616 2607 2621 53874"
"Z13quad_10x10","53880 5790 5765 5800 53879 2609 53878 5799 53882 5794 5787 2602 5792 5798 5797"
"Z14quad_0x0","5680 5641 5695 5654 5652 20152255 51321 5694 5635 5638 5648 53872 20152254 5651 5692 5653 5644 5678 53873 5632 53871 5643"
"Z14quad_0x10","5671 5675 5673 5668 53870 5666 53864 53869 5664 5679 5672 53867 53866"
"Z14quad_10x0","53845 20152253 53848 5629 53856 53845 53843 53857 5630 5716 5710 53855 5713 53849"
"Z14quad_10x10","53863 53854 53862 53861 53858 5682 5687 5693 5702 5704"
"Z15quad_0x0","53838 5143 53840 5154 5144 5162 53842 53841 5126 5200 53839 5160 5124 5609 5604 5191 5132 5197"
"Z15quad_0x10","5155 53830 53837 5157 5178 5168 5177 53836 5159 53829 5172 5175"
"Z15quad_10x0","5624 53821 5138 20152256 5135 53822"
"Z15quad_10x10","5618 5616 51319 53827 53828 53833 5188 5196 5610 53826 5192 5199 5602 5608 5603 5601 5189 5614 5606"
